The system is: Linux - 4.19.91-c8dfc93.al7.x86_64 - x86_64
Compiling the C compiler identification source file "CMakeCCompilerId.c" succeeded.
Compiler: /usr/bin/cc 
Build flags: 
Id flags:  

The output was:
0


Compilation of the C compiler identification source "CMakeCCompilerId.c" produced "a.out"

The C compiler identification is GNU, found in "/workspace/build/CMakeFiles/3.25.1/CompilerIdC/a.out"

Compiling the CXX compiler identification source file "CMakeCXXCompilerId.cpp" succeeded.
Compiler: /usr/bin/c++ 
Build flags: 
Id flags:  

The output was:
0


Compilation of the CXX compiler identification source "CMakeCXXCompilerId.cpp" produced "a.out"

The CXX compiler identification is GNU, found in "/workspace/build/CMakeFiles/3.25.1/CompilerIdCXX/a.out"

Detecting C compiler ABI info compiled with the following output:
Change Dir: /workspace/build/CMakeFiles/CMakeScratch/TryCompile-XAJYES

Run Build Command(s):/usr/bin/gmake -f Makefile cmTC_39c64/fast && /usr/bin/gmake  -f CMakeFiles/cmTC_39c64.dir/build.make CMakeFiles/cmTC_39c64.dir/build
gmake[1]: Entering directory '/workspace/build/CMakeFiles/CMakeScratch/TryCompile-XAJYES'
Building C object CMakeFiles/cmTC_39c64.dir/CMakeCCompilerABI.c.o
/usr/bin/cc   -v -o CMakeFiles/cmTC_39c64.dir/CMakeCCompilerABI.c.o -c /usr/share/cmake-3.25/Modules/CMakeCCompilerABI.c
Using built-in specs.
COLLECT_GCC=/usr/bin/cc
OFFLOAD_TARGET_NAMES=nvptx-none:amdgcn-amdhsa
OFFLOAD_TARGET_DEFAULT=1
Target: x86_64-linux-gnu
Configured with: ../src/configure -v --with-pkgversion='Debian 12.2.0-14+deb12u1' --with-bugurl=file:///usr/share/doc/gcc-12/README.Bugs --enable-languages=c,ada,c++,go,d,fortran,objc,obj-c++,m2 --prefix=/usr --with-gcc-major-version-only --program-suffix=-12 --program-prefix=x86_64-linux-gnu- --enable-shared --enable-linker-build-id --libexecdir=/usr/lib --without-included-gettext --enable-threads=posix --libdir=/usr/lib --enable-nls --enable-clocale=gnu --enable-libstdcxx-debug --enable-libstdcxx-time=yes --with-default-libstdcxx-abi=new --enable-gnu-unique-object --disable-vtable-verify --enable-plugin --enable-default-pie --with-system-zlib --enable-libphobos-checking=release --with-target-system-zlib=auto --enable-objc-gc=auto --enable-multiarch --disable-werror --enable-cet --with-arch-32=i686 --with-abi=m64 --with-multilib-list=m32,m64,mx32 --enable-multilib --with-tune=generic --enable-offload-targets=nvptx-none=/build/reproducible-path/gcc-12-12.2.0/debian/tmp-nvptx/usr,amdgcn-amdhsa=/build/reproducible-path/gcc-12-12.2.0/debian/tmp-gcn/usr --enable-offload-defaulted --without-cuda-driver --enable-checking=release --build=x86_64-linux-gnu --host=x86_64-linux-gnu --target=x86_64-linux-gnu
Thread model: posix
Supported LTO compression algorithms: zlib zstd
gcc version 12.2.0 (Debian 12.2.0-14+deb12u1) 
COLLECT_GCC_OPTIONS='-v' '-o' 'CMakeFiles/cmTC_39c64.dir/CMakeCCompilerABI.c.o' '-c' '-mtune=generic' '-march=x86-64' '-dumpdir' 'CMakeFiles/cmTC_39c64.dir/'
 /usr/lib/gcc/x86_64-linux-gnu/12/cc1 -quiet -v -imultiarch x86_64-linux-gnu /usr/share/cmake-3.25/Modules/CMakeCCompilerABI.c -quiet -dumpdir CMakeFiles/cmTC_39c64.dir/ -dumpbase CMakeCCompilerABI.c.c -dumpbase-ext .c -mtune=generic -march=x86-64 -version -fasynchronous-unwind-tables -o /tmp/cc6aMxcK.s
GNU C17 (Debian 12.2.0-14+deb12u1) version 12.2.0 (x86_64-linux-gnu)
	compiled by GNU C version 12.2.0, GMP version 6.2.1, MPFR version 4.2.0, MPC version 1.3.1, isl version isl-0.25-GMP

GGC heuristics: --param ggc-min-expand=100 --param ggc-min-heapsize=131072
ignoring nonexistent directory "/usr/local/include/x86_64-linux-gnu"
ignoring nonexistent directory "/usr/lib/gcc/x86_64-linux-gnu/12/include-fixed"
ignoring nonexistent directory "/usr/lib/gcc/x86_64-linux-gnu/12/../../../../x86_64-linux-gnu/include"
#include "..." search starts here:
#include <...> search starts here:
 /usr/lib/gcc/x86_64-linux-gnu/12/include
 /usr/local/include
 /usr/include/x86_64-linux-gnu
 /usr/include
End of search list.
GNU C17 (Debian 12.2.0-14+deb12u1) version 12.2.0 (x86_64-linux-gnu)
	compiled by GNU C version 12.2.0, GMP version 6.2.1, MPFR version 4.2.0, MPC version 1.3.1, isl version isl-0.25-GMP

GGC heuristics: --param ggc-min-expand=100 --param ggc-min-heapsize=131072
Compiler executable checksum: df5cb71f7b1353aac39c2b59ae45fa4a
COLLECT_GCC_OPTIONS='-v' '-o' 'CMakeFiles/cmTC_39c64.dir/CMakeCCompilerABI.c.o' '-c' '-mtune=generic' '-march=x86-64' '-dumpdir' 'CMakeFiles/cmTC_39c64.dir/'
 as -v --64 -o CMakeFiles/cmTC_39c64.dir/CMakeCCompilerABI.c.o /tmp/cc6aMxcK.s
GNU assembler version 2.40 (x86_64-linux-gnu) using BFD version (GNU Binutils for Debian) 2.40
COMPILER_PATH=/usr/lib/gcc/x86_64-linux-gnu/12/:/usr/lib/gcc/x86_64-linux-gnu/12/:/usr/lib/gcc/x86_64-linux-gnu/:/usr/lib/gcc/x86_64-linux-gnu/12/:/usr/lib/gcc/x86_64-linux-gnu/
LIBRARY_PATH=/usr/lib/gcc/x86_64-linux-gnu/12/:/usr/lib/gcc/x86_64-linux-gnu/12/../../../x86_64-linux-gnu/:/usr/lib/gcc/x86_64-linux-gnu/12/../../../../lib/:/lib/x86_64-linux-gnu/:/lib/../lib/:/usr/lib/x86_64-linux-gnu/:/usr/lib/../lib/:/usr/lib/gcc/x86_64-linux-gnu/12/../../../:/lib/:/usr/lib/
COLLECT_GCC_OPTIONS='-v' '-o' 'CMakeFiles/cmTC_39c64.dir/CMakeCCompilerABI.c.o' '-c' '-mtune=generic' '-march=x86-64' '-dumpdir' 'CMakeFiles/cmTC_39c64.dir/CMakeCCompilerABI.c.'
Linking C executable cmTC_39c64
/usr/bin/cmake -E cmake_link_script CMakeFiles/cmTC_39c64.dir/link.txt --verbose=1
/usr/bin/cc  -v CMakeFiles/cmTC_39c64.dir/CMakeCCompilerABI.c.o -o cmTC_39c64 
Using built-in specs.
COLLECT_GCC=/usr/bin/cc
COLLECT_LTO_WRAPPER=/usr/lib/gcc/x86_64-linux-gnu/12/lto-wrapper
OFFLOAD_TARGET_NAMES=nvptx-none:amdgcn-amdhsa
OFFLOAD_TARGET_DEFAULT=1
Target: x86_64-linux-gnu
Configured with: ../src/configure -v --with-pkgversion='Debian 12.2.0-14+deb12u1' --with-bugurl=file:///usr/share/doc/gcc-12/README.Bugs --enable-languages=c,ada,c++,go,d,fortran,objc,obj-c++,m2 --prefix=/usr --with-gcc-major-version-only --program-suffix=-12 --program-prefix=x86_64-linux-gnu- --enable-shared --enable-linker-build-id --libexecdir=/usr/lib --without-included-gettext --enable-threads=posix --libdir=/usr/lib --enable-nls --enable-clocale=gnu --enable-libstdcxx-debug --enable-libstdcxx-time=yes --with-default-libstdcxx-abi=new --enable-gnu-unique-object --disable-vtable-verify --enable-plugin --enable-default-pie --with-system-zlib --enable-libphobos-checking=release --with-target-system-zlib=auto --enable-objc-gc=auto --enable-multiarch --disable-werror --enable-cet --with-arch-32=i686 --with-abi=m64 --with-multilib-list=m32,m64,mx32 --enable-multilib --with-tune=generic --enable-offload-targets=nvptx-none=/build/reproducible-path/gcc-12-12.2.0/debian/tmp-nvptx/usr,amdgcn-amdhsa=/build/reproducible-path/gcc-12-12.2.0/debian/tmp-gcn/usr --enable-offload-defaulted --without-cuda-driver --enable-checking=release --build=x86_64-linux-gnu --host=x86_64-linux-gnu --target=x86_64-linux-gnu
Thread model: posix
Supported LTO compression algorithms: zlib zstd
gcc version 12.2.0 (Debian 12.2.0-14+deb12u1) 
COMPILER_PATH=/usr/lib/gcc/x86_64-linux-gnu/12/:/usr/lib/gcc/x86_64-linux-gnu/12/:/usr/lib/gcc/x86_64-linux-gnu/:/usr/lib/gcc/x86_64-linux-gnu/12/:/usr/lib/gcc/x86_64-linux-gnu/
LIBRARY_PATH=/usr/lib/gcc/x86_64-linux-gnu/12/:/usr/lib/gcc/x86_64-linux-gnu/12/../../../x86_64-linux-gnu/:/usr/lib/gcc/x86_64-linux-gnu/12/../../../../lib/:/lib/x86_64-linux-gnu/:/lib/../lib/:/usr/lib/x86_64-linux-gnu/:/usr/lib/../lib/:/usr/lib/gcc/x86_64-linux-gnu/12/../../../:/lib/:/usr/lib/
COLLECT_GCC_OPTIONS='-v' '-o' 'cmTC_39c64' '-mtune=generic' '-march=x86-64' '-dumpdir' 'cmTC_39c64.'
 /usr/lib/gcc/x86_64-linux-gnu/12/collect2 -plugin /usr/lib/gcc/x86_64-linux-gnu/12/liblto_plugin.so -plugin-opt=/usr/lib/gcc/x86_64-linux-gnu/12/lto-wrapper -plugin-opt=-fresolution=/tmp/ccw9UDbA.res -plugin-opt=-pass-through=-lgcc -plugin-opt=-pass-through=-lgcc_s -plugin-opt=-pass-through=-lc -plugin-opt=-pass-through=-lgcc -plugin-opt=-pass-through=-lgcc_s --build-id --eh-frame-hdr -m elf_x86_64 --hash-style=gnu --as-needed -dynamic-linker /lib64/ld-linux-x86-64.so.2 -pie -o cmTC_39c64 /usr/lib/gcc/x86_64-linux-gnu/12/../../../x86_64-linux-gnu/Scrt1.o /usr/lib/gcc/x86_64-linux-gnu/12/../../../x86_64-linux-gnu/crti.o /usr/lib/gcc/x86_64-linux-gnu/12/crtbeginS.o -L/usr/lib/gcc/x86_64-linux-gnu/12 -L/usr/lib/gcc/x86_64-linux-gnu/12/../../../x86_64-linux-gnu -L/usr/lib/gcc/x86_64-linux-gnu/12/../../../../lib -L/lib/x86_64-linux-gnu -L/lib/../lib -L/usr/lib/x86_64-linux-gnu -L/usr/lib/../lib -L/usr/lib/gcc/x86_64-linux-gnu/12/../../.. CMakeFiles/cmTC_39c64.dir/CMakeCCompilerABI.c.o -lgcc --push-state --as-needed -lgcc_s --pop-state -lc -lgcc --push-state --as-needed -lgcc_s --pop-state /usr/lib/gcc/x86_64-linux-gnu/12/crtendS.o /usr/lib/gcc/x86_64-linux-gnu/12/../../../x86_64-linux-gnu/crtn.o
COLLECT_GCC_OPTIONS='-v' '-o' 'cmTC_39c64' '-mtune=generic' '-march=x86-64' '-dumpdir' 'cmTC_39c64.'
gmake[1]: Leaving directory '/workspace/build/CMakeFiles/CMakeScratch/TryCompile-XAJYES'



Parsed C implicit include dir info from above output: rv=done
  found start of include info
  found start of implicit include info
    add: [/usr/lib/gcc/x86_64-linux-gnu/12/include]
    add: [/usr/local/include]
    add: [/usr/include/x86_64-linux-gnu]
    add: [/usr/include]
  end of search list found
  collapse include dir [/usr/lib/gcc/x86_64-linux-gnu/12/include] ==> [/usr/lib/gcc/x86_64-linux-gnu/12/include]
  collapse include dir [/usr/local/include] ==> [/usr/local/include]
  collapse include dir [/usr/include/x86_64-linux-gnu] ==> [/usr/include/x86_64-linux-gnu]
  collapse include dir [/usr/include] ==> [/usr/include]
  implicit include dirs: [/usr/lib/gcc/x86_64-linux-gnu/12/include;/usr/local/include;/usr/include/x86_64-linux-gnu;/usr/include]


Parsed C implicit link information from above output:
  link line regex: [^( *|.*[/\])(ld|CMAKE_LINK_STARTFILE-NOTFOUND|([^/\]+-)?ld|collect2)[^/\]*( |$)]
  ignore line: [Change Dir: /workspace/build/CMakeFiles/CMakeScratch/TryCompile-XAJYES]
  ignore line: []
  ignore line: [Run Build Command(s):/usr/bin/gmake -f Makefile cmTC_39c64/fast && /usr/bin/gmake  -f CMakeFiles/cmTC_39c64.dir/build.make CMakeFiles/cmTC_39c64.dir/build]
  ignore line: [gmake[1]: Entering directory '/workspace/build/CMakeFiles/CMakeScratch/TryCompile-XAJYES']
  ignore line: [Building C object CMakeFiles/cmTC_39c64.dir/CMakeCCompilerABI.c.o]
  ignore line: [/usr/bin/cc   -v -o CMakeFiles/cmTC_39c64.dir/CMakeCCompilerABI.c.o -c /usr/share/cmake-3.25/Modules/CMakeCCompilerABI.c]
  ignore line: [Using built-in specs.]
  ignore line: [COLLECT_GCC=/usr/bin/cc]
  ignore line: [OFFLOAD_TARGET_NAMES=nvptx-none:amdgcn-amdhsa]
  ignore line: [OFFLOAD_TARGET_DEFAULT=1]
  ignore line: [Target: x86_64-linux-gnu]
  ignore line: [Configured with: ../src/configure -v --with-pkgversion='Debian 12.2.0-14+deb12u1' --with-bugurl=file:///usr/share/doc/gcc-12/README.Bugs --enable-languages=c ada c++ go d fortran objc obj-c++ m2 --prefix=/usr --with-gcc-major-version-only --program-suffix=-12 --program-prefix=x86_64-linux-gnu- --enable-shared --enable-linker-build-id --libexecdir=/usr/lib --without-included-gettext --enable-threads=posix --libdir=/usr/lib --enable-nls --enable-clocale=gnu --enable-libstdcxx-debug --enable-libstdcxx-time=yes --with-default-libstdcxx-abi=new --enable-gnu-unique-object --disable-vtable-verify --enable-plugin --enable-default-pie --with-system-zlib --enable-libphobos-checking=release --with-target-system-zlib=auto --enable-objc-gc=auto --enable-multiarch --disable-werror --enable-cet --with-arch-32=i686 --with-abi=m64 --with-multilib-list=m32 m64 mx32 --enable-multilib --with-tune=generic --enable-offload-targets=nvptx-none=/build/reproducible-path/gcc-12-12.2.0/debian/tmp-nvptx/usr amdgcn-amdhsa=/build/reproducible-path/gcc-12-12.2.0/debian/tmp-gcn/usr --enable-offload-defaulted --without-cuda-driver --enable-checking=release --build=x86_64-linux-gnu --host=x86_64-linux-gnu --target=x86_64-linux-gnu]
  ignore line: [Thread model: posix]
  ignore line: [Supported LTO compression algorithms: zlib zstd]
  ignore line: [gcc version 12.2.0 (Debian 12.2.0-14+deb12u1) ]
  ignore line: [COLLECT_GCC_OPTIONS='-v' '-o' 'CMakeFiles/cmTC_39c64.dir/CMakeCCompilerABI.c.o' '-c' '-mtune=generic' '-march=x86-64' '-dumpdir' 'CMakeFiles/cmTC_39c64.dir/']
  ignore line: [ /usr/lib/gcc/x86_64-linux-gnu/12/cc1 -quiet -v -imultiarch x86_64-linux-gnu /usr/share/cmake-3.25/Modules/CMakeCCompilerABI.c -quiet -dumpdir CMakeFiles/cmTC_39c64.dir/ -dumpbase CMakeCCompilerABI.c.c -dumpbase-ext .c -mtune=generic -march=x86-64 -version -fasynchronous-unwind-tables -o /tmp/cc6aMxcK.s]
  ignore line: [GNU C17 (Debian 12.2.0-14+deb12u1) version 12.2.0 (x86_64-linux-gnu)]
  ignore line: [	compiled by GNU C version 12.2.0  GMP version 6.2.1  MPFR version 4.2.0  MPC version 1.3.1  isl version isl-0.25-GMP]
  ignore line: []
  ignore line: [GGC heuristics: --param ggc-min-expand=100 --param ggc-min-heapsize=131072]
  ignore line: [ignoring nonexistent directory "/usr/local/include/x86_64-linux-gnu"]
  ignore line: [ignoring nonexistent directory "/usr/lib/gcc/x86_64-linux-gnu/12/include-fixed"]
  ignore line: [ignoring nonexistent directory "/usr/lib/gcc/x86_64-linux-gnu/12/../../../../x86_64-linux-gnu/include"]
  ignore line: [#include "..." search starts here:]
  ignore line: [#include <...> search starts here:]
  ignore line: [ /usr/lib/gcc/x86_64-linux-gnu/12/include]
  ignore line: [ /usr/local/include]
  ignore line: [ /usr/include/x86_64-linux-gnu]
  ignore line: [ /usr/include]
  ignore line: [End of search list.]
  ignore line: [GNU C17 (Debian 12.2.0-14+deb12u1) version 12.2.0 (x86_64-linux-gnu)]
  ignore line: [	compiled by GNU C version 12.2.0  GMP version 6.2.1  MPFR version 4.2.0  MPC version 1.3.1  isl version isl-0.25-GMP]
  ignore line: []
  ignore line: [GGC heuristics: --param ggc-min-expand=100 --param ggc-min-heapsize=131072]
  ignore line: [Compiler executable checksum: df5cb71f7b1353aac39c2b59ae45fa4a]
  ignore line: [COLLECT_GCC_OPTIONS='-v' '-o' 'CMakeFiles/cmTC_39c64.dir/CMakeCCompilerABI.c.o' '-c' '-mtune=generic' '-march=x86-64' '-dumpdir' 'CMakeFiles/cmTC_39c64.dir/']
  ignore line: [ as -v --64 -o CMakeFiles/cmTC_39c64.dir/CMakeCCompilerABI.c.o /tmp/cc6aMxcK.s]
  ignore line: [GNU assembler version 2.40 (x86_64-linux-gnu) using BFD version (GNU Binutils for Debian) 2.40]
  ignore line: [COMPILER_PATH=/usr/lib/gcc/x86_64-linux-gnu/12/:/usr/lib/gcc/x86_64-linux-gnu/12/:/usr/lib/gcc/x86_64-linux-gnu/:/usr/lib/gcc/x86_64-linux-gnu/12/:/usr/lib/gcc/x86_64-linux-gnu/]
  ignore line: [LIBRARY_PATH=/usr/lib/gcc/x86_64-linux-gnu/12/:/usr/lib/gcc/x86_64-linux-gnu/12/../../../x86_64-linux-gnu/:/usr/lib/gcc/x86_64-linux-gnu/12/../../../../lib/:/lib/x86_64-linux-gnu/:/lib/../lib/:/usr/lib/x86_64-linux-gnu/:/usr/lib/../lib/:/usr/lib/gcc/x86_64-linux-gnu/12/../../../:/lib/:/usr/lib/]
  ignore line: [COLLECT_GCC_OPTIONS='-v' '-o' 'CMakeFiles/cmTC_39c64.dir/CMakeCCompilerABI.c.o' '-c' '-mtune=generic' '-march=x86-64' '-dumpdir' 'CMakeFiles/cmTC_39c64.dir/CMakeCCompilerABI.c.']
  ignore line: [Linking C executable cmTC_39c64]
  ignore line: [/usr/bin/cmake -E cmake_link_script CMakeFiles/cmTC_39c64.dir/link.txt --verbose=1]
  ignore line: [/usr/bin/cc  -v CMakeFiles/cmTC_39c64.dir/CMakeCCompilerABI.c.o -o cmTC_39c64 ]
  ignore line: [Using built-in specs.]
  ignore line: [COLLECT_GCC=/usr/bin/cc]
  ignore line: [COLLECT_LTO_WRAPPER=/usr/lib/gcc/x86_64-linux-gnu/12/lto-wrapper]
  ignore line: [OFFLOAD_TARGET_NAMES=nvptx-none:amdgcn-amdhsa]
  ignore line: [OFFLOAD_TARGET_DEFAULT=1]
  ignore line: [Target: x86_64-linux-gnu]
  ignore line: [Configured with: ../src/configure -v --with-pkgversion='Debian 12.2.0-14+deb12u1' --with-bugurl=file:///usr/share/doc/gcc-12/README.Bugs --enable-languages=c ada c++ go d fortran objc obj-c++ m2 --prefix=/usr --with-gcc-major-version-only --program-suffix=-12 --program-prefix=x86_64-linux-gnu- --enable-shared --enable-linker-build-id --libexecdir=/usr/lib --without-included-gettext --enable-threads=posix --libdir=/usr/lib --enable-nls --enable-clocale=gnu --enable-libstdcxx-debug --enable-libstdcxx-time=yes --with-default-libstdcxx-abi=new --enable-gnu-unique-object --disable-vtable-verify --enable-plugin --enable-default-pie --with-system-zlib --enable-libphobos-checking=release --with-target-system-zlib=auto --enable-objc-gc=auto --enable-multiarch --disable-werror --enable-cet --with-arch-32=i686 --with-abi=m64 --with-multilib-list=m32 m64 mx32 --enable-multilib --with-tune=generic --enable-offload-targets=nvptx-none=/build/reproducible-path/gcc-12-12.2.0/debian/tmp-nvptx/usr amdgcn-amdhsa=/build/reproducible-path/gcc-12-12.2.0/debian/tmp-gcn/usr --enable-offload-defaulted --without-cuda-driver --enable-checking=release --build=x86_64-linux-gnu --host=x86_64-linux-gnu --target=x86_64-linux-gnu]
  ignore line: [Thread model: posix]
  ignore line: [Supported LTO compression algorithms: zlib zstd]
  ignore line: [gcc version 12.2.0 (Debian 12.2.0-14+deb12u1) ]
  ignore line: [COMPILER_PATH=/usr/lib/gcc/x86_64-linux-gnu/12/:/usr/lib/gcc/x86_64-linux-gnu/12/:/usr/lib/gcc/x86_64-linux-gnu/:/usr/lib/gcc/x86_64-linux-gnu/12/:/usr/lib/gcc/x86_64-linux-gnu/]
  ignore line: [LIBRARY_PATH=/usr/lib/gcc/x86_64-linux-gnu/12/:/usr/lib/gcc/x86_64-linux-gnu/12/../../../x86_64-linux-gnu/:/usr/lib/gcc/x86_64-linux-gnu/12/../../../../lib/:/lib/x86_64-linux-gnu/:/lib/../lib/:/usr/lib/x86_64-linux-gnu/:/usr/lib/../lib/:/usr/lib/gcc/x86_64-linux-gnu/12/../../../:/lib/:/usr/lib/]
  ignore line: [COLLECT_GCC_OPTIONS='-v' '-o' 'cmTC_39c64' '-mtune=generic' '-march=x86-64' '-dumpdir' 'cmTC_39c64.']
  link line: [ /usr/lib/gcc/x86_64-linux-gnu/12/collect2 -plugin /usr/lib/gcc/x86_64-linux-gnu/12/liblto_plugin.so -plugin-opt=/usr/lib/gcc/x86_64-linux-gnu/12/lto-wrapper -plugin-opt=-fresolution=/tmp/ccw9UDbA.res -plugin-opt=-pass-through=-lgcc -plugin-opt=-pass-through=-lgcc_s -plugin-opt=-pass-through=-lc -plugin-opt=-pass-through=-lgcc -plugin-opt=-pass-through=-lgcc_s --build-id --eh-frame-hdr -m elf_x86_64 --hash-style=gnu --as-needed -dynamic-linker /lib64/ld-linux-x86-64.so.2 -pie -o cmTC_39c64 /usr/lib/gcc/x86_64-linux-gnu/12/../../../x86_64-linux-gnu/Scrt1.o /usr/lib/gcc/x86_64-linux-gnu/12/../../../x86_64-linux-gnu/crti.o /usr/lib/gcc/x86_64-linux-gnu/12/crtbeginS.o -L/usr/lib/gcc/x86_64-linux-gnu/12 -L/usr/lib/gcc/x86_64-linux-gnu/12/../../../x86_64-linux-gnu -L/usr/lib/gcc/x86_64-linux-gnu/12/../../../../lib -L/lib/x86_64-linux-gnu -L/lib/../lib -L/usr/lib/x86_64-linux-gnu -L/usr/lib/../lib -L/usr/lib/gcc/x86_64-linux-gnu/12/../../.. CMakeFiles/cmTC_39c64.dir/CMakeCCompilerABI.c.o -lgcc --push-state --as-needed -lgcc_s --pop-state -lc -lgcc --push-state --as-needed -lgcc_s --pop-state /usr/lib/gcc/x86_64-linux-gnu/12/crtendS.o /usr/lib/gcc/x86_64-linux-gnu/12/../../../x86_64-linux-gnu/crtn.o]
    arg [/usr/lib/gcc/x86_64-linux-gnu/12/collect2] ==> ignore
    arg [-plugin] ==> ignore
    arg [/usr/lib/gcc/x86_64-linux-gnu/12/liblto_plugin.so] ==> ignore
    arg [-plugin-opt=/usr/lib/gcc/x86_64-linux-gnu/12/lto-wrapper] ==> ignore
    arg [-plugin-opt=-fresolution=/tmp/ccw9UDbA.res] ==> ignore
    arg [-plugin-opt=-pass-through=-lgcc] ==> ignore
    arg [-plugin-opt=-pass-through=-lgcc_s] ==> ignore
    arg [-plugin-opt=-pass-through=-lc] ==> ignore
    arg [-plugin-opt=-pass-through=-lgcc] ==> ignore
    arg [-plugin-opt=-pass-through=-lgcc_s] ==> ignore
    arg [--build-id] ==> ignore
    arg [--eh-frame-hdr] ==> ignore
    arg [-m] ==> ignore
    arg [elf_x86_64] ==> ignore
    arg [--hash-style=gnu] ==> ignore
    arg [--as-needed] ==> ignore
    arg [-dynamic-linker] ==> ignore
    arg [/lib64/ld-linux-x86-64.so.2] ==> ignore
    arg [-pie] ==> ignore
    arg [-o] ==> ignore
    arg [cmTC_39c64] ==> ignore
    arg [/usr/lib/gcc/x86_64-linux-gnu/12/../../../x86_64-linux-gnu/Scrt1.o] ==> obj [/usr/lib/gcc/x86_64-linux-gnu/12/../../../x86_64-linux-gnu/Scrt1.o]
    arg [/usr/lib/gcc/x86_64-linux-gnu/12/../../../x86_64-linux-gnu/crti.o] ==> obj [/usr/lib/gcc/x86_64-linux-gnu/12/../../../x86_64-linux-gnu/crti.o]
    arg [/usr/lib/gcc/x86_64-linux-gnu/12/crtbeginS.o] ==> obj [/usr/lib/gcc/x86_64-linux-gnu/12/crtbeginS.o]
    arg [-L/usr/lib/gcc/x86_64-linux-gnu/12] ==> dir [/usr/lib/gcc/x86_64-linux-gnu/12]
    arg [-L/usr/lib/gcc/x86_64-linux-gnu/12/../../../x86_64-linux-gnu] ==> dir [/usr/lib/gcc/x86_64-linux-gnu/12/../../../x86_64-linux-gnu]
    arg [-L/usr/lib/gcc/x86_64-linux-gnu/12/../../../../lib] ==> dir [/usr/lib/gcc/x86_64-linux-gnu/12/../../../../lib]
    arg [-L/lib/x86_64-linux-gnu] ==> dir [/lib/x86_64-linux-gnu]
    arg [-L/lib/../lib] ==> dir [/lib/../lib]
    arg [-L/usr/lib/x86_64-linux-gnu] ==> dir [/usr/lib/x86_64-linux-gnu]
    arg [-L/usr/lib/../lib] ==> dir [/usr/lib/../lib]
    arg [-L/usr/lib/gcc/x86_64-linux-gnu/12/../../..] ==> dir [/usr/lib/gcc/x86_64-linux-gnu/12/../../..]
    arg [CMakeFiles/cmTC_39c64.dir/CMakeCCompilerABI.c.o] ==> ignore
    arg [-lgcc] ==> lib [gcc]
    arg [--push-state] ==> ignore
    arg [--as-needed] ==> ignore
    arg [-lgcc_s] ==> lib [gcc_s]
    arg [--pop-state] ==> ignore
    arg [-lc] ==> lib [c]
    arg [-lgcc] ==> lib [gcc]
    arg [--push-state] ==> ignore
    arg [--as-needed] ==> ignore
    arg [-lgcc_s] ==> lib [gcc_s]
    arg [--pop-state] ==> ignore
    arg [/usr/lib/gcc/x86_64-linux-gnu/12/crtendS.o] ==> obj [/usr/lib/gcc/x86_64-linux-gnu/12/crtendS.o]
    arg [/usr/lib/gcc/x86_64-linux-gnu/12/../../../x86_64-linux-gnu/crtn.o] ==> obj [/usr/lib/gcc/x86_64-linux-gnu/12/../../../x86_64-linux-gnu/crtn.o]
  collapse obj [/usr/lib/gcc/x86_64-linux-gnu/12/../../../x86_64-linux-gnu/Scrt1.o] ==> [/usr/lib/x86_64-linux-gnu/Scrt1.o]
  collapse obj [/usr/lib/gcc/x86_64-linux-gnu/12/../../../x86_64-linux-gnu/crti.o] ==> [/usr/lib/x86_64-linux-gnu/crti.o]
  collapse obj [/usr/lib/gcc/x86_64-linux-gnu/12/../../../x86_64-linux-gnu/crtn.o] ==> [/usr/lib/x86_64-linux-gnu/crtn.o]
  collapse library dir [/usr/lib/gcc/x86_64-linux-gnu/12] ==> [/usr/lib/gcc/x86_64-linux-gnu/12]
  collapse library dir [/usr/lib/gcc/x86_64-linux-gnu/12/../../../x86_64-linux-gnu] ==> [/usr/lib/x86_64-linux-gnu]
  collapse library dir [/usr/lib/gcc/x86_64-linux-gnu/12/../../../../lib] ==> [/usr/lib]
  collapse library dir [/lib/x86_64-linux-gnu] ==> [/lib/x86_64-linux-gnu]
  collapse library dir [/lib/../lib] ==> [/lib]
  collapse library dir [/usr/lib/x86_64-linux-gnu] ==> [/usr/lib/x86_64-linux-gnu]
  collapse library dir [/usr/lib/../lib] ==> [/usr/lib]
  collapse library dir [/usr/lib/gcc/x86_64-linux-gnu/12/../../..] ==> [/usr/lib]
  implicit libs: [gcc;gcc_s;c;gcc;gcc_s]
  implicit objs: [/usr/lib/x86_64-linux-gnu/Scrt1.o;/usr/lib/x86_64-linux-gnu/crti.o;/usr/lib/gcc/x86_64-linux-gnu/12/crtbeginS.o;/usr/lib/gcc/x86_64-linux-gnu/12/crtendS.o;/usr/lib/x86_64-linux-gnu/crtn.o]
  implicit dirs: [/usr/lib/gcc/x86_64-linux-gnu/12;/usr/lib/x86_64-linux-gnu;/usr/lib;/lib/x86_64-linux-gnu;/lib]
  implicit fwks: []


Detecting CXX compiler ABI info compiled with the following output:
Change Dir: /workspace/build/CMakeFiles/CMakeScratch/TryCompile-0rrNEc

Run Build Command(s):/usr/bin/gmake -f Makefile cmTC_32c1e/fast && /usr/bin/gmake  -f CMakeFiles/cmTC_32c1e.dir/build.make CMakeFiles/cmTC_32c1e.dir/build
gmake[1]: Entering directory '/workspace/build/CMakeFiles/CMakeScratch/TryCompile-0rrNEc'
Building CXX object CMakeFiles/cmTC_32c1e.dir/CMakeCXXCompilerABI.cpp.o
/usr/bin/c++   -v -o CMakeFiles/cmTC_32c1e.dir/CMakeCXXCompilerABI.cpp.o -c /usr/share/cmake-3.25/Modules/CMakeCXXCompilerABI.cpp
Using built-in specs.
COLLECT_GCC=/usr/bin/c++
OFFLOAD_TARGET_NAMES=nvptx-none:amdgcn-amdhsa
OFFLOAD_TARGET_DEFAULT=1
Target: x86_64-linux-gnu
Configured with: ../src/configure -v --with-pkgversion='Debian 12.2.0-14+deb12u1' --with-bugurl=file:///usr/share/doc/gcc-12/README.Bugs --enable-languages=c,ada,c++,go,d,fortran,objc,obj-c++,m2 --prefix=/usr --with-gcc-major-version-only --program-suffix=-12 --program-prefix=x86_64-linux-gnu- --enable-shared --enable-linker-build-id --libexecdir=/usr/lib --without-included-gettext --enable-threads=posix --libdir=/usr/lib --enable-nls --enable-clocale=gnu --enable-libstdcxx-debug --enable-libstdcxx-time=yes --with-default-libstdcxx-abi=new --enable-gnu-unique-object --disable-vtable-verify --enable-plugin --enable-default-pie --with-system-zlib --enable-libphobos-checking=release --with-target-system-zlib=auto --enable-objc-gc=auto --enable-multiarch --disable-werror --enable-cet --with-arch-32=i686 --with-abi=m64 --with-multilib-list=m32,m64,mx32 --enable-multilib --with-tune=generic --enable-offload-targets=nvptx-none=/build/reproducible-path/gcc-12-12.2.0/debian/tmp-nvptx/usr,amdgcn-amdhsa=/build/reproducible-path/gcc-12-12.2.0/debian/tmp-gcn/usr --enable-offload-defaulted --without-cuda-driver --enable-checking=release --build=x86_64-linux-gnu --host=x86_64-linux-gnu --target=x86_64-linux-gnu
Thread model: posix
Supported LTO compression algorithms: zlib zstd
gcc version 12.2.0 (Debian 12.2.0-14+deb12u1) 
COLLECT_GCC_OPTIONS='-v' '-o' 'CMakeFiles/cmTC_32c1e.dir/CMakeCXXCompilerABI.cpp.o' '-c' '-shared-libgcc' '-mtune=generic' '-march=x86-64' '-dumpdir' 'CMakeFiles/cmTC_32c1e.dir/'
 /usr/lib/gcc/x86_64-linux-gnu/12/cc1plus -quiet -v -imultiarch x86_64-linux-gnu -D_GNU_SOURCE /usr/share/cmake-3.25/Modules/CMakeCXXCompilerABI.cpp -quiet -dumpdir CMakeFiles/cmTC_32c1e.dir/ -dumpbase CMakeCXXCompilerABI.cpp.cpp -dumpbase-ext .cpp -mtune=generic -march=x86-64 -version -fasynchronous-unwind-tables -o /tmp/ccPoRcu6.s
GNU C++17 (Debian 12.2.0-14+deb12u1) version 12.2.0 (x86_64-linux-gnu)
	compiled by GNU C version 12.2.0, GMP version 6.2.1, MPFR version 4.2.0, MPC version 1.3.1, isl version isl-0.25-GMP

GGC heuristics: --param ggc-min-expand=100 --param ggc-min-heapsize=131072
ignoring duplicate directory "/usr/include/x86_64-linux-gnu/c++/12"
ignoring nonexistent directory "/usr/local/include/x86_64-linux-gnu"
ignoring nonexistent directory "/usr/lib/gcc/x86_64-linux-gnu/12/include-fixed"
ignoring nonexistent directory "/usr/lib/gcc/x86_64-linux-gnu/12/../../../../x86_64-linux-gnu/include"
#include "..." search starts here:
#include <...> search starts here:
 /usr/include/c++/12
 /usr/include/x86_64-linux-gnu/c++/12
 /usr/include/c++/12/backward
 /usr/lib/gcc/x86_64-linux-gnu/12/include
 /usr/local/include
 /usr/include/x86_64-linux-gnu
 /usr/include
End of search list.
GNU C++17 (Debian 12.2.0-14+deb12u1) version 12.2.0 (x86_64-linux-gnu)
	compiled by GNU C version 12.2.0, GMP version 6.2.1, MPFR version 4.2.0, MPC version 1.3.1, isl version isl-0.25-GMP

GGC heuristics: --param ggc-min-expand=100 --param ggc-min-heapsize=131072
Compiler executable checksum: 18a4c0b3348b838f5ec9d956298050ac
COLLECT_GCC_OPTIONS='-v' '-o' 'CMakeFiles/cmTC_32c1e.dir/CMakeCXXCompilerABI.cpp.o' '-c' '-shared-libgcc' '-mtune=generic' '-march=x86-64' '-dumpdir' 'CMakeFiles/cmTC_32c1e.dir/'
 as -v --64 -o CMakeFiles/cmTC_32c1e.dir/CMakeCXXCompilerABI.cpp.o /tmp/ccPoRcu6.s
GNU assembler version 2.40 (x86_64-linux-gnu) using BFD version (GNU Binutils for Debian) 2.40
COMPILER_PATH=/usr/lib/gcc/x86_64-linux-gnu/12/:/usr/lib/gcc/x86_64-linux-gnu/12/:/usr/lib/gcc/x86_64-linux-gnu/:/usr/lib/gcc/x86_64-linux-gnu/12/:/usr/lib/gcc/x86_64-linux-gnu/
LIBRARY_PATH=/usr/lib/gcc/x86_64-linux-gnu/12/:/usr/lib/gcc/x86_64-linux-gnu/12/../../../x86_64-linux-gnu/:/usr/lib/gcc/x86_64-linux-gnu/12/../../../../lib/:/lib/x86_64-linux-gnu/:/lib/../lib/:/usr/lib/x86_64-linux-gnu/:/usr/lib/../lib/:/usr/lib/gcc/x86_64-linux-gnu/12/../../../:/lib/:/usr/lib/
COLLECT_GCC_OPTIONS='-v' '-o' 'CMakeFiles/cmTC_32c1e.dir/CMakeCXXCompilerABI.cpp.o' '-c' '-shared-libgcc' '-mtune=generic' '-march=x86-64' '-dumpdir' 'CMakeFiles/cmTC_32c1e.dir/CMakeCXXCompilerABI.cpp.'
Linking CXX executable cmTC_32c1e
/usr/bin/cmake -E cmake_link_script CMakeFiles/cmTC_32c1e.dir/link.txt --verbose=1
/usr/bin/c++  -v CMakeFiles/cmTC_32c1e.dir/CMakeCXXCompilerABI.cpp.o -o cmTC_32c1e 
Using built-in specs.
COLLECT_GCC=/usr/bin/c++
COLLECT_LTO_WRAPPER=/usr/lib/gcc/x86_64-linux-gnu/12/lto-wrapper
OFFLOAD_TARGET_NAMES=nvptx-none:amdgcn-amdhsa
OFFLOAD_TARGET_DEFAULT=1
Target: x86_64-linux-gnu
Configured with: ../src/configure -v --with-pkgversion='Debian 12.2.0-14+deb12u1' --with-bugurl=file:///usr/share/doc/gcc-12/README.Bugs --enable-languages=c,ada,c++,go,d,fortran,objc,obj-c++,m2 --prefix=/usr --with-gcc-major-version-only --program-suffix=-12 --program-prefix=x86_64-linux-gnu- --enable-shared --enable-linker-build-id --libexecdir=/usr/lib --without-included-gettext --enable-threads=posix --libdir=/usr/lib --enable-nls --enable-clocale=gnu --enable-libstdcxx-debug --enable-libstdcxx-time=yes --with-default-libstdcxx-abi=new --enable-gnu-unique-object --disable-vtable-verify --enable-plugin --enable-default-pie --with-system-zlib --enable-libphobos-checking=release --with-target-system-zlib=auto --enable-objc-gc=auto --enable-multiarch --disable-werror --enable-cet --with-arch-32=i686 --with-abi=m64 --with-multilib-list=m32,m64,mx32 --enable-multilib --with-tune=generic --enable-offload-targets=nvptx-none=/build/reproducible-path/gcc-12-12.2.0/debian/tmp-nvptx/usr,amdgcn-amdhsa=/build/reproducible-path/gcc-12-12.2.0/debian/tmp-gcn/usr --enable-offload-defaulted --without-cuda-driver --enable-checking=release --build=x86_64-linux-gnu --host=x86_64-linux-gnu --target=x86_64-linux-gnu
Thread model: posix
Supported LTO compression algorithms: zlib zstd
gcc version 12.2.0 (Debian 12.2.0-14+deb12u1) 
COMPILER_PATH=/usr/lib/gcc/x86_64-linux-gnu/12/:/usr/lib/gcc/x86_64-linux-gnu/12/:/usr/lib/gcc/x86_64-linux-gnu/:/usr/lib/gcc/x86_64-linux-gnu/12/:/usr/lib/gcc/x86_64-linux-gnu/
LIBRARY_PATH=/usr/lib/gcc/x86_64-linux-gnu/12/:/usr/lib/gcc/x86_64-linux-gnu/12/../../../x86_64-linux-gnu/:/usr/lib/gcc/x86_64-linux-gnu/12/../../../../lib/:/lib/x86_64-linux-gnu/:/lib/../lib/:/usr/lib/x86_64-linux-gnu/:/usr/lib/../lib/:/usr/lib/gcc/x86_64-linux-gnu/12/../../../:/lib/:/usr/lib/
COLLECT_GCC_OPTIONS='-v' '-o' 'cmTC_32c1e' '-shared-libgcc' '-mtune=generic' '-march=x86-64' '-dumpdir' 'cmTC_32c1e.'
 /usr/lib/gcc/x86_64-linux-gnu/12/collect2 -plugin /usr/lib/gcc/x86_64-linux-gnu/12/liblto_plugin.so -plugin-opt=/usr/lib/gcc/x86_64-linux-gnu/12/lto-wrapper -plugin-opt=-fresolution=/tmp/ccVhvuvO.res -plugin-opt=-pass-through=-lgcc_s -plugin-opt=-pass-through=-lgcc -plugin-opt=-pass-through=-lc -plugin-opt=-pass-through=-lgcc_s -plugin-opt=-pass-through=-lgcc --build-id --eh-frame-hdr -m elf_x86_64 --hash-style=gnu --as-needed -dynamic-linker /lib64/ld-linux-x86-64.so.2 -pie -o cmTC_32c1e /usr/lib/gcc/x86_64-linux-gnu/12/../../../x86_64-linux-gnu/Scrt1.o /usr/lib/gcc/x86_64-linux-gnu/12/../../../x86_64-linux-gnu/crti.o /usr/lib/gcc/x86_64-linux-gnu/12/crtbeginS.o -L/usr/lib/gcc/x86_64-linux-gnu/12 -L/usr/lib/gcc/x86_64-linux-gnu/12/../../../x86_64-linux-gnu -L/usr/lib/gcc/x86_64-linux-gnu/12/../../../../lib -L/lib/x86_64-linux-gnu -L/lib/../lib -L/usr/lib/x86_64-linux-gnu -L/usr/lib/../lib -L/usr/lib/gcc/x86_64-linux-gnu/12/../../.. CMakeFiles/cmTC_32c1e.dir/CMakeCXXCompilerABI.cpp.o -lstdc++ -lm -lgcc_s -lgcc -lc -lgcc_s -lgcc /usr/lib/gcc/x86_64-linux-gnu/12/crtendS.o /usr/lib/gcc/x86_64-linux-gnu/12/../../../x86_64-linux-gnu/crtn.o
COLLECT_GCC_OPTIONS='-v' '-o' 'cmTC_32c1e' '-shared-libgcc' '-mtune=generic' '-march=x86-64' '-dumpdir' 'cmTC_32c1e.'
gmake[1]: Leaving directory '/workspace/build/CMakeFiles/CMakeScratch/TryCompile-0rrNEc'



Parsed CXX implicit include dir info from above output: rv=done
  found start of include info
  found start of implicit include info
    add: [/usr/include/c++/12]
    add: [/usr/include/x86_64-linux-gnu/c++/12]
    add: [/usr/include/c++/12/backward]
    add: [/usr/lib/gcc/x86_64-linux-gnu/12/include]
    add: [/usr/local/include]
    add: [/usr/include/x86_64-linux-gnu]
    add: [/usr/include]
  end of search list found
  collapse include dir [/usr/include/c++/12] ==> [/usr/include/c++/12]
  collapse include dir [/usr/include/x86_64-linux-gnu/c++/12] ==> [/usr/include/x86_64-linux-gnu/c++/12]
  collapse include dir [/usr/include/c++/12/backward] ==> [/usr/include/c++/12/backward]
  collapse include dir [/usr/lib/gcc/x86_64-linux-gnu/12/include] ==> [/usr/lib/gcc/x86_64-linux-gnu/12/include]
  collapse include dir [/usr/local/include] ==> [/usr/local/include]
  collapse include dir [/usr/include/x86_64-linux-gnu] ==> [/usr/include/x86_64-linux-gnu]
  collapse include dir [/usr/include] ==> [/usr/include]
  implicit include dirs: [/usr/include/c++/12;/usr/include/x86_64-linux-gnu/c++/12;/usr/include/c++/12/backward;/usr/lib/gcc/x86_64-linux-gnu/12/include;/usr/local/include;/usr/include/x86_64-linux-gnu;/usr/include]


Parsed CXX implicit link information from above output:
  link line regex: [^( *|.*[/\])(ld|CMAKE_LINK_STARTFILE-NOTFOUND|([^/\]+-)?ld|collect2)[^/\]*( |$)]
  ignore line: [Change Dir: /workspace/build/CMakeFiles/CMakeScratch/TryCompile-0rrNEc]
  ignore line: []
  ignore line: [Run Build Command(s):/usr/bin/gmake -f Makefile cmTC_32c1e/fast && /usr/bin/gmake  -f CMakeFiles/cmTC_32c1e.dir/build.make CMakeFiles/cmTC_32c1e.dir/build]
  ignore line: [gmake[1]: Entering directory '/workspace/build/CMakeFiles/CMakeScratch/TryCompile-0rrNEc']
  ignore line: [Building CXX object CMakeFiles/cmTC_32c1e.dir/CMakeCXXCompilerABI.cpp.o]
  ignore line: [/usr/bin/c++   -v -o CMakeFiles/cmTC_32c1e.dir/CMakeCXXCompilerABI.cpp.o -c /usr/share/cmake-3.25/Modules/CMakeCXXCompilerABI.cpp]
  ignore line: [Using built-in specs.]
  ignore line: [COLLECT_GCC=/usr/bin/c++]
  ignore line: [OFFLOAD_TARGET_NAMES=nvptx-none:amdgcn-amdhsa]
  ignore line: [OFFLOAD_TARGET_DEFAULT=1]
  ignore line: [Target: x86_64-linux-gnu]
  ignore line: [Configured with: ../src/configure -v --with-pkgversion='Debian 12.2.0-14+deb12u1' --with-bugurl=file:///usr/share/doc/gcc-12/README.Bugs --enable-languages=c ada c++ go d fortran objc obj-c++ m2 --prefix=/usr --with-gcc-major-version-only --program-suffix=-12 --program-prefix=x86_64-linux-gnu- --enable-shared --enable-linker-build-id --libexecdir=/usr/lib --without-included-gettext --enable-threads=posix --libdir=/usr/lib --enable-nls --enable-clocale=gnu --enable-libstdcxx-debug --enable-libstdcxx-time=yes --with-default-libstdcxx-abi=new --enable-gnu-unique-object --disable-vtable-verify --enable-plugin --enable-default-pie --with-system-zlib --enable-libphobos-checking=release --with-target-system-zlib=auto --enable-objc-gc=auto --enable-multiarch --disable-werror --enable-cet --with-arch-32=i686 --with-abi=m64 --with-multilib-list=m32 m64 mx32 --enable-multilib --with-tune=generic --enable-offload-targets=nvptx-none=/build/reproducible-path/gcc-12-12.2.0/debian/tmp-nvptx/usr amdgcn-amdhsa=/build/reproducible-path/gcc-12-12.2.0/debian/tmp-gcn/usr --enable-offload-defaulted --without-cuda-driver --enable-checking=release --build=x86_64-linux-gnu --host=x86_64-linux-gnu --target=x86_64-linux-gnu]
  ignore line: [Thread model: posix]
  ignore line: [Supported LTO compression algorithms: zlib zstd]
  ignore line: [gcc version 12.2.0 (Debian 12.2.0-14+deb12u1) ]
  ignore line: [COLLECT_GCC_OPTIONS='-v' '-o' 'CMakeFiles/cmTC_32c1e.dir/CMakeCXXCompilerABI.cpp.o' '-c' '-shared-libgcc' '-mtune=generic' '-march=x86-64' '-dumpdir' 'CMakeFiles/cmTC_32c1e.dir/']
  ignore line: [ /usr/lib/gcc/x86_64-linux-gnu/12/cc1plus -quiet -v -imultiarch x86_64-linux-gnu -D_GNU_SOURCE /usr/share/cmake-3.25/Modules/CMakeCXXCompilerABI.cpp -quiet -dumpdir CMakeFiles/cmTC_32c1e.dir/ -dumpbase CMakeCXXCompilerABI.cpp.cpp -dumpbase-ext .cpp -mtune=generic -march=x86-64 -version -fasynchronous-unwind-tables -o /tmp/ccPoRcu6.s]
  ignore line: [GNU C++17 (Debian 12.2.0-14+deb12u1) version 12.2.0 (x86_64-linux-gnu)]
  ignore line: [	compiled by GNU C version 12.2.0  GMP version 6.2.1  MPFR version 4.2.0  MPC version 1.3.1  isl version isl-0.25-GMP]
  ignore line: []
  ignore line: [GGC heuristics: --param ggc-min-expand=100 --param ggc-min-heapsize=131072]
  ignore line: [ignoring duplicate directory "/usr/include/x86_64-linux-gnu/c++/12"]
  ignore line: [ignoring nonexistent directory "/usr/local/include/x86_64-linux-gnu"]
  ignore line: [ignoring nonexistent directory "/usr/lib/gcc/x86_64-linux-gnu/12/include-fixed"]
  ignore line: [ignoring nonexistent directory "/usr/lib/gcc/x86_64-linux-gnu/12/../../../../x86_64-linux-gnu/include"]
  ignore line: [#include "..." search starts here:]
  ignore line: [#include <...> search starts here:]
  ignore line: [ /usr/include/c++/12]
  ignore line: [ /usr/include/x86_64-linux-gnu/c++/12]
  ignore line: [ /usr/include/c++/12/backward]
  ignore line: [ /usr/lib/gcc/x86_64-linux-gnu/12/include]
  ignore line: [ /usr/local/include]
  ignore line: [ /usr/include/x86_64-linux-gnu]
  ignore line: [ /usr/include]
  ignore line: [End of search list.]
  ignore line: [GNU C++17 (Debian 12.2.0-14+deb12u1) version 12.2.0 (x86_64-linux-gnu)]
  ignore line: [	compiled by GNU C version 12.2.0  GMP version 6.2.1  MPFR version 4.2.0  MPC version 1.3.1  isl version isl-0.25-GMP]
  ignore line: []
  ignore line: [GGC heuristics: --param ggc-min-expand=100 --param ggc-min-heapsize=131072]
  ignore line: [Compiler executable checksum: 18a4c0b3348b838f5ec9d956298050ac]
  ignore line: [COLLECT_GCC_OPTIONS='-v' '-o' 'CMakeFiles/cmTC_32c1e.dir/CMakeCXXCompilerABI.cpp.o' '-c' '-shared-libgcc' '-mtune=generic' '-march=x86-64' '-dumpdir' 'CMakeFiles/cmTC_32c1e.dir/']
  ignore line: [ as -v --64 -o CMakeFiles/cmTC_32c1e.dir/CMakeCXXCompilerABI.cpp.o /tmp/ccPoRcu6.s]
  ignore line: [GNU assembler version 2.40 (x86_64-linux-gnu) using BFD version (GNU Binutils for Debian) 2.40]
  ignore line: [COMPILER_PATH=/usr/lib/gcc/x86_64-linux-gnu/12/:/usr/lib/gcc/x86_64-linux-gnu/12/:/usr/lib/gcc/x86_64-linux-gnu/:/usr/lib/gcc/x86_64-linux-gnu/12/:/usr/lib/gcc/x86_64-linux-gnu/]
  ignore line: [LIBRARY_PATH=/usr/lib/gcc/x86_64-linux-gnu/12/:/usr/lib/gcc/x86_64-linux-gnu/12/../../../x86_64-linux-gnu/:/usr/lib/gcc/x86_64-linux-gnu/12/../../../../lib/:/lib/x86_64-linux-gnu/:/lib/../lib/:/usr/lib/x86_64-linux-gnu/:/usr/lib/../lib/:/usr/lib/gcc/x86_64-linux-gnu/12/../../../:/lib/:/usr/lib/]
  ignore line: [COLLECT_GCC_OPTIONS='-v' '-o' 'CMakeFiles/cmTC_32c1e.dir/CMakeCXXCompilerABI.cpp.o' '-c' '-shared-libgcc' '-mtune=generic' '-march=x86-64' '-dumpdir' 'CMakeFiles/cmTC_32c1e.dir/CMakeCXXCompilerABI.cpp.']
  ignore line: [Linking CXX executable cmTC_32c1e]
  ignore line: [/usr/bin/cmake -E cmake_link_script CMakeFiles/cmTC_32c1e.dir/link.txt --verbose=1]
  ignore line: [/usr/bin/c++  -v CMakeFiles/cmTC_32c1e.dir/CMakeCXXCompilerABI.cpp.o -o cmTC_32c1e ]
  ignore line: [Using built-in specs.]
  ignore line: [COLLECT_GCC=/usr/bin/c++]
  ignore line: [COLLECT_LTO_WRAPPER=/usr/lib/gcc/x86_64-linux-gnu/12/lto-wrapper]
  ignore line: [OFFLOAD_TARGET_NAMES=nvptx-none:amdgcn-amdhsa]
  ignore line: [OFFLOAD_TARGET_DEFAULT=1]
  ignore line: [Target: x86_64-linux-gnu]
  ignore line: [Configured with: ../src/configure -v --with-pkgversion='Debian 12.2.0-14+deb12u1' --with-bugurl=file:///usr/share/doc/gcc-12/README.Bugs --enable-languages=c ada c++ go d fortran objc obj-c++ m2 --prefix=/usr --with-gcc-major-version-only --program-suffix=-12 --program-prefix=x86_64-linux-gnu- --enable-shared --enable-linker-build-id --libexecdir=/usr/lib --without-included-gettext --enable-threads=posix --libdir=/usr/lib --enable-nls --enable-clocale=gnu --enable-libstdcxx-debug --enable-libstdcxx-time=yes --with-default-libstdcxx-abi=new --enable-gnu-unique-object --disable-vtable-verify --enable-plugin --enable-default-pie --with-system-zlib --enable-libphobos-checking=release --with-target-system-zlib=auto --enable-objc-gc=auto --enable-multiarch --disable-werror --enable-cet --with-arch-32=i686 --with-abi=m64 --with-multilib-list=m32 m64 mx32 --enable-multilib --with-tune=generic --enable-offload-targets=nvptx-none=/build/reproducible-path/gcc-12-12.2.0/debian/tmp-nvptx/usr amdgcn-amdhsa=/build/reproducible-path/gcc-12-12.2.0/debian/tmp-gcn/usr --enable-offload-defaulted --without-cuda-driver --enable-checking=release --build=x86_64-linux-gnu --host=x86_64-linux-gnu --target=x86_64-linux-gnu]
  ignore line: [Thread model: posix]
  ignore line: [Supported LTO compression algorithms: zlib zstd]
  ignore line: [gcc version 12.2.0 (Debian 12.2.0-14+deb12u1) ]
  ignore line: [COMPILER_PATH=/usr/lib/gcc/x86_64-linux-gnu/12/:/usr/lib/gcc/x86_64-linux-gnu/12/:/usr/lib/gcc/x86_64-linux-gnu/:/usr/lib/gcc/x86_64-linux-gnu/12/:/usr/lib/gcc/x86_64-linux-gnu/]
  ignore line: [LIBRARY_PATH=/usr/lib/gcc/x86_64-linux-gnu/12/:/usr/lib/gcc/x86_64-linux-gnu/12/../../../x86_64-linux-gnu/:/usr/lib/gcc/x86_64-linux-gnu/12/../../../../lib/:/lib/x86_64-linux-gnu/:/lib/../lib/:/usr/lib/x86_64-linux-gnu/:/usr/lib/../lib/:/usr/lib/gcc/x86_64-linux-gnu/12/../../../:/lib/:/usr/lib/]
  ignore line: [COLLECT_GCC_OPTIONS='-v' '-o' 'cmTC_32c1e' '-shared-libgcc' '-mtune=generic' '-march=x86-64' '-dumpdir' 'cmTC_32c1e.']
  link line: [ /usr/lib/gcc/x86_64-linux-gnu/12/collect2 -plugin /usr/lib/gcc/x86_64-linux-gnu/12/liblto_plugin.so -plugin-opt=/usr/lib/gcc/x86_64-linux-gnu/12/lto-wrapper -plugin-opt=-fresolution=/tmp/ccVhvuvO.res -plugin-opt=-pass-through=-lgcc_s -plugin-opt=-pass-through=-lgcc -plugin-opt=-pass-through=-lc -plugin-opt=-pass-through=-lgcc_s -plugin-opt=-pass-through=-lgcc --build-id --eh-frame-hdr -m elf_x86_64 --hash-style=gnu --as-needed -dynamic-linker /lib64/ld-linux-x86-64.so.2 -pie -o cmTC_32c1e /usr/lib/gcc/x86_64-linux-gnu/12/../../../x86_64-linux-gnu/Scrt1.o /usr/lib/gcc/x86_64-linux-gnu/12/../../../x86_64-linux-gnu/crti.o /usr/lib/gcc/x86_64-linux-gnu/12/crtbeginS.o -L/usr/lib/gcc/x86_64-linux-gnu/12 -L/usr/lib/gcc/x86_64-linux-gnu/12/../../../x86_64-linux-gnu -L/usr/lib/gcc/x86_64-linux-gnu/12/../../../../lib -L/lib/x86_64-linux-gnu -L/lib/../lib -L/usr/lib/x86_64-linux-gnu -L/usr/lib/../lib -L/usr/lib/gcc/x86_64-linux-gnu/12/../../.. CMakeFiles/cmTC_32c1e.dir/CMakeCXXCompilerABI.cpp.o -lstdc++ -lm -lgcc_s -lgcc -lc -lgcc_s -lgcc /usr/lib/gcc/x86_64-linux-gnu/12/crtendS.o /usr/lib/gcc/x86_64-linux-gnu/12/../../../x86_64-linux-gnu/crtn.o]
    arg [/usr/lib/gcc/x86_64-linux-gnu/12/collect2] ==> ignore
    arg [-plugin] ==> ignore
    arg [/usr/lib/gcc/x86_64-linux-gnu/12/liblto_plugin.so] ==> ignore
    arg [-plugin-opt=/usr/lib/gcc/x86_64-linux-gnu/12/lto-wrapper] ==> ignore
    arg [-plugin-opt=-fresolution=/tmp/ccVhvuvO.res] ==> ignore
    arg [-plugin-opt=-pass-through=-lgcc_s] ==> ignore
    arg [-plugin-opt=-pass-through=-lgcc] ==> ignore
    arg [-plugin-opt=-pass-through=-lc] ==> ignore
    arg [-plugin-opt=-pass-through=-lgcc_s] ==> ignore
    arg [-plugin-opt=-pass-through=-lgcc] ==> ignore
    arg [--build-id] ==> ignore
    arg [--eh-frame-hdr] ==> ignore
    arg [-m] ==> ignore
    arg [elf_x86_64] ==> ignore
    arg [--hash-style=gnu] ==> ignore
    arg [--as-needed] ==> ignore
    arg [-dynamic-linker] ==> ignore
    arg [/lib64/ld-linux-x86-64.so.2] ==> ignore
    arg [-pie] ==> ignore
    arg [-o] ==> ignore
    arg [cmTC_32c1e] ==> ignore
    arg [/usr/lib/gcc/x86_64-linux-gnu/12/../../../x86_64-linux-gnu/Scrt1.o] ==> obj [/usr/lib/gcc/x86_64-linux-gnu/12/../../../x86_64-linux-gnu/Scrt1.o]
    arg [/usr/lib/gcc/x86_64-linux-gnu/12/../../../x86_64-linux-gnu/crti.o] ==> obj [/usr/lib/gcc/x86_64-linux-gnu/12/../../../x86_64-linux-gnu/crti.o]
    arg [/usr/lib/gcc/x86_64-linux-gnu/12/crtbeginS.o] ==> obj [/usr/lib/gcc/x86_64-linux-gnu/12/crtbeginS.o]
    arg [-L/usr/lib/gcc/x86_64-linux-gnu/12] ==> dir [/usr/lib/gcc/x86_64-linux-gnu/12]
    arg [-L/usr/lib/gcc/x86_64-linux-gnu/12/../../../x86_64-linux-gnu] ==> dir [/usr/lib/gcc/x86_64-linux-gnu/12/../../../x86_64-linux-gnu]
    arg [-L/usr/lib/gcc/x86_64-linux-gnu/12/../../../../lib] ==> dir [/usr/lib/gcc/x86_64-linux-gnu/12/../../../../lib]
    arg [-L/lib/x86_64-linux-gnu] ==> dir [/lib/x86_64-linux-gnu]
    arg [-L/lib/../lib] ==> dir [/lib/../lib]
    arg [-L/usr/lib/x86_64-linux-gnu] ==> dir [/usr/lib/x86_64-linux-gnu]
    arg [-L/usr/lib/../lib] ==> dir [/usr/lib/../lib]
    arg [-L/usr/lib/gcc/x86_64-linux-gnu/12/../../..] ==> dir [/usr/lib/gcc/x86_64-linux-gnu/12/../../..]
    arg [CMakeFiles/cmTC_32c1e.dir/CMakeCXXCompilerABI.cpp.o] ==> ignore
    arg [-lstdc++] ==> lib [stdc++]
    arg [-lm] ==> lib [m]
    arg [-lgcc_s] ==> lib [gcc_s]
    arg [-lgcc] ==> lib [gcc]
    arg [-lc] ==> lib [c]
    arg [-lgcc_s] ==> lib [gcc_s]
    arg [-lgcc] ==> lib [gcc]
    arg [/usr/lib/gcc/x86_64-linux-gnu/12/crtendS.o] ==> obj [/usr/lib/gcc/x86_64-linux-gnu/12/crtendS.o]
    arg [/usr/lib/gcc/x86_64-linux-gnu/12/../../../x86_64-linux-gnu/crtn.o] ==> obj [/usr/lib/gcc/x86_64-linux-gnu/12/../../../x86_64-linux-gnu/crtn.o]
  collapse obj [/usr/lib/gcc/x86_64-linux-gnu/12/../../../x86_64-linux-gnu/Scrt1.o] ==> [/usr/lib/x86_64-linux-gnu/Scrt1.o]
  collapse obj [/usr/lib/gcc/x86_64-linux-gnu/12/../../../x86_64-linux-gnu/crti.o] ==> [/usr/lib/x86_64-linux-gnu/crti.o]
  collapse obj [/usr/lib/gcc/x86_64-linux-gnu/12/../../../x86_64-linux-gnu/crtn.o] ==> [/usr/lib/x86_64-linux-gnu/crtn.o]
  collapse library dir [/usr/lib/gcc/x86_64-linux-gnu/12] ==> [/usr/lib/gcc/x86_64-linux-gnu/12]
  collapse library dir [/usr/lib/gcc/x86_64-linux-gnu/12/../../../x86_64-linux-gnu] ==> [/usr/lib/x86_64-linux-gnu]
  collapse library dir [/usr/lib/gcc/x86_64-linux-gnu/12/../../../../lib] ==> [/usr/lib]
  collapse library dir [/lib/x86_64-linux-gnu] ==> [/lib/x86_64-linux-gnu]
  collapse library dir [/lib/../lib] ==> [/lib]
  collapse library dir [/usr/lib/x86_64-linux-gnu] ==> [/usr/lib/x86_64-linux-gnu]
  collapse library dir [/usr/lib/../lib] ==> [/usr/lib]
  collapse library dir [/usr/lib/gcc/x86_64-linux-gnu/12/../../..] ==> [/usr/lib]
  implicit libs: [stdc++;m;gcc_s;gcc;c;gcc_s;gcc]
  implicit objs: [/usr/lib/x86_64-linux-gnu/Scrt1.o;/usr/lib/x86_64-linux-gnu/crti.o;/usr/lib/gcc/x86_64-linux-gnu/12/crtbeginS.o;/usr/lib/gcc/x86_64-linux-gnu/12/crtendS.o;/usr/lib/x86_64-linux-gnu/crtn.o]
  implicit dirs: [/usr/lib/gcc/x86_64-linux-gnu/12;/usr/lib/x86_64-linux-gnu;/usr/lib;/lib/x86_64-linux-gnu;/lib]
  implicit fwks: []


Performing C SOURCE FILE Test CMAKE_HAVE_LIBC_PTHREAD succeeded with the following output:
Change Dir: /workspace/build/CMakeFiles/CMakeScratch/TryCompile-apYzpO

Run Build Command(s):/usr/bin/gmake -f Makefile cmTC_45857/fast && /usr/bin/gmake  -f CMakeFiles/cmTC_45857.dir/build.make CMakeFiles/cmTC_45857.dir/build
gmake[1]: Entering directory '/workspace/build/CMakeFiles/CMakeScratch/TryCompile-apYzpO'
Building C object CMakeFiles/cmTC_45857.dir/src.c.o
/usr/bin/cc -DCMAKE_HAVE_LIBC_PTHREAD   -o CMakeFiles/cmTC_45857.dir/src.c.o -c /workspace/build/CMakeFiles/CMakeScratch/TryCompile-apYzpO/src.c
Linking C executable cmTC_45857
/usr/bin/cmake -E cmake_link_script CMakeFiles/cmTC_45857.dir/link.txt --verbose=1
/usr/bin/cc CMakeFiles/cmTC_45857.dir/src.c.o -o cmTC_45857 
gmake[1]: Leaving directory '/workspace/build/CMakeFiles/CMakeScratch/TryCompile-apYzpO'


Source file was:
#include <pthread.h>

static void* test_func(void* data)
{
  return data;
}

int main(void)
{
  pthread_t thread;
  pthread_create(&thread, NULL, test_func, NULL);
  pthread_detach(thread);
  pthread_cancel(thread);
  pthread_join(thread, NULL);
  pthread_atfork(NULL, NULL, NULL);
  pthread_exit(NULL);

  return 0;
}


Performing C++ SOURCE FILE Test THREAD_SANITIZER_AVAILABLE succeeded with the following compile output:
Change Dir: /workspace/build/CMakeFiles/CMakeScratch/TryCompile-r5ZlyA

Run Build Command(s):/usr/bin/gmake -f Makefile cmTC_ef2b6/fast && /usr/bin/gmake  -f CMakeFiles/cmTC_ef2b6.dir/build.make CMakeFiles/cmTC_ef2b6.dir/build
gmake[1]: Entering directory '/workspace/build/CMakeFiles/CMakeScratch/TryCompile-r5ZlyA'
Building CXX object CMakeFiles/cmTC_ef2b6.dir/src.cxx.o
/usr/bin/c++ -DTHREAD_SANITIZER_AVAILABLE  -Wall -Wextra -Wno-unused-parameter -Wno-unused-variable -Wno-deprecated-declarations -Wno-overloaded-virtual -Wno-strict-aliasing -Wno-sign-compare -Wno-unused-function -Wunused-result -fsanitize=thread -std=gnu++17 -o CMakeFiles/cmTC_ef2b6.dir/src.cxx.o -c /workspace/build/CMakeFiles/CMakeScratch/TryCompile-r5ZlyA/src.cxx
Linking CXX executable cmTC_ef2b6
/usr/bin/cmake -E cmake_link_script CMakeFiles/cmTC_ef2b6.dir/link.txt --verbose=1
/usr/bin/c++ -Wall -Wextra -Wno-unused-parameter -Wno-unused-variable -Wno-deprecated-declarations -Wno-overloaded-virtual -Wno-strict-aliasing -Wno-sign-compare -Wno-unused-function -Wunused-result -fsanitize=thread CMakeFiles/cmTC_ef2b6.dir/src.cxx.o -o cmTC_ef2b6 
gmake[1]: Leaving directory '/workspace/build/CMakeFiles/CMakeScratch/TryCompile-r5ZlyA'


...and run output:

Return value: 1
Source file was:
int main() { return 0; }

Performing C++ SOURCE FILE Test ADDRESS_SANITIZER_AVAILABLE succeeded with the following compile output:
Change Dir: /workspace/build/CMakeFiles/CMakeScratch/TryCompile-S02kNR

Run Build Command(s):/usr/bin/gmake -f Makefile cmTC_5c674/fast && /usr/bin/gmake  -f CMakeFiles/cmTC_5c674.dir/build.make CMakeFiles/cmTC_5c674.dir/build
gmake[1]: Entering directory '/workspace/build/CMakeFiles/CMakeScratch/TryCompile-S02kNR'
Building CXX object CMakeFiles/cmTC_5c674.dir/src.cxx.o
/usr/bin/c++ -DADDRESS_SANITIZER_AVAILABLE  -Wall -Wextra -Wno-unused-parameter -Wno-unused-variable -Wno-deprecated-declarations -Wno-overloaded-virtual -Wno-strict-aliasing -Wno-sign-compare -Wno-unused-function -Wunused-result -fsanitize=address -std=gnu++17 -o CMakeFiles/cmTC_5c674.dir/src.cxx.o -c /workspace/build/CMakeFiles/CMakeScratch/TryCompile-S02kNR/src.cxx
Linking CXX executable cmTC_5c674
/usr/bin/cmake -E cmake_link_script CMakeFiles/cmTC_5c674.dir/link.txt --verbose=1
/usr/bin/c++ -Wall -Wextra -Wno-unused-parameter -Wno-unused-variable -Wno-deprecated-declarations -Wno-overloaded-virtual -Wno-strict-aliasing -Wno-sign-compare -Wno-unused-function -Wunused-result -fsanitize=address CMakeFiles/cmTC_5c674.dir/src.cxx.o -o cmTC_5c674 
gmake[1]: Leaving directory '/workspace/build/CMakeFiles/CMakeScratch/TryCompile-S02kNR'


...and run output:

Return value: 1
Source file was:
int main() { return 0; }

Performing C++ SOURCE FILE Test LEAK_SANITIZER_AVAILABLE succeeded with the following output:
Change Dir: /workspace/build/CMakeFiles/CMakeScratch/TryCompile-yrSQFR

Run Build Command(s):/usr/bin/gmake -f Makefile cmTC_030fb/fast && /usr/bin/gmake  -f CMakeFiles/cmTC_030fb.dir/build.make CMakeFiles/cmTC_030fb.dir/build
gmake[1]: Entering directory '/workspace/build/CMakeFiles/CMakeScratch/TryCompile-yrSQFR'
Building CXX object CMakeFiles/cmTC_030fb.dir/src.cxx.o
/usr/bin/c++ -DLEAK_SANITIZER_AVAILABLE  -Wall -Wextra -Wno-unused-parameter -Wno-unused-variable -Wno-deprecated-declarations -Wno-overloaded-virtual -Wno-strict-aliasing -Wno-sign-compare -Wno-unused-function -Wunused-result    -fsanitize=leak -std=gnu++17 -o CMakeFiles/cmTC_030fb.dir/src.cxx.o -c /workspace/build/CMakeFiles/CMakeScratch/TryCompile-yrSQFR/src.cxx
Linking CXX executable cmTC_030fb
/usr/bin/cmake -E cmake_link_script CMakeFiles/cmTC_030fb.dir/link.txt --verbose=1
/usr/bin/c++ -Wall -Wextra -Wno-unused-parameter -Wno-unused-variable -Wno-deprecated-declarations -Wno-overloaded-virtual -Wno-strict-aliasing -Wno-sign-compare -Wno-unused-function -Wunused-result  CMakeFiles/cmTC_030fb.dir/src.cxx.o -o cmTC_030fb 
gmake[1]: Leaving directory '/workspace/build/CMakeFiles/CMakeScratch/TryCompile-yrSQFR'


Source file was:
int main() { return 0; }

Performing C++ SOURCE FILE Test UNDEFINED_BEHAVIOUR_SANITIZER_AVAILABLE succeeded with the following output:
Change Dir: /workspace/build/CMakeFiles/CMakeScratch/TryCompile-BTILBE

Run Build Command(s):/usr/bin/gmake -f Makefile cmTC_b09c6/fast && /usr/bin/gmake  -f CMakeFiles/cmTC_b09c6.dir/build.make CMakeFiles/cmTC_b09c6.dir/build
gmake[1]: Entering directory '/workspace/build/CMakeFiles/CMakeScratch/TryCompile-BTILBE'
Building CXX object CMakeFiles/cmTC_b09c6.dir/src.cxx.o
/usr/bin/c++ -DUNDEFINED_BEHAVIOUR_SANITIZER_AVAILABLE  -Wall -Wextra -Wno-unused-parameter -Wno-unused-variable -Wno-deprecated-declarations -Wno-overloaded-virtual -Wno-strict-aliasing -Wno-sign-compare -Wno-unused-function -Wunused-result    -fsanitize=undefined -std=gnu++17 -o CMakeFiles/cmTC_b09c6.dir/src.cxx.o -c /workspace/build/CMakeFiles/CMakeScratch/TryCompile-BTILBE/src.cxx
Linking CXX executable cmTC_b09c6
/usr/bin/cmake -E cmake_link_script CMakeFiles/cmTC_b09c6.dir/link.txt --verbose=1
/usr/bin/c++ -Wall -Wextra -Wno-unused-parameter -Wno-unused-variable -Wno-deprecated-declarations -Wno-overloaded-virtual -Wno-strict-aliasing -Wno-sign-compare -Wno-unused-function -Wunused-result  CMakeFiles/cmTC_b09c6.dir/src.cxx.o -o cmTC_b09c6 
gmake[1]: Leaving directory '/workspace/build/CMakeFiles/CMakeScratch/TryCompile-BTILBE'


Source file was:
int main() { return 0; }

Performing C++ SOURCE FILE Test ALL_SANITIZERS_AVAILABLE succeeded with the following compile output:
Change Dir: /workspace/build/CMakeFiles/CMakeScratch/TryCompile-LbM9xD

Run Build Command(s):/usr/bin/gmake -f Makefile cmTC_3f625/fast && /usr/bin/gmake  -f CMakeFiles/cmTC_3f625.dir/build.make CMakeFiles/cmTC_3f625.dir/build
gmake[1]: Entering directory '/workspace/build/CMakeFiles/CMakeScratch/TryCompile-LbM9xD'
Building CXX object CMakeFiles/cmTC_3f625.dir/src.cxx.o
/usr/bin/c++ -DALL_SANITIZERS_AVAILABLE  -Wall -Wextra -Wno-unused-parameter -Wno-unused-variable -Wno-deprecated-declarations -Wno-overloaded-virtual -Wno-strict-aliasing -Wno-sign-compare -Wno-unused-function -Wunused-result  -fsanitize=address -fsanitize=leak -fsanitize=undefined -std=gnu++17 -o CMakeFiles/cmTC_3f625.dir/src.cxx.o -c /workspace/build/CMakeFiles/CMakeScratch/TryCompile-LbM9xD/src.cxx
Linking CXX executable cmTC_3f625
/usr/bin/cmake -E cmake_link_script CMakeFiles/cmTC_3f625.dir/link.txt --verbose=1
/usr/bin/c++ -Wall -Wextra -Wno-unused-parameter -Wno-unused-variable -Wno-deprecated-declarations -Wno-overloaded-virtual -Wno-strict-aliasing -Wno-sign-compare -Wno-unused-function -Wunused-result  -fsanitize=address -fsanitize=leak -fsanitize=undefined CMakeFiles/cmTC_3f625.dir/src.cxx.o -o cmTC_3f625 
gmake[1]: Leaving directory '/workspace/build/CMakeFiles/CMakeScratch/TryCompile-LbM9xD'


...and run output:

Return value: 1
Source file was:
int main() { return 0; }

Performing C SOURCE FILE Test FNO_LTO_AVAILABLE succeeded with the following output:
Change Dir: /workspace/build/CMakeFiles/CMakeScratch/TryCompile-JVphSL

Run Build Command(s):/usr/bin/gmake -f Makefile cmTC_b8d10/fast && /usr/bin/gmake  -f CMakeFiles/cmTC_b8d10.dir/build.make CMakeFiles/cmTC_b8d10.dir/build
gmake[1]: Entering directory '/workspace/build/CMakeFiles/CMakeScratch/TryCompile-JVphSL'
Building C object CMakeFiles/cmTC_b8d10.dir/src.c.o
/usr/bin/cc -DFNO_LTO_AVAILABLE  -fno-lto -std=c99 -o CMakeFiles/cmTC_b8d10.dir/src.c.o -c /workspace/build/CMakeFiles/CMakeScratch/TryCompile-JVphSL/src.c
Linking C executable cmTC_b8d10
/usr/bin/cmake -E cmake_link_script CMakeFiles/cmTC_b8d10.dir/link.txt --verbose=1
/usr/bin/cc  -fno-lto CMakeFiles/cmTC_b8d10.dir/src.c.o -o cmTC_b8d10 
gmake[1]: Leaving directory '/workspace/build/CMakeFiles/CMakeScratch/TryCompile-JVphSL'


Source file was:
int main() { return 0; }

Determining if the include file unistd.h exists passed with the following output:
Change Dir: /workspace/build/CMakeFiles/CMakeScratch/TryCompile-RIGjtN

Run Build Command(s):/usr/bin/gmake -f Makefile cmTC_1ead9/fast && /usr/bin/gmake  -f CMakeFiles/cmTC_1ead9.dir/build.make CMakeFiles/cmTC_1ead9.dir/build
gmake[1]: Entering directory '/workspace/build/CMakeFiles/CMakeScratch/TryCompile-RIGjtN'
Building C object CMakeFiles/cmTC_1ead9.dir/CheckIncludeFile.c.o
/usr/bin/cc   -Wall -Wno-implicit-fallthrough  -std=c99 -o CMakeFiles/cmTC_1ead9.dir/CheckIncludeFile.c.o -c /workspace/build/CMakeFiles/CMakeScratch/TryCompile-RIGjtN/CheckIncludeFile.c
Linking C executable cmTC_1ead9
/usr/bin/cmake -E cmake_link_script CMakeFiles/cmTC_1ead9.dir/link.txt --verbose=1
/usr/bin/cc  -Wall -Wno-implicit-fallthrough  CMakeFiles/cmTC_1ead9.dir/CheckIncludeFile.c.o -o cmTC_1ead9 
gmake[1]: Leaving directory '/workspace/build/CMakeFiles/CMakeScratch/TryCompile-RIGjtN'



Determining if the include file sys/types.h exists passed with the following output:
Change Dir: /workspace/build/CMakeFiles/CMakeScratch/TryCompile-jxOyS9

Run Build Command(s):/usr/bin/gmake -f Makefile cmTC_d29f2/fast && /usr/bin/gmake  -f CMakeFiles/cmTC_d29f2.dir/build.make CMakeFiles/cmTC_d29f2.dir/build
gmake[1]: Entering directory '/workspace/build/CMakeFiles/CMakeScratch/TryCompile-jxOyS9'
Building C object CMakeFiles/cmTC_d29f2.dir/CheckIncludeFile.c.o
/usr/bin/cc -D_LARGEFILE64_SOURCE=1 -D__USE_LARGEFILE64  -Wall -Wno-implicit-fallthrough  -std=c99 -o CMakeFiles/cmTC_d29f2.dir/CheckIncludeFile.c.o -c /workspace/build/CMakeFiles/CMakeScratch/TryCompile-jxOyS9/CheckIncludeFile.c
Linking C executable cmTC_d29f2
/usr/bin/cmake -E cmake_link_script CMakeFiles/cmTC_d29f2.dir/link.txt --verbose=1
/usr/bin/cc  -Wall -Wno-implicit-fallthrough  CMakeFiles/cmTC_d29f2.dir/CheckIncludeFile.c.o -o cmTC_d29f2 
gmake[1]: Leaving directory '/workspace/build/CMakeFiles/CMakeScratch/TryCompile-jxOyS9'



Determining if the include file stdint.h exists passed with the following output:
Change Dir: /workspace/build/CMakeFiles/CMakeScratch/TryCompile-sxIdvy

Run Build Command(s):/usr/bin/gmake -f Makefile cmTC_0175f/fast && /usr/bin/gmake  -f CMakeFiles/cmTC_0175f.dir/build.make CMakeFiles/cmTC_0175f.dir/build
gmake[1]: Entering directory '/workspace/build/CMakeFiles/CMakeScratch/TryCompile-sxIdvy'
Building C object CMakeFiles/cmTC_0175f.dir/CheckIncludeFile.c.o
/usr/bin/cc -D_LARGEFILE64_SOURCE=1 -D__USE_LARGEFILE64  -Wall -Wno-implicit-fallthrough  -std=c99 -o CMakeFiles/cmTC_0175f.dir/CheckIncludeFile.c.o -c /workspace/build/CMakeFiles/CMakeScratch/TryCompile-sxIdvy/CheckIncludeFile.c
Linking C executable cmTC_0175f
/usr/bin/cmake -E cmake_link_script CMakeFiles/cmTC_0175f.dir/link.txt --verbose=1
/usr/bin/cc  -Wall -Wno-implicit-fallthrough  CMakeFiles/cmTC_0175f.dir/CheckIncludeFile.c.o -o cmTC_0175f 
gmake[1]: Leaving directory '/workspace/build/CMakeFiles/CMakeScratch/TryCompile-sxIdvy'



Determining if the include file stddef.h exists passed with the following output:
Change Dir: /workspace/build/CMakeFiles/CMakeScratch/TryCompile-KYecSx

Run Build Command(s):/usr/bin/gmake -f Makefile cmTC_00cb5/fast && /usr/bin/gmake  -f CMakeFiles/cmTC_00cb5.dir/build.make CMakeFiles/cmTC_00cb5.dir/build
gmake[1]: Entering directory '/workspace/build/CMakeFiles/CMakeScratch/TryCompile-KYecSx'
Building C object CMakeFiles/cmTC_00cb5.dir/CheckIncludeFile.c.o
/usr/bin/cc -D_LARGEFILE64_SOURCE=1 -D__USE_LARGEFILE64  -Wall -Wno-implicit-fallthrough  -std=c99 -o CMakeFiles/cmTC_00cb5.dir/CheckIncludeFile.c.o -c /workspace/build/CMakeFiles/CMakeScratch/TryCompile-KYecSx/CheckIncludeFile.c
Linking C executable cmTC_00cb5
/usr/bin/cmake -E cmake_link_script CMakeFiles/cmTC_00cb5.dir/link.txt --verbose=1
/usr/bin/cc  -Wall -Wno-implicit-fallthrough  CMakeFiles/cmTC_00cb5.dir/CheckIncludeFile.c.o -o cmTC_00cb5 
gmake[1]: Leaving directory '/workspace/build/CMakeFiles/CMakeScratch/TryCompile-KYecSx'



Determining size of off64_t passed with the following output:
Change Dir: /workspace/build/CMakeFiles/CMakeScratch/TryCompile-j0DRfV

Run Build Command(s):/usr/bin/gmake -f Makefile cmTC_08a66/fast && /usr/bin/gmake  -f CMakeFiles/cmTC_08a66.dir/build.make CMakeFiles/cmTC_08a66.dir/build
gmake[1]: Entering directory '/workspace/build/CMakeFiles/CMakeScratch/TryCompile-j0DRfV'
Building C object CMakeFiles/cmTC_08a66.dir/OFF64_T.c.o
/usr/bin/cc -D_LARGEFILE64_SOURCE=1 -D__USE_LARGEFILE64  -Wall -Wno-implicit-fallthrough  -std=c99 -o CMakeFiles/cmTC_08a66.dir/OFF64_T.c.o -c /workspace/build/CMakeFiles/CMakeScratch/TryCompile-j0DRfV/OFF64_T.c
Linking C executable cmTC_08a66
/usr/bin/cmake -E cmake_link_script CMakeFiles/cmTC_08a66.dir/link.txt --verbose=1
/usr/bin/cc  -Wall -Wno-implicit-fallthrough  CMakeFiles/cmTC_08a66.dir/OFF64_T.c.o -o cmTC_08a66 
gmake[1]: Leaving directory '/workspace/build/CMakeFiles/CMakeScratch/TryCompile-j0DRfV'



Determining if the function fseeko exists passed with the following output:
Change Dir: /workspace/build/CMakeFiles/CMakeScratch/TryCompile-fwcOqc

Run Build Command(s):/usr/bin/gmake -f Makefile cmTC_36ea9/fast && /usr/bin/gmake  -f CMakeFiles/cmTC_36ea9.dir/build.make CMakeFiles/cmTC_36ea9.dir/build
gmake[1]: Entering directory '/workspace/build/CMakeFiles/CMakeScratch/TryCompile-fwcOqc'
Building C object CMakeFiles/cmTC_36ea9.dir/CheckFunctionExists.c.o
/usr/bin/cc   -Wall -Wno-implicit-fallthrough -DCHECK_FUNCTION_EXISTS=fseeko -std=c99 -o CMakeFiles/cmTC_36ea9.dir/CheckFunctionExists.c.o -c /workspace/build/CMakeFiles/CMakeScratch/TryCompile-fwcOqc/CheckFunctionExists.c
Linking C executable cmTC_36ea9
/usr/bin/cmake -E cmake_link_script CMakeFiles/cmTC_36ea9.dir/link.txt --verbose=1
/usr/bin/cc  -Wall -Wno-implicit-fallthrough -DCHECK_FUNCTION_EXISTS=fseeko CMakeFiles/cmTC_36ea9.dir/CheckFunctionExists.c.o -o cmTC_36ea9 
gmake[1]: Leaving directory '/workspace/build/CMakeFiles/CMakeScratch/TryCompile-fwcOqc'



Determining if the function strerror exists passed with the following output:
Change Dir: /workspace/build/CMakeFiles/CMakeScratch/TryCompile-2A8i3l

Run Build Command(s):/usr/bin/gmake -f Makefile cmTC_a516b/fast && /usr/bin/gmake  -f CMakeFiles/cmTC_a516b.dir/build.make CMakeFiles/cmTC_a516b.dir/build
gmake[1]: Entering directory '/workspace/build/CMakeFiles/CMakeScratch/TryCompile-2A8i3l'
Building C object CMakeFiles/cmTC_a516b.dir/CheckFunctionExists.c.o
/usr/bin/cc   -Wall -Wno-implicit-fallthrough -DCHECK_FUNCTION_EXISTS=strerror -std=c99 -o CMakeFiles/cmTC_a516b.dir/CheckFunctionExists.c.o -c /workspace/build/CMakeFiles/CMakeScratch/TryCompile-2A8i3l/CheckFunctionExists.c
Linking C executable cmTC_a516b
/usr/bin/cmake -E cmake_link_script CMakeFiles/cmTC_a516b.dir/link.txt --verbose=1
/usr/bin/cc  -Wall -Wno-implicit-fallthrough -DCHECK_FUNCTION_EXISTS=strerror CMakeFiles/cmTC_a516b.dir/CheckFunctionExists.c.o -o cmTC_a516b 
gmake[1]: Leaving directory '/workspace/build/CMakeFiles/CMakeScratch/TryCompile-2A8i3l'



Determining if the function posix_memalign exists passed with the following output:
Change Dir: /workspace/build/CMakeFiles/CMakeScratch/TryCompile-9GSsWF

Run Build Command(s):/usr/bin/gmake -f Makefile cmTC_80286/fast && /usr/bin/gmake  -f CMakeFiles/cmTC_80286.dir/build.make CMakeFiles/cmTC_80286.dir/build
gmake[1]: Entering directory '/workspace/build/CMakeFiles/CMakeScratch/TryCompile-9GSsWF'
Building C object CMakeFiles/cmTC_80286.dir/CheckFunctionExists.c.o
/usr/bin/cc   -Wall -Wno-implicit-fallthrough -DCHECK_FUNCTION_EXISTS=posix_memalign   -D _POSIX_C_SOURCE=200112L -std=c99 -o CMakeFiles/cmTC_80286.dir/CheckFunctionExists.c.o -c /workspace/build/CMakeFiles/CMakeScratch/TryCompile-9GSsWF/CheckFunctionExists.c
Linking C executable cmTC_80286
/usr/bin/cmake -E cmake_link_script CMakeFiles/cmTC_80286.dir/link.txt --verbose=1
/usr/bin/cc  -Wall -Wno-implicit-fallthrough -DCHECK_FUNCTION_EXISTS=posix_memalign CMakeFiles/cmTC_80286.dir/CheckFunctionExists.c.o -o cmTC_80286 
gmake[1]: Leaving directory '/workspace/build/CMakeFiles/CMakeScratch/TryCompile-9GSsWF'



Performing C SOURCE FILE Test HAVE_NO_INTERPOSITION succeeded with the following output:
Change Dir: /workspace/build/CMakeFiles/CMakeScratch/TryCompile-cRkQxP

Run Build Command(s):/usr/bin/gmake -f Makefile cmTC_e9d9c/fast && /usr/bin/gmake  -f CMakeFiles/cmTC_e9d9c.dir/build.make CMakeFiles/cmTC_e9d9c.dir/build
gmake[1]: Entering directory '/workspace/build/CMakeFiles/CMakeScratch/TryCompile-cRkQxP'
Building C object CMakeFiles/cmTC_e9d9c.dir/src.c.o
/usr/bin/cc -DHAVE_NO_INTERPOSITION  -Wall -Wno-implicit-fallthrough    -fno-semantic-interposition -std=c99 -o CMakeFiles/cmTC_e9d9c.dir/src.c.o -c /workspace/build/CMakeFiles/CMakeScratch/TryCompile-cRkQxP/src.c
Linking C executable cmTC_e9d9c
/usr/bin/cmake -E cmake_link_script CMakeFiles/cmTC_e9d9c.dir/link.txt --verbose=1
/usr/bin/cc  -Wall -Wno-implicit-fallthrough  CMakeFiles/cmTC_e9d9c.dir/src.c.o -o cmTC_e9d9c 
gmake[1]: Leaving directory '/workspace/build/CMakeFiles/CMakeScratch/TryCompile-cRkQxP'


Source file was:
int main(void) { return 0; }

Performing C SOURCE FILE Test HAVE_ATTRIBUTE_VISIBILITY_HIDDEN succeeded with the following output:
Change Dir: /workspace/build/CMakeFiles/CMakeScratch/TryCompile-QC8UR1

Run Build Command(s):/usr/bin/gmake -f Makefile cmTC_d4dcd/fast && /usr/bin/gmake  -f CMakeFiles/cmTC_d4dcd.dir/build.make CMakeFiles/cmTC_d4dcd.dir/build
gmake[1]: Entering directory '/workspace/build/CMakeFiles/CMakeScratch/TryCompile-QC8UR1'
Building C object CMakeFiles/cmTC_d4dcd.dir/src.c.o
/usr/bin/cc -DHAVE_ATTRIBUTE_VISIBILITY_HIDDEN  -Wall -Wno-implicit-fallthrough  -std=c99 -o CMakeFiles/cmTC_d4dcd.dir/src.c.o -c /workspace/build/CMakeFiles/CMakeScratch/TryCompile-QC8UR1/src.c
Linking C executable cmTC_d4dcd
/usr/bin/cmake -E cmake_link_script CMakeFiles/cmTC_d4dcd.dir/link.txt --verbose=1
/usr/bin/cc  -Wall -Wno-implicit-fallthrough  CMakeFiles/cmTC_d4dcd.dir/src.c.o -o cmTC_d4dcd 
gmake[1]: Leaving directory '/workspace/build/CMakeFiles/CMakeScratch/TryCompile-QC8UR1'


Source file was:
#define Z_INTERNAL __attribute__((visibility ("hidden")))
    int Z_INTERNAL foo;
    int main() {
        return 0;
    }

Performing C SOURCE FILE Test HAVE_ATTRIBUTE_VISIBILITY_INTERNAL succeeded with the following output:
Change Dir: /workspace/build/CMakeFiles/CMakeScratch/TryCompile-eT0GVg

Run Build Command(s):/usr/bin/gmake -f Makefile cmTC_9a0c1/fast && /usr/bin/gmake  -f CMakeFiles/cmTC_9a0c1.dir/build.make CMakeFiles/cmTC_9a0c1.dir/build
gmake[1]: Entering directory '/workspace/build/CMakeFiles/CMakeScratch/TryCompile-eT0GVg'
Building C object CMakeFiles/cmTC_9a0c1.dir/src.c.o
/usr/bin/cc -DHAVE_ATTRIBUTE_VISIBILITY_INTERNAL  -Wall -Wno-implicit-fallthrough  -std=c99 -o CMakeFiles/cmTC_9a0c1.dir/src.c.o -c /workspace/build/CMakeFiles/CMakeScratch/TryCompile-eT0GVg/src.c
Linking C executable cmTC_9a0c1
/usr/bin/cmake -E cmake_link_script CMakeFiles/cmTC_9a0c1.dir/link.txt --verbose=1
/usr/bin/cc  -Wall -Wno-implicit-fallthrough  CMakeFiles/cmTC_9a0c1.dir/src.c.o -o cmTC_9a0c1 
gmake[1]: Leaving directory '/workspace/build/CMakeFiles/CMakeScratch/TryCompile-eT0GVg'


Source file was:
#define Z_INTERNAL __attribute__((visibility ("internal")))
    int Z_INTERNAL foo;
    int main() {
        return 0;
    }

Performing C SOURCE FILE Test HAVE_BUILTIN_CTZ succeeded with the following output:
Change Dir: /workspace/build/CMakeFiles/CMakeScratch/TryCompile-uZIaTH

Run Build Command(s):/usr/bin/gmake -f Makefile cmTC_bb3ca/fast && /usr/bin/gmake  -f CMakeFiles/cmTC_bb3ca.dir/build.make CMakeFiles/cmTC_bb3ca.dir/build
gmake[1]: Entering directory '/workspace/build/CMakeFiles/CMakeScratch/TryCompile-uZIaTH'
Building C object CMakeFiles/cmTC_bb3ca.dir/src.c.o
/usr/bin/cc -DHAVE_BUILTIN_CTZ  -Wall -Wno-implicit-fallthrough  -std=c99 -o CMakeFiles/cmTC_bb3ca.dir/src.c.o -c /workspace/build/CMakeFiles/CMakeScratch/TryCompile-uZIaTH/src.c
Linking C executable cmTC_bb3ca
/usr/bin/cmake -E cmake_link_script CMakeFiles/cmTC_bb3ca.dir/link.txt --verbose=1
/usr/bin/cc  -Wall -Wno-implicit-fallthrough  CMakeFiles/cmTC_bb3ca.dir/src.c.o -o cmTC_bb3ca 
gmake[1]: Leaving directory '/workspace/build/CMakeFiles/CMakeScratch/TryCompile-uZIaTH'


Source file was:
int main(void) {
        unsigned int zero = 0;
        long test = __builtin_ctz(zero);
        (void)test;
        return 0;
    }

Performing C SOURCE FILE Test HAVE_BUILTIN_CTZLL succeeded with the following output:
Change Dir: /workspace/build/CMakeFiles/CMakeScratch/TryCompile-3ShEcR

Run Build Command(s):/usr/bin/gmake -f Makefile cmTC_af21a/fast && /usr/bin/gmake  -f CMakeFiles/cmTC_af21a.dir/build.make CMakeFiles/cmTC_af21a.dir/build
gmake[1]: Entering directory '/workspace/build/CMakeFiles/CMakeScratch/TryCompile-3ShEcR'
Building C object CMakeFiles/cmTC_af21a.dir/src.c.o
/usr/bin/cc -DHAVE_BUILTIN_CTZLL  -Wall -Wno-implicit-fallthrough  -std=c99 -o CMakeFiles/cmTC_af21a.dir/src.c.o -c /workspace/build/CMakeFiles/CMakeScratch/TryCompile-3ShEcR/src.c
Linking C executable cmTC_af21a
/usr/bin/cmake -E cmake_link_script CMakeFiles/cmTC_af21a.dir/link.txt --verbose=1
/usr/bin/cc  -Wall -Wno-implicit-fallthrough  CMakeFiles/cmTC_af21a.dir/src.c.o -o cmTC_af21a 
gmake[1]: Leaving directory '/workspace/build/CMakeFiles/CMakeScratch/TryCompile-3ShEcR'


Source file was:
int main(void) {
        unsigned int zero = 0;
        long test = __builtin_ctzll(zero);
        (void)test;
        return 0;
    }

Performing C SOURCE FILE Test HAVE_PTRDIFF_T succeeded with the following output:
Change Dir: /workspace/build/CMakeFiles/CMakeScratch/TryCompile-kT1Ll7

Run Build Command(s):/usr/bin/gmake -f Makefile cmTC_3d62a/fast && /usr/bin/gmake  -f CMakeFiles/cmTC_3d62a.dir/build.make CMakeFiles/cmTC_3d62a.dir/build
gmake[1]: Entering directory '/workspace/build/CMakeFiles/CMakeScratch/TryCompile-kT1Ll7'
Building C object CMakeFiles/cmTC_3d62a.dir/src.c.o
/usr/bin/cc -DHAVE_PTRDIFF_T  -Wall -Wno-implicit-fallthrough  -std=c99 -o CMakeFiles/cmTC_3d62a.dir/src.c.o -c /workspace/build/CMakeFiles/CMakeScratch/TryCompile-kT1Ll7/src.c
Linking C executable cmTC_3d62a
/usr/bin/cmake -E cmake_link_script CMakeFiles/cmTC_3d62a.dir/link.txt --verbose=1
/usr/bin/cc  -Wall -Wno-implicit-fallthrough  CMakeFiles/cmTC_3d62a.dir/src.c.o -o cmTC_3d62a 
gmake[1]: Leaving directory '/workspace/build/CMakeFiles/CMakeScratch/TryCompile-kT1Ll7'


Source file was:
#include <stddef.h>
     int main() {
         ptrdiff_t *a;
         (void)a;
         return 0;
    }

Performing C SOURCE FILE Test HAVE_SSE2_INTRIN succeeded with the following output:
Change Dir: /workspace/build/CMakeFiles/CMakeScratch/TryCompile-7QiagQ

Run Build Command(s):/usr/bin/gmake -f Makefile cmTC_9c4d4/fast && /usr/bin/gmake  -f CMakeFiles/cmTC_9c4d4.dir/build.make CMakeFiles/cmTC_9c4d4.dir/build
gmake[1]: Entering directory '/workspace/build/CMakeFiles/CMakeScratch/TryCompile-7QiagQ'
Building C object CMakeFiles/cmTC_9c4d4.dir/src.c.o
/usr/bin/cc -DHAVE_SSE2_INTRIN  -Wall -Wno-implicit-fallthrough -msse2 -std=c99 -o CMakeFiles/cmTC_9c4d4.dir/src.c.o -c /workspace/build/CMakeFiles/CMakeScratch/TryCompile-7QiagQ/src.c
Linking C executable cmTC_9c4d4
/usr/bin/cmake -E cmake_link_script CMakeFiles/cmTC_9c4d4.dir/link.txt --verbose=1
/usr/bin/cc  -Wall -Wno-implicit-fallthrough -msse2 CMakeFiles/cmTC_9c4d4.dir/src.c.o -o cmTC_9c4d4 
gmake[1]: Leaving directory '/workspace/build/CMakeFiles/CMakeScratch/TryCompile-7QiagQ'


Source file was:
#include <immintrin.h>
        int main(void) {
            __m128i zero = _mm_setzero_si128();
            (void)zero;
            return 0;
        }

Performing C SOURCE FILE Test HAVE_SSSE3_INTRIN succeeded with the following output:
Change Dir: /workspace/build/CMakeFiles/CMakeScratch/TryCompile-poIw8g

Run Build Command(s):/usr/bin/gmake -f Makefile cmTC_47ddc/fast && /usr/bin/gmake  -f CMakeFiles/cmTC_47ddc.dir/build.make CMakeFiles/cmTC_47ddc.dir/build
gmake[1]: Entering directory '/workspace/build/CMakeFiles/CMakeScratch/TryCompile-poIw8g'
Building C object CMakeFiles/cmTC_47ddc.dir/src.c.o
/usr/bin/cc -DHAVE_SSSE3_INTRIN  -Wall -Wno-implicit-fallthrough -mssse3 -std=c99 -o CMakeFiles/cmTC_47ddc.dir/src.c.o -c /workspace/build/CMakeFiles/CMakeScratch/TryCompile-poIw8g/src.c
Linking C executable cmTC_47ddc
/usr/bin/cmake -E cmake_link_script CMakeFiles/cmTC_47ddc.dir/link.txt --verbose=1
/usr/bin/cc  -Wall -Wno-implicit-fallthrough -mssse3 CMakeFiles/cmTC_47ddc.dir/src.c.o -o cmTC_47ddc 
gmake[1]: Leaving directory '/workspace/build/CMakeFiles/CMakeScratch/TryCompile-poIw8g'


Source file was:
#include <immintrin.h>
        int main(void) {
            __m128i u, v, w;
            u = _mm_set1_epi32(1);
            v = _mm_set1_epi32(2);
            w = _mm_hadd_epi32(u, v);
            (void)w;
            return 0;
        }

Performing C SOURCE FILE Test HAVE_SSE42CRC_INLINE_ASM succeeded with the following output:
Change Dir: /workspace/build/CMakeFiles/CMakeScratch/TryCompile-D4Umd3

Run Build Command(s):/usr/bin/gmake -f Makefile cmTC_038a2/fast && /usr/bin/gmake  -f CMakeFiles/cmTC_038a2.dir/build.make CMakeFiles/cmTC_038a2.dir/build
gmake[1]: Entering directory '/workspace/build/CMakeFiles/CMakeScratch/TryCompile-D4Umd3'
Building C object CMakeFiles/cmTC_038a2.dir/src.c.o
/usr/bin/cc -DHAVE_SSE42CRC_INLINE_ASM  -Wall -Wno-implicit-fallthrough -msse4 -std=c99 -o CMakeFiles/cmTC_038a2.dir/src.c.o -c /workspace/build/CMakeFiles/CMakeScratch/TryCompile-D4Umd3/src.c
Linking C executable cmTC_038a2
/usr/bin/cmake -E cmake_link_script CMakeFiles/cmTC_038a2.dir/link.txt --verbose=1
/usr/bin/cc  -Wall -Wno-implicit-fallthrough -msse4 CMakeFiles/cmTC_038a2.dir/src.c.o -o cmTC_038a2 
gmake[1]: Leaving directory '/workspace/build/CMakeFiles/CMakeScratch/TryCompile-D4Umd3'


Source file was:
int main(void) {
            unsigned val = 0, h = 0;
        #if defined(_MSC_VER)
            { __asm mov edx, h __asm mov eax, val __asm crc32 eax, edx __asm mov val, eax }
        #else
            __asm__ __volatile__ ( "crc32 %1,%0" : "+r" (h) : "r" (val) );
        #endif
            return (int)h;
        }

Performing C SOURCE FILE Test HAVE_SSE42CRC_INTRIN succeeded with the following output:
Change Dir: /workspace/build/CMakeFiles/CMakeScratch/TryCompile-7G11i6

Run Build Command(s):/usr/bin/gmake -f Makefile cmTC_532de/fast && /usr/bin/gmake  -f CMakeFiles/cmTC_532de.dir/build.make CMakeFiles/cmTC_532de.dir/build
gmake[1]: Entering directory '/workspace/build/CMakeFiles/CMakeScratch/TryCompile-7G11i6'
Building C object CMakeFiles/cmTC_532de.dir/src.c.o
/usr/bin/cc -DHAVE_SSE42CRC_INTRIN  -Wall -Wno-implicit-fallthrough -msse4 -std=c99 -o CMakeFiles/cmTC_532de.dir/src.c.o -c /workspace/build/CMakeFiles/CMakeScratch/TryCompile-7G11i6/src.c
Linking C executable cmTC_532de
/usr/bin/cmake -E cmake_link_script CMakeFiles/cmTC_532de.dir/link.txt --verbose=1
/usr/bin/cc  -Wall -Wno-implicit-fallthrough -msse4 CMakeFiles/cmTC_532de.dir/src.c.o -o cmTC_532de 
gmake[1]: Leaving directory '/workspace/build/CMakeFiles/CMakeScratch/TryCompile-7G11i6'


Source file was:
#include <immintrin.h>
        int main(void) {
            unsigned crc = 0;
            char c = 'c';
        #if defined(_MSC_VER)
            crc = _mm_crc32_u32(crc, c);
        #else
            crc = __builtin_ia32_crc32qi(crc, c);
        #endif
            (void)crc;
            return 0;
        }

Performing C SOURCE FILE Test HAVE_SSE42CMPSTR_INTRIN succeeded with the following output:
Change Dir: /workspace/build/CMakeFiles/CMakeScratch/TryCompile-UH5u6P

Run Build Command(s):/usr/bin/gmake -f Makefile cmTC_99c3d/fast && /usr/bin/gmake  -f CMakeFiles/cmTC_99c3d.dir/build.make CMakeFiles/cmTC_99c3d.dir/build
gmake[1]: Entering directory '/workspace/build/CMakeFiles/CMakeScratch/TryCompile-UH5u6P'
Building C object CMakeFiles/cmTC_99c3d.dir/src.c.o
/usr/bin/cc -DHAVE_SSE42CMPSTR_INTRIN  -Wall -Wno-implicit-fallthrough -msse4 -std=c99 -o CMakeFiles/cmTC_99c3d.dir/src.c.o -c /workspace/build/CMakeFiles/CMakeScratch/TryCompile-UH5u6P/src.c
Linking C executable cmTC_99c3d
/usr/bin/cmake -E cmake_link_script CMakeFiles/cmTC_99c3d.dir/link.txt --verbose=1
/usr/bin/cc  -Wall -Wno-implicit-fallthrough -msse4 CMakeFiles/cmTC_99c3d.dir/src.c.o -o cmTC_99c3d 
gmake[1]: Leaving directory '/workspace/build/CMakeFiles/CMakeScratch/TryCompile-UH5u6P'


Source file was:
#include <immintrin.h>
        int main(void) {
            unsigned char a[64] = { 0 };
            unsigned char b[64] = { 0 };
            __m128i xmm_src0, xmm_src1;
            xmm_src0 = _mm_loadu_si128((__m128i *)(char *)a);
            xmm_src1 = _mm_loadu_si128((__m128i *)(char *)b);
            return _mm_cmpestri(xmm_src0, 16, xmm_src1, 16, 0);
        }

Performing C SOURCE FILE Test HAVE_PCLMULQDQ_INTRIN succeeded with the following output:
Change Dir: /workspace/build/CMakeFiles/CMakeScratch/TryCompile-5dOpou

Run Build Command(s):/usr/bin/gmake -f Makefile cmTC_6b48b/fast && /usr/bin/gmake  -f CMakeFiles/cmTC_6b48b.dir/build.make CMakeFiles/cmTC_6b48b.dir/build
gmake[1]: Entering directory '/workspace/build/CMakeFiles/CMakeScratch/TryCompile-5dOpou'
Building C object CMakeFiles/cmTC_6b48b.dir/src.c.o
/usr/bin/cc -DHAVE_PCLMULQDQ_INTRIN  -Wall -Wno-implicit-fallthrough -mpclmul -std=c99 -o CMakeFiles/cmTC_6b48b.dir/src.c.o -c /workspace/build/CMakeFiles/CMakeScratch/TryCompile-5dOpou/src.c
Linking C executable cmTC_6b48b
/usr/bin/cmake -E cmake_link_script CMakeFiles/cmTC_6b48b.dir/link.txt --verbose=1
/usr/bin/cc  -Wall -Wno-implicit-fallthrough -mpclmul CMakeFiles/cmTC_6b48b.dir/src.c.o -o cmTC_6b48b 
gmake[1]: Leaving directory '/workspace/build/CMakeFiles/CMakeScratch/TryCompile-5dOpou'


Source file was:
#include <immintrin.h>
            int main(void) {
                __m128i a = _mm_setzero_si128();
                __m128i b = _mm_setzero_si128();
                __m128i c = _mm_clmulepi64_si128(a, b, 0x10);
                (void)c;
                return 0;
            }

Performing C SOURCE FILE Test HAVE_AVX2_INTRIN succeeded with the following output:
Change Dir: /workspace/build/CMakeFiles/CMakeScratch/TryCompile-RxKeQ4

Run Build Command(s):/usr/bin/gmake -f Makefile cmTC_7afa6/fast && /usr/bin/gmake  -f CMakeFiles/cmTC_7afa6.dir/build.make CMakeFiles/cmTC_7afa6.dir/build
gmake[1]: Entering directory '/workspace/build/CMakeFiles/CMakeScratch/TryCompile-RxKeQ4'
Building C object CMakeFiles/cmTC_7afa6.dir/src.c.o
/usr/bin/cc -DHAVE_AVX2_INTRIN  -Wall -Wno-implicit-fallthrough -mavx2 -std=c99 -o CMakeFiles/cmTC_7afa6.dir/src.c.o -c /workspace/build/CMakeFiles/CMakeScratch/TryCompile-RxKeQ4/src.c
Linking C executable cmTC_7afa6
/usr/bin/cmake -E cmake_link_script CMakeFiles/cmTC_7afa6.dir/link.txt --verbose=1
/usr/bin/cc  -Wall -Wno-implicit-fallthrough -mavx2 CMakeFiles/cmTC_7afa6.dir/src.c.o -o cmTC_7afa6 
gmake[1]: Leaving directory '/workspace/build/CMakeFiles/CMakeScratch/TryCompile-RxKeQ4'


Source file was:
#include <immintrin.h>
        int main(void) {
            __m256i x = _mm256_set1_epi16(2);
            const __m256i y = _mm256_set1_epi16(1);
            x = _mm256_subs_epu16(x, y);
            (void)x;
            return 0;
        }

Performing C SOURCE FILE Test OPT_Wdouble_promotion succeeded with the following output:
Change Dir: /workspace/build/CMakeFiles/CMakeScratch/TryCompile-YTNua2

Run Build Command(s):/usr/bin/gmake -f Makefile cmTC_41ade/fast && /usr/bin/gmake  -f CMakeFiles/cmTC_41ade.dir/build.make CMakeFiles/cmTC_41ade.dir/build
gmake[1]: Entering directory '/workspace/build/CMakeFiles/CMakeScratch/TryCompile-YTNua2'
Building C object CMakeFiles/cmTC_41ade.dir/src.c.o
/usr/bin/cc -DOPT_Wdouble_promotion  -Wdouble-promotion -o CMakeFiles/cmTC_41ade.dir/src.c.o -c /workspace/build/CMakeFiles/CMakeScratch/TryCompile-YTNua2/src.c
Linking C executable cmTC_41ade
/usr/bin/cmake -E cmake_link_script CMakeFiles/cmTC_41ade.dir/link.txt --verbose=1
/usr/bin/cc CMakeFiles/cmTC_41ade.dir/src.c.o -o cmTC_41ade 
gmake[1]: Leaving directory '/workspace/build/CMakeFiles/CMakeScratch/TryCompile-YTNua2'


Source file was:
int main(void) { return 0; }

Performing C SOURCE FILE Test OPT_Wenum_conversion succeeded with the following output:
Change Dir: /workspace/build/CMakeFiles/CMakeScratch/TryCompile-L2qh3H

Run Build Command(s):/usr/bin/gmake -f Makefile cmTC_a4745/fast && /usr/bin/gmake  -f CMakeFiles/cmTC_a4745.dir/build.make CMakeFiles/cmTC_a4745.dir/build
gmake[1]: Entering directory '/workspace/build/CMakeFiles/CMakeScratch/TryCompile-L2qh3H'
Building C object CMakeFiles/cmTC_a4745.dir/src.c.o
/usr/bin/cc -DOPT_Wenum_conversion  -Wenum-conversion -o CMakeFiles/cmTC_a4745.dir/src.c.o -c /workspace/build/CMakeFiles/CMakeScratch/TryCompile-L2qh3H/src.c
Linking C executable cmTC_a4745
/usr/bin/cmake -E cmake_link_script CMakeFiles/cmTC_a4745.dir/link.txt --verbose=1
/usr/bin/cc CMakeFiles/cmTC_a4745.dir/src.c.o -o cmTC_a4745 
gmake[1]: Leaving directory '/workspace/build/CMakeFiles/CMakeScratch/TryCompile-L2qh3H'


Source file was:
int main(void) { return 0; }

Performing C SOURCE FILE Test OPT_Wunused_const_variable succeeded with the following output:
Change Dir: /workspace/build/CMakeFiles/CMakeScratch/TryCompile-fs2rZu

Run Build Command(s):/usr/bin/gmake -f Makefile cmTC_2d49e/fast && /usr/bin/gmake  -f CMakeFiles/cmTC_2d49e.dir/build.make CMakeFiles/cmTC_2d49e.dir/build
gmake[1]: Entering directory '/workspace/build/CMakeFiles/CMakeScratch/TryCompile-fs2rZu'
Building C object CMakeFiles/cmTC_2d49e.dir/src.c.o
/usr/bin/cc -DOPT_Wunused_const_variable  -Wunused-const-variable -o CMakeFiles/cmTC_2d49e.dir/src.c.o -c /workspace/build/CMakeFiles/CMakeScratch/TryCompile-fs2rZu/src.c
Linking C executable cmTC_2d49e
/usr/bin/cmake -E cmake_link_script CMakeFiles/cmTC_2d49e.dir/link.txt --verbose=1
/usr/bin/cc CMakeFiles/cmTC_2d49e.dir/src.c.o -o cmTC_2d49e 
gmake[1]: Leaving directory '/workspace/build/CMakeFiles/CMakeScratch/TryCompile-fs2rZu'


Source file was:
int main(void) { return 0; }

Performing C SOURCE FILE Test HAVE_SOCKADDR_IN6_SIN6_ADDR succeeded with the following output:
Change Dir: /workspace/build/CMakeFiles/CMakeScratch/TryCompile-7zXARx

Run Build Command(s):/usr/bin/gmake -f Makefile cmTC_66262/fast && /usr/bin/gmake  -f CMakeFiles/cmTC_66262.dir/build.make CMakeFiles/cmTC_66262.dir/build
gmake[1]: Entering directory '/workspace/build/CMakeFiles/CMakeScratch/TryCompile-7zXARx'
Building C object CMakeFiles/cmTC_66262.dir/src.c.o
/usr/bin/cc -DHAVE_SOCKADDR_IN6_SIN6_ADDR  -W -Wall -pedantic -Wbad-function-cast -Wconversion -Winline -Wmissing-declarations -Wmissing-prototypes -Wnested-externs -Wno-long-long -Wno-multichar -Wpointer-arith -Wshadow -Wsign-compare -Wundef -Wunused -Wwrite-strings -Wcast-align -Wdeclaration-after-statement -Wempty-body -Wendif-labels -Wfloat-equal -Wignored-qualifiers -Wno-format-nonliteral -Wno-sign-conversion -Wno-system-headers -Wstrict-prototypes -Wtype-limits -Wvla -Wmissing-parameter-type -Wold-style-declaration -Wstrict-aliasing=3 -Wformat=2 -Warray-bounds=2 -ftree-vrp -Wduplicated-cond -Wnull-dereference -fdelete-null-pointer-checks -Wshift-negative-value -Wshift-overflow=2 -Walloc-zero -Wduplicated-branches -Wformat-overflow=2 -Wformat-truncation=1 -Wrestrict -Warith-conversion -Wdouble-promotion -Wenum-conversion -Wunused-const-variable  -o CMakeFiles/cmTC_66262.dir/src.c.o -c /workspace/build/CMakeFiles/CMakeScratch/TryCompile-7zXARx/src.c
/workspace/build/CMakeFiles/CMakeScratch/TryCompile-7zXARx/src.c:4:5: warning: function declaration isn’t a prototype [-Wstrict-prototypes]
    4 | int main()
      |     ^~~~
Linking C executable cmTC_66262
/usr/bin/cmake -E cmake_link_script CMakeFiles/cmTC_66262.dir/link.txt --verbose=1
/usr/bin/cc   -W -Wall -pedantic -Wbad-function-cast -Wconversion -Winline -Wmissing-declarations -Wmissing-prototypes -Wnested-externs -Wno-long-long -Wno-multichar -Wpointer-arith -Wshadow -Wsign-compare -Wundef -Wunused -Wwrite-strings -Wcast-align -Wdeclaration-after-statement -Wempty-body -Wendif-labels -Wfloat-equal -Wignored-qualifiers -Wno-format-nonliteral -Wno-sign-conversion -Wno-system-headers -Wstrict-prototypes -Wtype-limits -Wvla -Wmissing-parameter-type -Wold-style-declaration -Wstrict-aliasing=3 -Wformat=2 -Warray-bounds=2 -ftree-vrp -Wduplicated-cond -Wnull-dereference -fdelete-null-pointer-checks -Wshift-negative-value -Wshift-overflow=2 -Walloc-zero -Wduplicated-branches -Wformat-overflow=2 -Wformat-truncation=1 -Wrestrict -Warith-conversion -Wdouble-promotion -Wenum-conversion -Wunused-const-variable  CMakeFiles/cmTC_66262.dir/src.c.o -o cmTC_66262 
gmake[1]: Leaving directory '/workspace/build/CMakeFiles/CMakeScratch/TryCompile-7zXARx'


Source file was:

#include <netinet/in.h>

int main()
{
  (void)sizeof(((struct sockaddr_in6 *)0)->sin6_addr);
  return 0;
}


Performing C SOURCE FILE Test HAVE_SOCKADDR_IN6_SIN6_SCOPE_ID succeeded with the following output:
Change Dir: /workspace/build/CMakeFiles/CMakeScratch/TryCompile-NaQRLj

Run Build Command(s):/usr/bin/gmake -f Makefile cmTC_e0a42/fast && /usr/bin/gmake  -f CMakeFiles/cmTC_e0a42.dir/build.make CMakeFiles/cmTC_e0a42.dir/build
gmake[1]: Entering directory '/workspace/build/CMakeFiles/CMakeScratch/TryCompile-NaQRLj'
Building C object CMakeFiles/cmTC_e0a42.dir/src.c.o
/usr/bin/cc -DHAVE_SOCKADDR_IN6_SIN6_SCOPE_ID  -W -Wall -pedantic -Wbad-function-cast -Wconversion -Winline -Wmissing-declarations -Wmissing-prototypes -Wnested-externs -Wno-long-long -Wno-multichar -Wpointer-arith -Wshadow -Wsign-compare -Wundef -Wunused -Wwrite-strings -Wcast-align -Wdeclaration-after-statement -Wempty-body -Wendif-labels -Wfloat-equal -Wignored-qualifiers -Wno-format-nonliteral -Wno-sign-conversion -Wno-system-headers -Wstrict-prototypes -Wtype-limits -Wvla -Wmissing-parameter-type -Wold-style-declaration -Wstrict-aliasing=3 -Wformat=2 -Warray-bounds=2 -ftree-vrp -Wduplicated-cond -Wnull-dereference -fdelete-null-pointer-checks -Wshift-negative-value -Wshift-overflow=2 -Walloc-zero -Wduplicated-branches -Wformat-overflow=2 -Wformat-truncation=1 -Wrestrict -Warith-conversion -Wdouble-promotion -Wenum-conversion -Wunused-const-variable  -o CMakeFiles/cmTC_e0a42.dir/src.c.o -c /workspace/build/CMakeFiles/CMakeScratch/TryCompile-NaQRLj/src.c
/workspace/build/CMakeFiles/CMakeScratch/TryCompile-NaQRLj/src.c:4:5: warning: function declaration isn’t a prototype [-Wstrict-prototypes]
    4 | int main()
      |     ^~~~
Linking C executable cmTC_e0a42
/usr/bin/cmake -E cmake_link_script CMakeFiles/cmTC_e0a42.dir/link.txt --verbose=1
/usr/bin/cc   -W -Wall -pedantic -Wbad-function-cast -Wconversion -Winline -Wmissing-declarations -Wmissing-prototypes -Wnested-externs -Wno-long-long -Wno-multichar -Wpointer-arith -Wshadow -Wsign-compare -Wundef -Wunused -Wwrite-strings -Wcast-align -Wdeclaration-after-statement -Wempty-body -Wendif-labels -Wfloat-equal -Wignored-qualifiers -Wno-format-nonliteral -Wno-sign-conversion -Wno-system-headers -Wstrict-prototypes -Wtype-limits -Wvla -Wmissing-parameter-type -Wold-style-declaration -Wstrict-aliasing=3 -Wformat=2 -Warray-bounds=2 -ftree-vrp -Wduplicated-cond -Wnull-dereference -fdelete-null-pointer-checks -Wshift-negative-value -Wshift-overflow=2 -Walloc-zero -Wduplicated-branches -Wformat-overflow=2 -Wformat-truncation=1 -Wrestrict -Warith-conversion -Wdouble-promotion -Wenum-conversion -Wunused-const-variable  CMakeFiles/cmTC_e0a42.dir/src.c.o -o cmTC_e0a42 
gmake[1]: Leaving directory '/workspace/build/CMakeFiles/CMakeScratch/TryCompile-NaQRLj'


Source file was:

#include <netinet/in.h>

int main()
{
  (void)sizeof(((struct sockaddr_in6 *)0)->sin6_scope_id);
  return 0;
}


Determining if the function gethostname exists passed with the following output:
Change Dir: /workspace/build/CMakeFiles/CMakeScratch/TryCompile-7fFOUs

Run Build Command(s):/usr/bin/gmake -f Makefile cmTC_a375a/fast && /usr/bin/gmake  -f CMakeFiles/cmTC_a375a.dir/build.make CMakeFiles/cmTC_a375a.dir/build
gmake[1]: Entering directory '/workspace/build/CMakeFiles/CMakeScratch/TryCompile-7fFOUs'
Building C object CMakeFiles/cmTC_a375a.dir/CheckFunctionExists.c.o
/usr/bin/cc   -W -Wall -pedantic -Wbad-function-cast -Wconversion -Winline -Wmissing-declarations -Wmissing-prototypes -Wnested-externs -Wno-long-long -Wno-multichar -Wpointer-arith -Wshadow -Wsign-compare -Wundef -Wunused -Wwrite-strings -Wcast-align -Wdeclaration-after-statement -Wempty-body -Wendif-labels -Wfloat-equal -Wignored-qualifiers -Wno-format-nonliteral -Wno-sign-conversion -Wno-system-headers -Wstrict-prototypes -Wtype-limits -Wvla -Wmissing-parameter-type -Wold-style-declaration -Wstrict-aliasing=3 -Wformat=2 -Warray-bounds=2 -ftree-vrp -Wduplicated-cond -Wnull-dereference -fdelete-null-pointer-checks -Wshift-negative-value -Wshift-overflow=2 -Walloc-zero -Wduplicated-branches -Wformat-overflow=2 -Wformat-truncation=1 -Wrestrict -Warith-conversion -Wdouble-promotion -Wenum-conversion -Wunused-const-variable -DCHECK_FUNCTION_EXISTS=gethostname -o CMakeFiles/cmTC_a375a.dir/CheckFunctionExists.c.o -c /workspace/build/CMakeFiles/CMakeScratch/TryCompile-7fFOUs/CheckFunctionExists.c
Linking C executable cmTC_a375a
/usr/bin/cmake -E cmake_link_script CMakeFiles/cmTC_a375a.dir/link.txt --verbose=1
/usr/bin/cc   -W -Wall -pedantic -Wbad-function-cast -Wconversion -Winline -Wmissing-declarations -Wmissing-prototypes -Wnested-externs -Wno-long-long -Wno-multichar -Wpointer-arith -Wshadow -Wsign-compare -Wundef -Wunused -Wwrite-strings -Wcast-align -Wdeclaration-after-statement -Wempty-body -Wendif-labels -Wfloat-equal -Wignored-qualifiers -Wno-format-nonliteral -Wno-sign-conversion -Wno-system-headers -Wstrict-prototypes -Wtype-limits -Wvla -Wmissing-parameter-type -Wold-style-declaration -Wstrict-aliasing=3 -Wformat=2 -Warray-bounds=2 -ftree-vrp -Wduplicated-cond -Wnull-dereference -fdelete-null-pointer-checks -Wshift-negative-value -Wshift-overflow=2 -Walloc-zero -Wduplicated-branches -Wformat-overflow=2 -Wformat-truncation=1 -Wrestrict -Warith-conversion -Wdouble-promotion -Wenum-conversion -Wunused-const-variable -DCHECK_FUNCTION_EXISTS=gethostname CMakeFiles/cmTC_a375a.dir/CheckFunctionExists.c.o -o cmTC_a375a 
gmake[1]: Leaving directory '/workspace/build/CMakeFiles/CMakeScratch/TryCompile-7fFOUs'



Determining if the SSL_set0_wbio exist passed with the following output:
Change Dir: /workspace/build/CMakeFiles/CMakeScratch/TryCompile-Qo4VCh

Run Build Command(s):/usr/bin/gmake -f Makefile cmTC_796fd/fast && /usr/bin/gmake  -f CMakeFiles/cmTC_796fd.dir/build.make CMakeFiles/cmTC_796fd.dir/build
gmake[1]: Entering directory '/workspace/build/CMakeFiles/CMakeScratch/TryCompile-Qo4VCh'
Building C object CMakeFiles/cmTC_796fd.dir/CheckSymbolExists.c.o
/usr/bin/cc   -W -Wall -pedantic -Wbad-function-cast -Wconversion -Winline -Wmissing-declarations -Wmissing-prototypes -Wnested-externs -Wno-long-long -Wno-multichar -Wpointer-arith -Wshadow -Wsign-compare -Wundef -Wunused -Wwrite-strings -Wcast-align -Wdeclaration-after-statement -Wempty-body -Wendif-labels -Wfloat-equal -Wignored-qualifiers -Wno-format-nonliteral -Wno-sign-conversion -Wno-system-headers -Wstrict-prototypes -Wtype-limits -Wvla -Wmissing-parameter-type -Wold-style-declaration -Wstrict-aliasing=3 -Wformat=2 -Warray-bounds=2 -ftree-vrp -Wduplicated-cond -Wnull-dereference -fdelete-null-pointer-checks -Wshift-negative-value -Wshift-overflow=2 -Walloc-zero -Wduplicated-branches -Wformat-overflow=2 -Wformat-truncation=1 -Wrestrict -Warith-conversion -Wdouble-promotion -Wenum-conversion -Wunused-const-variable  -o CMakeFiles/cmTC_796fd.dir/CheckSymbolExists.c.o -c /workspace/build/CMakeFiles/CMakeScratch/TryCompile-Qo4VCh/CheckSymbolExists.c
/workspace/build/CMakeFiles/CMakeScratch/TryCompile-Qo4VCh/CheckSymbolExists.c: In function ‘main’:
/workspace/build/CMakeFiles/CMakeScratch/TryCompile-Qo4VCh/CheckSymbolExists.c:8:11: warning: ISO C forbids conversion of function pointer to object pointer type [-Wpedantic]
    8 |   return ((int*)(&SSL_set0_wbio))[argc];
      |           ^
Linking C executable cmTC_796fd
/usr/bin/cmake -E cmake_link_script CMakeFiles/cmTC_796fd.dir/link.txt --verbose=1
/usr/bin/cc   -W -Wall -pedantic -Wbad-function-cast -Wconversion -Winline -Wmissing-declarations -Wmissing-prototypes -Wnested-externs -Wno-long-long -Wno-multichar -Wpointer-arith -Wshadow -Wsign-compare -Wundef -Wunused -Wwrite-strings -Wcast-align -Wdeclaration-after-statement -Wempty-body -Wendif-labels -Wfloat-equal -Wignored-qualifiers -Wno-format-nonliteral -Wno-sign-conversion -Wno-system-headers -Wstrict-prototypes -Wtype-limits -Wvla -Wmissing-parameter-type -Wold-style-declaration -Wstrict-aliasing=3 -Wformat=2 -Warray-bounds=2 -ftree-vrp -Wduplicated-cond -Wnull-dereference -fdelete-null-pointer-checks -Wshift-negative-value -Wshift-overflow=2 -Walloc-zero -Wduplicated-branches -Wformat-overflow=2 -Wformat-truncation=1 -Wrestrict -Warith-conversion -Wdouble-promotion -Wenum-conversion -Wunused-const-variable  CMakeFiles/cmTC_796fd.dir/CheckSymbolExists.c.o -o cmTC_796fd  /usr/lib/x86_64-linux-gnu/libssl.so /usr/lib/x86_64-linux-gnu/libcrypto.so /usr/lib/x86_64-linux-gnu/libz.so 
gmake[1]: Leaving directory '/workspace/build/CMakeFiles/CMakeScratch/TryCompile-Qo4VCh'


File CheckSymbolExists.c:
/* */
#include <openssl/ssl.h>

int main(int argc, char** argv)
{
  (void)argv;
#ifndef SSL_set0_wbio
  return ((int*)(&SSL_set0_wbio))[argc];
#else
  (void)argc;
  return 0;
#endif
}
Determining if the SSL_CTX_set_srp_username exist passed with the following output:
Change Dir: /workspace/build/CMakeFiles/CMakeScratch/TryCompile-izG0s1

Run Build Command(s):/usr/bin/gmake -f Makefile cmTC_0e47c/fast && /usr/bin/gmake  -f CMakeFiles/cmTC_0e47c.dir/build.make CMakeFiles/cmTC_0e47c.dir/build
gmake[1]: Entering directory '/workspace/build/CMakeFiles/CMakeScratch/TryCompile-izG0s1'
Building C object CMakeFiles/cmTC_0e47c.dir/CheckSymbolExists.c.o
/usr/bin/cc   -W -Wall -pedantic -Wbad-function-cast -Wconversion -Winline -Wmissing-declarations -Wmissing-prototypes -Wnested-externs -Wno-long-long -Wno-multichar -Wpointer-arith -Wshadow -Wsign-compare -Wundef -Wunused -Wwrite-strings -Wcast-align -Wdeclaration-after-statement -Wempty-body -Wendif-labels -Wfloat-equal -Wignored-qualifiers -Wno-format-nonliteral -Wno-sign-conversion -Wno-system-headers -Wstrict-prototypes -Wtype-limits -Wvla -Wmissing-parameter-type -Wold-style-declaration -Wstrict-aliasing=3 -Wformat=2 -Warray-bounds=2 -ftree-vrp -Wduplicated-cond -Wnull-dereference -fdelete-null-pointer-checks -Wshift-negative-value -Wshift-overflow=2 -Walloc-zero -Wduplicated-branches -Wformat-overflow=2 -Wformat-truncation=1 -Wrestrict -Warith-conversion -Wdouble-promotion -Wenum-conversion -Wunused-const-variable  -o CMakeFiles/cmTC_0e47c.dir/CheckSymbolExists.c.o -c /workspace/build/CMakeFiles/CMakeScratch/TryCompile-izG0s1/CheckSymbolExists.c
/workspace/build/CMakeFiles/CMakeScratch/TryCompile-izG0s1/CheckSymbolExists.c: In function ‘main’:
/workspace/build/CMakeFiles/CMakeScratch/TryCompile-izG0s1/CheckSymbolExists.c:8:3: warning: ‘SSL_CTX_set_srp_username’ is deprecated: Since OpenSSL 3.0 [-Wdeprecated-declarations]
    8 |   return ((int*)(&SSL_CTX_set_srp_username))[argc];
      |   ^~~~~~
In file included from /workspace/build/CMakeFiles/CMakeScratch/TryCompile-izG0s1/CheckSymbolExists.c:2:
/usr/include/openssl/ssl.h:1893:27: note: declared here
 1893 | OSSL_DEPRECATEDIN_3_0 int SSL_CTX_set_srp_username(SSL_CTX *ctx, char *name);
      |                           ^~~~~~~~~~~~~~~~~~~~~~~~
/workspace/build/CMakeFiles/CMakeScratch/TryCompile-izG0s1/CheckSymbolExists.c:8:11: warning: ISO C forbids conversion of function pointer to object pointer type [-Wpedantic]
    8 |   return ((int*)(&SSL_CTX_set_srp_username))[argc];
      |           ^
Linking C executable cmTC_0e47c
/usr/bin/cmake -E cmake_link_script CMakeFiles/cmTC_0e47c.dir/link.txt --verbose=1
/usr/bin/cc   -W -Wall -pedantic -Wbad-function-cast -Wconversion -Winline -Wmissing-declarations -Wmissing-prototypes -Wnested-externs -Wno-long-long -Wno-multichar -Wpointer-arith -Wshadow -Wsign-compare -Wundef -Wunused -Wwrite-strings -Wcast-align -Wdeclaration-after-statement -Wempty-body -Wendif-labels -Wfloat-equal -Wignored-qualifiers -Wno-format-nonliteral -Wno-sign-conversion -Wno-system-headers -Wstrict-prototypes -Wtype-limits -Wvla -Wmissing-parameter-type -Wold-style-declaration -Wstrict-aliasing=3 -Wformat=2 -Warray-bounds=2 -ftree-vrp -Wduplicated-cond -Wnull-dereference -fdelete-null-pointer-checks -Wshift-negative-value -Wshift-overflow=2 -Walloc-zero -Wduplicated-branches -Wformat-overflow=2 -Wformat-truncation=1 -Wrestrict -Warith-conversion -Wdouble-promotion -Wenum-conversion -Wunused-const-variable  CMakeFiles/cmTC_0e47c.dir/CheckSymbolExists.c.o -o cmTC_0e47c  /usr/lib/x86_64-linux-gnu/libssl.so /usr/lib/x86_64-linux-gnu/libcrypto.so /usr/lib/x86_64-linux-gnu/libz.so 
gmake[1]: Leaving directory '/workspace/build/CMakeFiles/CMakeScratch/TryCompile-izG0s1'


File CheckSymbolExists.c:
/* */
#include <openssl/ssl.h>

int main(int argc, char** argv)
{
  (void)argv;
#ifndef SSL_CTX_set_srp_username
  return ((int*)(&SSL_CTX_set_srp_username))[argc];
#else
  (void)argc;
  return 0;
#endif
}
Performing C SOURCE FILE Test USE_UNIX_SOCKETS succeeded with the following output:
Change Dir: /workspace/build/CMakeFiles/CMakeScratch/TryCompile-KdfDGb

Run Build Command(s):/usr/bin/gmake -f Makefile cmTC_e36bd/fast && /usr/bin/gmake  -f CMakeFiles/cmTC_e36bd.dir/build.make CMakeFiles/cmTC_e36bd.dir/build
gmake[1]: Entering directory '/workspace/build/CMakeFiles/CMakeScratch/TryCompile-KdfDGb'
Building C object CMakeFiles/cmTC_e36bd.dir/src.c.o
/usr/bin/cc -DUSE_UNIX_SOCKETS  -W -Wall -pedantic -Wbad-function-cast -Wconversion -Winline -Wmissing-declarations -Wmissing-prototypes -Wnested-externs -Wno-long-long -Wno-multichar -Wpointer-arith -Wshadow -Wsign-compare -Wundef -Wunused -Wwrite-strings -Wcast-align -Wdeclaration-after-statement -Wempty-body -Wendif-labels -Wfloat-equal -Wignored-qualifiers -Wno-format-nonliteral -Wno-sign-conversion -Wno-system-headers -Wstrict-prototypes -Wtype-limits -Wvla -Wmissing-parameter-type -Wold-style-declaration -Wstrict-aliasing=3 -Wformat=2 -Warray-bounds=2 -ftree-vrp -Wduplicated-cond -Wnull-dereference -fdelete-null-pointer-checks -Wshift-negative-value -Wshift-overflow=2 -Walloc-zero -Wduplicated-branches -Wformat-overflow=2 -Wformat-truncation=1 -Wrestrict -Warith-conversion -Wdouble-promotion -Wenum-conversion -Wunused-const-variable  -o CMakeFiles/cmTC_e36bd.dir/src.c.o -c /workspace/build/CMakeFiles/CMakeScratch/TryCompile-KdfDGb/src.c
/workspace/build/CMakeFiles/CMakeScratch/TryCompile-KdfDGb/src.c:4:5: warning: function declaration isn’t a prototype [-Wstrict-prototypes]
    4 | int main()
      |     ^~~~
Linking C executable cmTC_e36bd
/usr/bin/cmake -E cmake_link_script CMakeFiles/cmTC_e36bd.dir/link.txt --verbose=1
/usr/bin/cc   -W -Wall -pedantic -Wbad-function-cast -Wconversion -Winline -Wmissing-declarations -Wmissing-prototypes -Wnested-externs -Wno-long-long -Wno-multichar -Wpointer-arith -Wshadow -Wsign-compare -Wundef -Wunused -Wwrite-strings -Wcast-align -Wdeclaration-after-statement -Wempty-body -Wendif-labels -Wfloat-equal -Wignored-qualifiers -Wno-format-nonliteral -Wno-sign-conversion -Wno-system-headers -Wstrict-prototypes -Wtype-limits -Wvla -Wmissing-parameter-type -Wold-style-declaration -Wstrict-aliasing=3 -Wformat=2 -Warray-bounds=2 -ftree-vrp -Wduplicated-cond -Wnull-dereference -fdelete-null-pointer-checks -Wshift-negative-value -Wshift-overflow=2 -Walloc-zero -Wduplicated-branches -Wformat-overflow=2 -Wformat-truncation=1 -Wrestrict -Warith-conversion -Wdouble-promotion -Wenum-conversion -Wunused-const-variable  CMakeFiles/cmTC_e36bd.dir/src.c.o -o cmTC_e36bd 
gmake[1]: Leaving directory '/workspace/build/CMakeFiles/CMakeScratch/TryCompile-KdfDGb'


Source file was:

#include <sys/un.h>

int main()
{
  (void)sizeof(((struct sockaddr_un *)0)->sun_path);
  return 0;
}


Determining if files ;inttypes.h exist passed with the following output:
Change Dir: /workspace/build/CMakeFiles/CMakeScratch/TryCompile-ps8rlN

Run Build Command(s):/usr/bin/gmake -f Makefile cmTC_4986e/fast && /usr/bin/gmake  -f CMakeFiles/cmTC_4986e.dir/build.make CMakeFiles/cmTC_4986e.dir/build
gmake[1]: Entering directory '/workspace/build/CMakeFiles/CMakeScratch/TryCompile-ps8rlN'
Building C object CMakeFiles/cmTC_4986e.dir/HAVE_INTTYPES_H.c.o
/usr/bin/cc   -W -Wall -pedantic -Wbad-function-cast -Wconversion -Winline -Wmissing-declarations -Wmissing-prototypes -Wnested-externs -Wno-long-long -Wno-multichar -Wpointer-arith -Wshadow -Wsign-compare -Wundef -Wunused -Wwrite-strings -Wcast-align -Wdeclaration-after-statement -Wempty-body -Wendif-labels -Wfloat-equal -Wignored-qualifiers -Wno-format-nonliteral -Wno-sign-conversion -Wno-system-headers -Wstrict-prototypes -Wtype-limits -Wvla -Wmissing-parameter-type -Wold-style-declaration -Wstrict-aliasing=3 -Wformat=2 -Warray-bounds=2 -ftree-vrp -Wduplicated-cond -Wnull-dereference -fdelete-null-pointer-checks -Wshift-negative-value -Wshift-overflow=2 -Walloc-zero -Wduplicated-branches -Wformat-overflow=2 -Wformat-truncation=1 -Wrestrict -Warith-conversion -Wdouble-promotion -Wenum-conversion -Wunused-const-variable  -o CMakeFiles/cmTC_4986e.dir/HAVE_INTTYPES_H.c.o -c /workspace/build/CMakeFiles/CMakeScratch/TryCompile-ps8rlN/HAVE_INTTYPES_H.c
Linking C executable cmTC_4986e
/usr/bin/cmake -E cmake_link_script CMakeFiles/cmTC_4986e.dir/link.txt --verbose=1
/usr/bin/cc   -W -Wall -pedantic -Wbad-function-cast -Wconversion -Winline -Wmissing-declarations -Wmissing-prototypes -Wnested-externs -Wno-long-long -Wno-multichar -Wpointer-arith -Wshadow -Wsign-compare -Wundef -Wunused -Wwrite-strings -Wcast-align -Wdeclaration-after-statement -Wempty-body -Wendif-labels -Wfloat-equal -Wignored-qualifiers -Wno-format-nonliteral -Wno-sign-conversion -Wno-system-headers -Wstrict-prototypes -Wtype-limits -Wvla -Wmissing-parameter-type -Wold-style-declaration -Wstrict-aliasing=3 -Wformat=2 -Warray-bounds=2 -ftree-vrp -Wduplicated-cond -Wnull-dereference -fdelete-null-pointer-checks -Wshift-negative-value -Wshift-overflow=2 -Walloc-zero -Wduplicated-branches -Wformat-overflow=2 -Wformat-truncation=1 -Wrestrict -Warith-conversion -Wdouble-promotion -Wenum-conversion -Wunused-const-variable  CMakeFiles/cmTC_4986e.dir/HAVE_INTTYPES_H.c.o -o cmTC_4986e 
gmake[1]: Leaving directory '/workspace/build/CMakeFiles/CMakeScratch/TryCompile-ps8rlN'



Determining if files inttypes.h;sys/wait.h exist passed with the following output:
Change Dir: /workspace/build/CMakeFiles/CMakeScratch/TryCompile-xR9uRS

Run Build Command(s):/usr/bin/gmake -f Makefile cmTC_1e75a/fast && /usr/bin/gmake  -f CMakeFiles/cmTC_1e75a.dir/build.make CMakeFiles/cmTC_1e75a.dir/build
gmake[1]: Entering directory '/workspace/build/CMakeFiles/CMakeScratch/TryCompile-xR9uRS'
Building C object CMakeFiles/cmTC_1e75a.dir/HAVE_SYS_WAIT_H.c.o
/usr/bin/cc   -W -Wall -pedantic -Wbad-function-cast -Wconversion -Winline -Wmissing-declarations -Wmissing-prototypes -Wnested-externs -Wno-long-long -Wno-multichar -Wpointer-arith -Wshadow -Wsign-compare -Wundef -Wunused -Wwrite-strings -Wcast-align -Wdeclaration-after-statement -Wempty-body -Wendif-labels -Wfloat-equal -Wignored-qualifiers -Wno-format-nonliteral -Wno-sign-conversion -Wno-system-headers -Wstrict-prototypes -Wtype-limits -Wvla -Wmissing-parameter-type -Wold-style-declaration -Wstrict-aliasing=3 -Wformat=2 -Warray-bounds=2 -ftree-vrp -Wduplicated-cond -Wnull-dereference -fdelete-null-pointer-checks -Wshift-negative-value -Wshift-overflow=2 -Walloc-zero -Wduplicated-branches -Wformat-overflow=2 -Wformat-truncation=1 -Wrestrict -Warith-conversion -Wdouble-promotion -Wenum-conversion -Wunused-const-variable  -o CMakeFiles/cmTC_1e75a.dir/HAVE_SYS_WAIT_H.c.o -c /workspace/build/CMakeFiles/CMakeScratch/TryCompile-xR9uRS/HAVE_SYS_WAIT_H.c
Linking C executable cmTC_1e75a
/usr/bin/cmake -E cmake_link_script CMakeFiles/cmTC_1e75a.dir/link.txt --verbose=1
/usr/bin/cc   -W -Wall -pedantic -Wbad-function-cast -Wconversion -Winline -Wmissing-declarations -Wmissing-prototypes -Wnested-externs -Wno-long-long -Wno-multichar -Wpointer-arith -Wshadow -Wsign-compare -Wundef -Wunused -Wwrite-strings -Wcast-align -Wdeclaration-after-statement -Wempty-body -Wendif-labels -Wfloat-equal -Wignored-qualifiers -Wno-format-nonliteral -Wno-sign-conversion -Wno-system-headers -Wstrict-prototypes -Wtype-limits -Wvla -Wmissing-parameter-type -Wold-style-declaration -Wstrict-aliasing=3 -Wformat=2 -Warray-bounds=2 -ftree-vrp -Wduplicated-cond -Wnull-dereference -fdelete-null-pointer-checks -Wshift-negative-value -Wshift-overflow=2 -Walloc-zero -Wduplicated-branches -Wformat-overflow=2 -Wformat-truncation=1 -Wrestrict -Warith-conversion -Wdouble-promotion -Wenum-conversion -Wunused-const-variable  CMakeFiles/cmTC_1e75a.dir/HAVE_SYS_WAIT_H.c.o -o cmTC_1e75a 
gmake[1]: Leaving directory '/workspace/build/CMakeFiles/CMakeScratch/TryCompile-xR9uRS'



Determining if files inttypes.h;sys/wait.h;sys/ioctl.h exist passed with the following output:
Change Dir: /workspace/build/CMakeFiles/CMakeScratch/TryCompile-Dm9ScT

Run Build Command(s):/usr/bin/gmake -f Makefile cmTC_c9341/fast && /usr/bin/gmake  -f CMakeFiles/cmTC_c9341.dir/build.make CMakeFiles/cmTC_c9341.dir/build
gmake[1]: Entering directory '/workspace/build/CMakeFiles/CMakeScratch/TryCompile-Dm9ScT'
Building C object CMakeFiles/cmTC_c9341.dir/HAVE_SYS_IOCTL_H.c.o
/usr/bin/cc   -W -Wall -pedantic -Wbad-function-cast -Wconversion -Winline -Wmissing-declarations -Wmissing-prototypes -Wnested-externs -Wno-long-long -Wno-multichar -Wpointer-arith -Wshadow -Wsign-compare -Wundef -Wunused -Wwrite-strings -Wcast-align -Wdeclaration-after-statement -Wempty-body -Wendif-labels -Wfloat-equal -Wignored-qualifiers -Wno-format-nonliteral -Wno-sign-conversion -Wno-system-headers -Wstrict-prototypes -Wtype-limits -Wvla -Wmissing-parameter-type -Wold-style-declaration -Wstrict-aliasing=3 -Wformat=2 -Warray-bounds=2 -ftree-vrp -Wduplicated-cond -Wnull-dereference -fdelete-null-pointer-checks -Wshift-negative-value -Wshift-overflow=2 -Walloc-zero -Wduplicated-branches -Wformat-overflow=2 -Wformat-truncation=1 -Wrestrict -Warith-conversion -Wdouble-promotion -Wenum-conversion -Wunused-const-variable  -o CMakeFiles/cmTC_c9341.dir/HAVE_SYS_IOCTL_H.c.o -c /workspace/build/CMakeFiles/CMakeScratch/TryCompile-Dm9ScT/HAVE_SYS_IOCTL_H.c
Linking C executable cmTC_c9341
/usr/bin/cmake -E cmake_link_script CMakeFiles/cmTC_c9341.dir/link.txt --verbose=1
/usr/bin/cc   -W -Wall -pedantic -Wbad-function-cast -Wconversion -Winline -Wmissing-declarations -Wmissing-prototypes -Wnested-externs -Wno-long-long -Wno-multichar -Wpointer-arith -Wshadow -Wsign-compare -Wundef -Wunused -Wwrite-strings -Wcast-align -Wdeclaration-after-statement -Wempty-body -Wendif-labels -Wfloat-equal -Wignored-qualifiers -Wno-format-nonliteral -Wno-sign-conversion -Wno-system-headers -Wstrict-prototypes -Wtype-limits -Wvla -Wmissing-parameter-type -Wold-style-declaration -Wstrict-aliasing=3 -Wformat=2 -Warray-bounds=2 -ftree-vrp -Wduplicated-cond -Wnull-dereference -fdelete-null-pointer-checks -Wshift-negative-value -Wshift-overflow=2 -Walloc-zero -Wduplicated-branches -Wformat-overflow=2 -Wformat-truncation=1 -Wrestrict -Warith-conversion -Wdouble-promotion -Wenum-conversion -Wunused-const-variable  CMakeFiles/cmTC_c9341.dir/HAVE_SYS_IOCTL_H.c.o -o cmTC_c9341 
gmake[1]: Leaving directory '/workspace/build/CMakeFiles/CMakeScratch/TryCompile-Dm9ScT'



Determining if files inttypes.h;sys/wait.h;sys/ioctl.h;sys/param.h exist passed with the following output:
Change Dir: /workspace/build/CMakeFiles/CMakeScratch/TryCompile-SOFIh3

Run Build Command(s):/usr/bin/gmake -f Makefile cmTC_1379e/fast && /usr/bin/gmake  -f CMakeFiles/cmTC_1379e.dir/build.make CMakeFiles/cmTC_1379e.dir/build
gmake[1]: Entering directory '/workspace/build/CMakeFiles/CMakeScratch/TryCompile-SOFIh3'
Building C object CMakeFiles/cmTC_1379e.dir/HAVE_SYS_PARAM_H.c.o
/usr/bin/cc   -W -Wall -pedantic -Wbad-function-cast -Wconversion -Winline -Wmissing-declarations -Wmissing-prototypes -Wnested-externs -Wno-long-long -Wno-multichar -Wpointer-arith -Wshadow -Wsign-compare -Wundef -Wunused -Wwrite-strings -Wcast-align -Wdeclaration-after-statement -Wempty-body -Wendif-labels -Wfloat-equal -Wignored-qualifiers -Wno-format-nonliteral -Wno-sign-conversion -Wno-system-headers -Wstrict-prototypes -Wtype-limits -Wvla -Wmissing-parameter-type -Wold-style-declaration -Wstrict-aliasing=3 -Wformat=2 -Warray-bounds=2 -ftree-vrp -Wduplicated-cond -Wnull-dereference -fdelete-null-pointer-checks -Wshift-negative-value -Wshift-overflow=2 -Walloc-zero -Wduplicated-branches -Wformat-overflow=2 -Wformat-truncation=1 -Wrestrict -Warith-conversion -Wdouble-promotion -Wenum-conversion -Wunused-const-variable  -o CMakeFiles/cmTC_1379e.dir/HAVE_SYS_PARAM_H.c.o -c /workspace/build/CMakeFiles/CMakeScratch/TryCompile-SOFIh3/HAVE_SYS_PARAM_H.c
Linking C executable cmTC_1379e
/usr/bin/cmake -E cmake_link_script CMakeFiles/cmTC_1379e.dir/link.txt --verbose=1
/usr/bin/cc   -W -Wall -pedantic -Wbad-function-cast -Wconversion -Winline -Wmissing-declarations -Wmissing-prototypes -Wnested-externs -Wno-long-long -Wno-multichar -Wpointer-arith -Wshadow -Wsign-compare -Wundef -Wunused -Wwrite-strings -Wcast-align -Wdeclaration-after-statement -Wempty-body -Wendif-labels -Wfloat-equal -Wignored-qualifiers -Wno-format-nonliteral -Wno-sign-conversion -Wno-system-headers -Wstrict-prototypes -Wtype-limits -Wvla -Wmissing-parameter-type -Wold-style-declaration -Wstrict-aliasing=3 -Wformat=2 -Warray-bounds=2 -ftree-vrp -Wduplicated-cond -Wnull-dereference -fdelete-null-pointer-checks -Wshift-negative-value -Wshift-overflow=2 -Walloc-zero -Wduplicated-branches -Wformat-overflow=2 -Wformat-truncation=1 -Wrestrict -Warith-conversion -Wdouble-promotion -Wenum-conversion -Wunused-const-variable  CMakeFiles/cmTC_1379e.dir/HAVE_SYS_PARAM_H.c.o -o cmTC_1379e 
gmake[1]: Leaving directory '/workspace/build/CMakeFiles/CMakeScratch/TryCompile-SOFIh3'



Determining if files inttypes.h;sys/wait.h;sys/ioctl.h;sys/param.h;sys/poll.h exist passed with the following output:
Change Dir: /workspace/build/CMakeFiles/CMakeScratch/TryCompile-aUadnA

Run Build Command(s):/usr/bin/gmake -f Makefile cmTC_8bcf7/fast && /usr/bin/gmake  -f CMakeFiles/cmTC_8bcf7.dir/build.make CMakeFiles/cmTC_8bcf7.dir/build
gmake[1]: Entering directory '/workspace/build/CMakeFiles/CMakeScratch/TryCompile-aUadnA'
Building C object CMakeFiles/cmTC_8bcf7.dir/HAVE_SYS_POLL_H.c.o
/usr/bin/cc   -W -Wall -pedantic -Wbad-function-cast -Wconversion -Winline -Wmissing-declarations -Wmissing-prototypes -Wnested-externs -Wno-long-long -Wno-multichar -Wpointer-arith -Wshadow -Wsign-compare -Wundef -Wunused -Wwrite-strings -Wcast-align -Wdeclaration-after-statement -Wempty-body -Wendif-labels -Wfloat-equal -Wignored-qualifiers -Wno-format-nonliteral -Wno-sign-conversion -Wno-system-headers -Wstrict-prototypes -Wtype-limits -Wvla -Wmissing-parameter-type -Wold-style-declaration -Wstrict-aliasing=3 -Wformat=2 -Warray-bounds=2 -ftree-vrp -Wduplicated-cond -Wnull-dereference -fdelete-null-pointer-checks -Wshift-negative-value -Wshift-overflow=2 -Walloc-zero -Wduplicated-branches -Wformat-overflow=2 -Wformat-truncation=1 -Wrestrict -Warith-conversion -Wdouble-promotion -Wenum-conversion -Wunused-const-variable  -o CMakeFiles/cmTC_8bcf7.dir/HAVE_SYS_POLL_H.c.o -c /workspace/build/CMakeFiles/CMakeScratch/TryCompile-aUadnA/HAVE_SYS_POLL_H.c
Linking C executable cmTC_8bcf7
/usr/bin/cmake -E cmake_link_script CMakeFiles/cmTC_8bcf7.dir/link.txt --verbose=1
/usr/bin/cc   -W -Wall -pedantic -Wbad-function-cast -Wconversion -Winline -Wmissing-declarations -Wmissing-prototypes -Wnested-externs -Wno-long-long -Wno-multichar -Wpointer-arith -Wshadow -Wsign-compare -Wundef -Wunused -Wwrite-strings -Wcast-align -Wdeclaration-after-statement -Wempty-body -Wendif-labels -Wfloat-equal -Wignored-qualifiers -Wno-format-nonliteral -Wno-sign-conversion -Wno-system-headers -Wstrict-prototypes -Wtype-limits -Wvla -Wmissing-parameter-type -Wold-style-declaration -Wstrict-aliasing=3 -Wformat=2 -Warray-bounds=2 -ftree-vrp -Wduplicated-cond -Wnull-dereference -fdelete-null-pointer-checks -Wshift-negative-value -Wshift-overflow=2 -Walloc-zero -Wduplicated-branches -Wformat-overflow=2 -Wformat-truncation=1 -Wrestrict -Warith-conversion -Wdouble-promotion -Wenum-conversion -Wunused-const-variable  CMakeFiles/cmTC_8bcf7.dir/HAVE_SYS_POLL_H.c.o -o cmTC_8bcf7 
gmake[1]: Leaving directory '/workspace/build/CMakeFiles/CMakeScratch/TryCompile-aUadnA'



Determining if files inttypes.h;sys/wait.h;sys/ioctl.h;sys/param.h;sys/poll.h;sys/resource.h exist passed with the following output:
Change Dir: /workspace/build/CMakeFiles/CMakeScratch/TryCompile-JWd1Ay

Run Build Command(s):/usr/bin/gmake -f Makefile cmTC_f4b56/fast && /usr/bin/gmake  -f CMakeFiles/cmTC_f4b56.dir/build.make CMakeFiles/cmTC_f4b56.dir/build
gmake[1]: Entering directory '/workspace/build/CMakeFiles/CMakeScratch/TryCompile-JWd1Ay'
Building C object CMakeFiles/cmTC_f4b56.dir/HAVE_SYS_RESOURCE_H.c.o
/usr/bin/cc   -W -Wall -pedantic -Wbad-function-cast -Wconversion -Winline -Wmissing-declarations -Wmissing-prototypes -Wnested-externs -Wno-long-long -Wno-multichar -Wpointer-arith -Wshadow -Wsign-compare -Wundef -Wunused -Wwrite-strings -Wcast-align -Wdeclaration-after-statement -Wempty-body -Wendif-labels -Wfloat-equal -Wignored-qualifiers -Wno-format-nonliteral -Wno-sign-conversion -Wno-system-headers -Wstrict-prototypes -Wtype-limits -Wvla -Wmissing-parameter-type -Wold-style-declaration -Wstrict-aliasing=3 -Wformat=2 -Warray-bounds=2 -ftree-vrp -Wduplicated-cond -Wnull-dereference -fdelete-null-pointer-checks -Wshift-negative-value -Wshift-overflow=2 -Walloc-zero -Wduplicated-branches -Wformat-overflow=2 -Wformat-truncation=1 -Wrestrict -Warith-conversion -Wdouble-promotion -Wenum-conversion -Wunused-const-variable  -o CMakeFiles/cmTC_f4b56.dir/HAVE_SYS_RESOURCE_H.c.o -c /workspace/build/CMakeFiles/CMakeScratch/TryCompile-JWd1Ay/HAVE_SYS_RESOURCE_H.c
Linking C executable cmTC_f4b56
/usr/bin/cmake -E cmake_link_script CMakeFiles/cmTC_f4b56.dir/link.txt --verbose=1
/usr/bin/cc   -W -Wall -pedantic -Wbad-function-cast -Wconversion -Winline -Wmissing-declarations -Wmissing-prototypes -Wnested-externs -Wno-long-long -Wno-multichar -Wpointer-arith -Wshadow -Wsign-compare -Wundef -Wunused -Wwrite-strings -Wcast-align -Wdeclaration-after-statement -Wempty-body -Wendif-labels -Wfloat-equal -Wignored-qualifiers -Wno-format-nonliteral -Wno-sign-conversion -Wno-system-headers -Wstrict-prototypes -Wtype-limits -Wvla -Wmissing-parameter-type -Wold-style-declaration -Wstrict-aliasing=3 -Wformat=2 -Warray-bounds=2 -ftree-vrp -Wduplicated-cond -Wnull-dereference -fdelete-null-pointer-checks -Wshift-negative-value -Wshift-overflow=2 -Walloc-zero -Wduplicated-branches -Wformat-overflow=2 -Wformat-truncation=1 -Wrestrict -Warith-conversion -Wdouble-promotion -Wenum-conversion -Wunused-const-variable  CMakeFiles/cmTC_f4b56.dir/HAVE_SYS_RESOURCE_H.c.o -o cmTC_f4b56 
gmake[1]: Leaving directory '/workspace/build/CMakeFiles/CMakeScratch/TryCompile-JWd1Ay'



Determining if files inttypes.h;sys/wait.h;sys/ioctl.h;sys/param.h;sys/poll.h;sys/resource.h;sys/select.h exist passed with the following output:
Change Dir: /workspace/build/CMakeFiles/CMakeScratch/TryCompile-pze3TP

Run Build Command(s):/usr/bin/gmake -f Makefile cmTC_c35b4/fast && /usr/bin/gmake  -f CMakeFiles/cmTC_c35b4.dir/build.make CMakeFiles/cmTC_c35b4.dir/build
gmake[1]: Entering directory '/workspace/build/CMakeFiles/CMakeScratch/TryCompile-pze3TP'
Building C object CMakeFiles/cmTC_c35b4.dir/HAVE_SYS_SELECT_H.c.o
/usr/bin/cc   -W -Wall -pedantic -Wbad-function-cast -Wconversion -Winline -Wmissing-declarations -Wmissing-prototypes -Wnested-externs -Wno-long-long -Wno-multichar -Wpointer-arith -Wshadow -Wsign-compare -Wundef -Wunused -Wwrite-strings -Wcast-align -Wdeclaration-after-statement -Wempty-body -Wendif-labels -Wfloat-equal -Wignored-qualifiers -Wno-format-nonliteral -Wno-sign-conversion -Wno-system-headers -Wstrict-prototypes -Wtype-limits -Wvla -Wmissing-parameter-type -Wold-style-declaration -Wstrict-aliasing=3 -Wformat=2 -Warray-bounds=2 -ftree-vrp -Wduplicated-cond -Wnull-dereference -fdelete-null-pointer-checks -Wshift-negative-value -Wshift-overflow=2 -Walloc-zero -Wduplicated-branches -Wformat-overflow=2 -Wformat-truncation=1 -Wrestrict -Warith-conversion -Wdouble-promotion -Wenum-conversion -Wunused-const-variable  -o CMakeFiles/cmTC_c35b4.dir/HAVE_SYS_SELECT_H.c.o -c /workspace/build/CMakeFiles/CMakeScratch/TryCompile-pze3TP/HAVE_SYS_SELECT_H.c
Linking C executable cmTC_c35b4
/usr/bin/cmake -E cmake_link_script CMakeFiles/cmTC_c35b4.dir/link.txt --verbose=1
/usr/bin/cc   -W -Wall -pedantic -Wbad-function-cast -Wconversion -Winline -Wmissing-declarations -Wmissing-prototypes -Wnested-externs -Wno-long-long -Wno-multichar -Wpointer-arith -Wshadow -Wsign-compare -Wundef -Wunused -Wwrite-strings -Wcast-align -Wdeclaration-after-statement -Wempty-body -Wendif-labels -Wfloat-equal -Wignored-qualifiers -Wno-format-nonliteral -Wno-sign-conversion -Wno-system-headers -Wstrict-prototypes -Wtype-limits -Wvla -Wmissing-parameter-type -Wold-style-declaration -Wstrict-aliasing=3 -Wformat=2 -Warray-bounds=2 -ftree-vrp -Wduplicated-cond -Wnull-dereference -fdelete-null-pointer-checks -Wshift-negative-value -Wshift-overflow=2 -Walloc-zero -Wduplicated-branches -Wformat-overflow=2 -Wformat-truncation=1 -Wrestrict -Warith-conversion -Wdouble-promotion -Wenum-conversion -Wunused-const-variable  CMakeFiles/cmTC_c35b4.dir/HAVE_SYS_SELECT_H.c.o -o cmTC_c35b4 
gmake[1]: Leaving directory '/workspace/build/CMakeFiles/CMakeScratch/TryCompile-pze3TP'



Determining if files inttypes.h;sys/wait.h;sys/ioctl.h;sys/param.h;sys/poll.h;sys/resource.h;sys/select.h;sys/socket.h exist passed with the following output:
Change Dir: /workspace/build/CMakeFiles/CMakeScratch/TryCompile-KVlXTH

Run Build Command(s):/usr/bin/gmake -f Makefile cmTC_19c8b/fast && /usr/bin/gmake  -f CMakeFiles/cmTC_19c8b.dir/build.make CMakeFiles/cmTC_19c8b.dir/build
gmake[1]: Entering directory '/workspace/build/CMakeFiles/CMakeScratch/TryCompile-KVlXTH'
Building C object CMakeFiles/cmTC_19c8b.dir/HAVE_SYS_SOCKET_H.c.o
/usr/bin/cc   -W -Wall -pedantic -Wbad-function-cast -Wconversion -Winline -Wmissing-declarations -Wmissing-prototypes -Wnested-externs -Wno-long-long -Wno-multichar -Wpointer-arith -Wshadow -Wsign-compare -Wundef -Wunused -Wwrite-strings -Wcast-align -Wdeclaration-after-statement -Wempty-body -Wendif-labels -Wfloat-equal -Wignored-qualifiers -Wno-format-nonliteral -Wno-sign-conversion -Wno-system-headers -Wstrict-prototypes -Wtype-limits -Wvla -Wmissing-parameter-type -Wold-style-declaration -Wstrict-aliasing=3 -Wformat=2 -Warray-bounds=2 -ftree-vrp -Wduplicated-cond -Wnull-dereference -fdelete-null-pointer-checks -Wshift-negative-value -Wshift-overflow=2 -Walloc-zero -Wduplicated-branches -Wformat-overflow=2 -Wformat-truncation=1 -Wrestrict -Warith-conversion -Wdouble-promotion -Wenum-conversion -Wunused-const-variable  -o CMakeFiles/cmTC_19c8b.dir/HAVE_SYS_SOCKET_H.c.o -c /workspace/build/CMakeFiles/CMakeScratch/TryCompile-KVlXTH/HAVE_SYS_SOCKET_H.c
Linking C executable cmTC_19c8b
/usr/bin/cmake -E cmake_link_script CMakeFiles/cmTC_19c8b.dir/link.txt --verbose=1
/usr/bin/cc   -W -Wall -pedantic -Wbad-function-cast -Wconversion -Winline -Wmissing-declarations -Wmissing-prototypes -Wnested-externs -Wno-long-long -Wno-multichar -Wpointer-arith -Wshadow -Wsign-compare -Wundef -Wunused -Wwrite-strings -Wcast-align -Wdeclaration-after-statement -Wempty-body -Wendif-labels -Wfloat-equal -Wignored-qualifiers -Wno-format-nonliteral -Wno-sign-conversion -Wno-system-headers -Wstrict-prototypes -Wtype-limits -Wvla -Wmissing-parameter-type -Wold-style-declaration -Wstrict-aliasing=3 -Wformat=2 -Warray-bounds=2 -ftree-vrp -Wduplicated-cond -Wnull-dereference -fdelete-null-pointer-checks -Wshift-negative-value -Wshift-overflow=2 -Walloc-zero -Wduplicated-branches -Wformat-overflow=2 -Wformat-truncation=1 -Wrestrict -Warith-conversion -Wdouble-promotion -Wenum-conversion -Wunused-const-variable  CMakeFiles/cmTC_19c8b.dir/HAVE_SYS_SOCKET_H.c.o -o cmTC_19c8b 
gmake[1]: Leaving directory '/workspace/build/CMakeFiles/CMakeScratch/TryCompile-KVlXTH'



Determining if files inttypes.h;sys/wait.h;sys/ioctl.h;sys/param.h;sys/poll.h;sys/resource.h;sys/select.h;sys/socket.h;sys/stat.h exist passed with the following output:
Change Dir: /workspace/build/CMakeFiles/CMakeScratch/TryCompile-4s9Fod

Run Build Command(s):/usr/bin/gmake -f Makefile cmTC_5e896/fast && /usr/bin/gmake  -f CMakeFiles/cmTC_5e896.dir/build.make CMakeFiles/cmTC_5e896.dir/build
gmake[1]: Entering directory '/workspace/build/CMakeFiles/CMakeScratch/TryCompile-4s9Fod'
Building C object CMakeFiles/cmTC_5e896.dir/HAVE_SYS_STAT_H.c.o
/usr/bin/cc   -W -Wall -pedantic -Wbad-function-cast -Wconversion -Winline -Wmissing-declarations -Wmissing-prototypes -Wnested-externs -Wno-long-long -Wno-multichar -Wpointer-arith -Wshadow -Wsign-compare -Wundef -Wunused -Wwrite-strings -Wcast-align -Wdeclaration-after-statement -Wempty-body -Wendif-labels -Wfloat-equal -Wignored-qualifiers -Wno-format-nonliteral -Wno-sign-conversion -Wno-system-headers -Wstrict-prototypes -Wtype-limits -Wvla -Wmissing-parameter-type -Wold-style-declaration -Wstrict-aliasing=3 -Wformat=2 -Warray-bounds=2 -ftree-vrp -Wduplicated-cond -Wnull-dereference -fdelete-null-pointer-checks -Wshift-negative-value -Wshift-overflow=2 -Walloc-zero -Wduplicated-branches -Wformat-overflow=2 -Wformat-truncation=1 -Wrestrict -Warith-conversion -Wdouble-promotion -Wenum-conversion -Wunused-const-variable  -o CMakeFiles/cmTC_5e896.dir/HAVE_SYS_STAT_H.c.o -c /workspace/build/CMakeFiles/CMakeScratch/TryCompile-4s9Fod/HAVE_SYS_STAT_H.c
Linking C executable cmTC_5e896
/usr/bin/cmake -E cmake_link_script CMakeFiles/cmTC_5e896.dir/link.txt --verbose=1
/usr/bin/cc   -W -Wall -pedantic -Wbad-function-cast -Wconversion -Winline -Wmissing-declarations -Wmissing-prototypes -Wnested-externs -Wno-long-long -Wno-multichar -Wpointer-arith -Wshadow -Wsign-compare -Wundef -Wunused -Wwrite-strings -Wcast-align -Wdeclaration-after-statement -Wempty-body -Wendif-labels -Wfloat-equal -Wignored-qualifiers -Wno-format-nonliteral -Wno-sign-conversion -Wno-system-headers -Wstrict-prototypes -Wtype-limits -Wvla -Wmissing-parameter-type -Wold-style-declaration -Wstrict-aliasing=3 -Wformat=2 -Warray-bounds=2 -ftree-vrp -Wduplicated-cond -Wnull-dereference -fdelete-null-pointer-checks -Wshift-negative-value -Wshift-overflow=2 -Walloc-zero -Wduplicated-branches -Wformat-overflow=2 -Wformat-truncation=1 -Wrestrict -Warith-conversion -Wdouble-promotion -Wenum-conversion -Wunused-const-variable  CMakeFiles/cmTC_5e896.dir/HAVE_SYS_STAT_H.c.o -o cmTC_5e896 
gmake[1]: Leaving directory '/workspace/build/CMakeFiles/CMakeScratch/TryCompile-4s9Fod'



Determining if files inttypes.h;sys/wait.h;sys/ioctl.h;sys/param.h;sys/poll.h;sys/resource.h;sys/select.h;sys/socket.h;sys/stat.h;sys/time.h exist passed with the following output:
Change Dir: /workspace/build/CMakeFiles/CMakeScratch/TryCompile-fPQRdX

Run Build Command(s):/usr/bin/gmake -f Makefile cmTC_166c5/fast && /usr/bin/gmake  -f CMakeFiles/cmTC_166c5.dir/build.make CMakeFiles/cmTC_166c5.dir/build
gmake[1]: Entering directory '/workspace/build/CMakeFiles/CMakeScratch/TryCompile-fPQRdX'
Building C object CMakeFiles/cmTC_166c5.dir/HAVE_SYS_TIME_H.c.o
/usr/bin/cc   -W -Wall -pedantic -Wbad-function-cast -Wconversion -Winline -Wmissing-declarations -Wmissing-prototypes -Wnested-externs -Wno-long-long -Wno-multichar -Wpointer-arith -Wshadow -Wsign-compare -Wundef -Wunused -Wwrite-strings -Wcast-align -Wdeclaration-after-statement -Wempty-body -Wendif-labels -Wfloat-equal -Wignored-qualifiers -Wno-format-nonliteral -Wno-sign-conversion -Wno-system-headers -Wstrict-prototypes -Wtype-limits -Wvla -Wmissing-parameter-type -Wold-style-declaration -Wstrict-aliasing=3 -Wformat=2 -Warray-bounds=2 -ftree-vrp -Wduplicated-cond -Wnull-dereference -fdelete-null-pointer-checks -Wshift-negative-value -Wshift-overflow=2 -Walloc-zero -Wduplicated-branches -Wformat-overflow=2 -Wformat-truncation=1 -Wrestrict -Warith-conversion -Wdouble-promotion -Wenum-conversion -Wunused-const-variable  -o CMakeFiles/cmTC_166c5.dir/HAVE_SYS_TIME_H.c.o -c /workspace/build/CMakeFiles/CMakeScratch/TryCompile-fPQRdX/HAVE_SYS_TIME_H.c
Linking C executable cmTC_166c5
/usr/bin/cmake -E cmake_link_script CMakeFiles/cmTC_166c5.dir/link.txt --verbose=1
/usr/bin/cc   -W -Wall -pedantic -Wbad-function-cast -Wconversion -Winline -Wmissing-declarations -Wmissing-prototypes -Wnested-externs -Wno-long-long -Wno-multichar -Wpointer-arith -Wshadow -Wsign-compare -Wundef -Wunused -Wwrite-strings -Wcast-align -Wdeclaration-after-statement -Wempty-body -Wendif-labels -Wfloat-equal -Wignored-qualifiers -Wno-format-nonliteral -Wno-sign-conversion -Wno-system-headers -Wstrict-prototypes -Wtype-limits -Wvla -Wmissing-parameter-type -Wold-style-declaration -Wstrict-aliasing=3 -Wformat=2 -Warray-bounds=2 -ftree-vrp -Wduplicated-cond -Wnull-dereference -fdelete-null-pointer-checks -Wshift-negative-value -Wshift-overflow=2 -Walloc-zero -Wduplicated-branches -Wformat-overflow=2 -Wformat-truncation=1 -Wrestrict -Warith-conversion -Wdouble-promotion -Wenum-conversion -Wunused-const-variable  CMakeFiles/cmTC_166c5.dir/HAVE_SYS_TIME_H.c.o -o cmTC_166c5 
gmake[1]: Leaving directory '/workspace/build/CMakeFiles/CMakeScratch/TryCompile-fPQRdX'



Determining if files inttypes.h;sys/wait.h;sys/ioctl.h;sys/param.h;sys/poll.h;sys/resource.h;sys/select.h;sys/socket.h;sys/stat.h;sys/time.h;sys/types.h;sys/un.h exist passed with the following output:
Change Dir: /workspace/build/CMakeFiles/CMakeScratch/TryCompile-NzB4g6

Run Build Command(s):/usr/bin/gmake -f Makefile cmTC_9e18c/fast && /usr/bin/gmake  -f CMakeFiles/cmTC_9e18c.dir/build.make CMakeFiles/cmTC_9e18c.dir/build
gmake[1]: Entering directory '/workspace/build/CMakeFiles/CMakeScratch/TryCompile-NzB4g6'
Building C object CMakeFiles/cmTC_9e18c.dir/HAVE_SYS_UN_H.c.o
/usr/bin/cc   -W -Wall -pedantic -Wbad-function-cast -Wconversion -Winline -Wmissing-declarations -Wmissing-prototypes -Wnested-externs -Wno-long-long -Wno-multichar -Wpointer-arith -Wshadow -Wsign-compare -Wundef -Wunused -Wwrite-strings -Wcast-align -Wdeclaration-after-statement -Wempty-body -Wendif-labels -Wfloat-equal -Wignored-qualifiers -Wno-format-nonliteral -Wno-sign-conversion -Wno-system-headers -Wstrict-prototypes -Wtype-limits -Wvla -Wmissing-parameter-type -Wold-style-declaration -Wstrict-aliasing=3 -Wformat=2 -Warray-bounds=2 -ftree-vrp -Wduplicated-cond -Wnull-dereference -fdelete-null-pointer-checks -Wshift-negative-value -Wshift-overflow=2 -Walloc-zero -Wduplicated-branches -Wformat-overflow=2 -Wformat-truncation=1 -Wrestrict -Warith-conversion -Wdouble-promotion -Wenum-conversion -Wunused-const-variable  -o CMakeFiles/cmTC_9e18c.dir/HAVE_SYS_UN_H.c.o -c /workspace/build/CMakeFiles/CMakeScratch/TryCompile-NzB4g6/HAVE_SYS_UN_H.c
Linking C executable cmTC_9e18c
/usr/bin/cmake -E cmake_link_script CMakeFiles/cmTC_9e18c.dir/link.txt --verbose=1
/usr/bin/cc   -W -Wall -pedantic -Wbad-function-cast -Wconversion -Winline -Wmissing-declarations -Wmissing-prototypes -Wnested-externs -Wno-long-long -Wno-multichar -Wpointer-arith -Wshadow -Wsign-compare -Wundef -Wunused -Wwrite-strings -Wcast-align -Wdeclaration-after-statement -Wempty-body -Wendif-labels -Wfloat-equal -Wignored-qualifiers -Wno-format-nonliteral -Wno-sign-conversion -Wno-system-headers -Wstrict-prototypes -Wtype-limits -Wvla -Wmissing-parameter-type -Wold-style-declaration -Wstrict-aliasing=3 -Wformat=2 -Warray-bounds=2 -ftree-vrp -Wduplicated-cond -Wnull-dereference -fdelete-null-pointer-checks -Wshift-negative-value -Wshift-overflow=2 -Walloc-zero -Wduplicated-branches -Wformat-overflow=2 -Wformat-truncation=1 -Wrestrict -Warith-conversion -Wdouble-promotion -Wenum-conversion -Wunused-const-variable  CMakeFiles/cmTC_9e18c.dir/HAVE_SYS_UN_H.c.o -o cmTC_9e18c 
gmake[1]: Leaving directory '/workspace/build/CMakeFiles/CMakeScratch/TryCompile-NzB4g6'



Determining if files inttypes.h;sys/wait.h;sys/ioctl.h;sys/param.h;sys/poll.h;sys/resource.h;sys/select.h;sys/socket.h;sys/stat.h;sys/time.h;sys/types.h;sys/un.h;sys/xattr.h exist passed with the following output:
Change Dir: /workspace/build/CMakeFiles/CMakeScratch/TryCompile-97nHs9

Run Build Command(s):/usr/bin/gmake -f Makefile cmTC_7da81/fast && /usr/bin/gmake  -f CMakeFiles/cmTC_7da81.dir/build.make CMakeFiles/cmTC_7da81.dir/build
gmake[1]: Entering directory '/workspace/build/CMakeFiles/CMakeScratch/TryCompile-97nHs9'
Building C object CMakeFiles/cmTC_7da81.dir/HAVE_SYS_XATTR_H.c.o
/usr/bin/cc   -W -Wall -pedantic -Wbad-function-cast -Wconversion -Winline -Wmissing-declarations -Wmissing-prototypes -Wnested-externs -Wno-long-long -Wno-multichar -Wpointer-arith -Wshadow -Wsign-compare -Wundef -Wunused -Wwrite-strings -Wcast-align -Wdeclaration-after-statement -Wempty-body -Wendif-labels -Wfloat-equal -Wignored-qualifiers -Wno-format-nonliteral -Wno-sign-conversion -Wno-system-headers -Wstrict-prototypes -Wtype-limits -Wvla -Wmissing-parameter-type -Wold-style-declaration -Wstrict-aliasing=3 -Wformat=2 -Warray-bounds=2 -ftree-vrp -Wduplicated-cond -Wnull-dereference -fdelete-null-pointer-checks -Wshift-negative-value -Wshift-overflow=2 -Walloc-zero -Wduplicated-branches -Wformat-overflow=2 -Wformat-truncation=1 -Wrestrict -Warith-conversion -Wdouble-promotion -Wenum-conversion -Wunused-const-variable  -o CMakeFiles/cmTC_7da81.dir/HAVE_SYS_XATTR_H.c.o -c /workspace/build/CMakeFiles/CMakeScratch/TryCompile-97nHs9/HAVE_SYS_XATTR_H.c
Linking C executable cmTC_7da81
/usr/bin/cmake -E cmake_link_script CMakeFiles/cmTC_7da81.dir/link.txt --verbose=1
/usr/bin/cc   -W -Wall -pedantic -Wbad-function-cast -Wconversion -Winline -Wmissing-declarations -Wmissing-prototypes -Wnested-externs -Wno-long-long -Wno-multichar -Wpointer-arith -Wshadow -Wsign-compare -Wundef -Wunused -Wwrite-strings -Wcast-align -Wdeclaration-after-statement -Wempty-body -Wendif-labels -Wfloat-equal -Wignored-qualifiers -Wno-format-nonliteral -Wno-sign-conversion -Wno-system-headers -Wstrict-prototypes -Wtype-limits -Wvla -Wmissing-parameter-type -Wold-style-declaration -Wstrict-aliasing=3 -Wformat=2 -Warray-bounds=2 -ftree-vrp -Wduplicated-cond -Wnull-dereference -fdelete-null-pointer-checks -Wshift-negative-value -Wshift-overflow=2 -Walloc-zero -Wduplicated-branches -Wformat-overflow=2 -Wformat-truncation=1 -Wrestrict -Warith-conversion -Wdouble-promotion -Wenum-conversion -Wunused-const-variable  CMakeFiles/cmTC_7da81.dir/HAVE_SYS_XATTR_H.c.o -o cmTC_7da81 
gmake[1]: Leaving directory '/workspace/build/CMakeFiles/CMakeScratch/TryCompile-97nHs9'



Determining if files inttypes.h;sys/wait.h;sys/ioctl.h;sys/param.h;sys/poll.h;sys/resource.h;sys/select.h;sys/socket.h;sys/stat.h;sys/time.h;sys/types.h;sys/un.h;sys/xattr.h;arpa/inet.h exist passed with the following output:
Change Dir: /workspace/build/CMakeFiles/CMakeScratch/TryCompile-FJabGR

Run Build Command(s):/usr/bin/gmake -f Makefile cmTC_4b212/fast && /usr/bin/gmake  -f CMakeFiles/cmTC_4b212.dir/build.make CMakeFiles/cmTC_4b212.dir/build
gmake[1]: Entering directory '/workspace/build/CMakeFiles/CMakeScratch/TryCompile-FJabGR'
Building C object CMakeFiles/cmTC_4b212.dir/HAVE_ARPA_INET_H.c.o
/usr/bin/cc   -W -Wall -pedantic -Wbad-function-cast -Wconversion -Winline -Wmissing-declarations -Wmissing-prototypes -Wnested-externs -Wno-long-long -Wno-multichar -Wpointer-arith -Wshadow -Wsign-compare -Wundef -Wunused -Wwrite-strings -Wcast-align -Wdeclaration-after-statement -Wempty-body -Wendif-labels -Wfloat-equal -Wignored-qualifiers -Wno-format-nonliteral -Wno-sign-conversion -Wno-system-headers -Wstrict-prototypes -Wtype-limits -Wvla -Wmissing-parameter-type -Wold-style-declaration -Wstrict-aliasing=3 -Wformat=2 -Warray-bounds=2 -ftree-vrp -Wduplicated-cond -Wnull-dereference -fdelete-null-pointer-checks -Wshift-negative-value -Wshift-overflow=2 -Walloc-zero -Wduplicated-branches -Wformat-overflow=2 -Wformat-truncation=1 -Wrestrict -Warith-conversion -Wdouble-promotion -Wenum-conversion -Wunused-const-variable  -o CMakeFiles/cmTC_4b212.dir/HAVE_ARPA_INET_H.c.o -c /workspace/build/CMakeFiles/CMakeScratch/TryCompile-FJabGR/HAVE_ARPA_INET_H.c
Linking C executable cmTC_4b212
/usr/bin/cmake -E cmake_link_script CMakeFiles/cmTC_4b212.dir/link.txt --verbose=1
/usr/bin/cc   -W -Wall -pedantic -Wbad-function-cast -Wconversion -Winline -Wmissing-declarations -Wmissing-prototypes -Wnested-externs -Wno-long-long -Wno-multichar -Wpointer-arith -Wshadow -Wsign-compare -Wundef -Wunused -Wwrite-strings -Wcast-align -Wdeclaration-after-statement -Wempty-body -Wendif-labels -Wfloat-equal -Wignored-qualifiers -Wno-format-nonliteral -Wno-sign-conversion -Wno-system-headers -Wstrict-prototypes -Wtype-limits -Wvla -Wmissing-parameter-type -Wold-style-declaration -Wstrict-aliasing=3 -Wformat=2 -Warray-bounds=2 -ftree-vrp -Wduplicated-cond -Wnull-dereference -fdelete-null-pointer-checks -Wshift-negative-value -Wshift-overflow=2 -Walloc-zero -Wduplicated-branches -Wformat-overflow=2 -Wformat-truncation=1 -Wrestrict -Warith-conversion -Wdouble-promotion -Wenum-conversion -Wunused-const-variable  CMakeFiles/cmTC_4b212.dir/HAVE_ARPA_INET_H.c.o -o cmTC_4b212 
gmake[1]: Leaving directory '/workspace/build/CMakeFiles/CMakeScratch/TryCompile-FJabGR'



Determining if files inttypes.h;sys/wait.h;sys/ioctl.h;sys/param.h;sys/poll.h;sys/resource.h;sys/select.h;sys/socket.h;sys/stat.h;sys/time.h;sys/types.h;sys/un.h;sys/xattr.h;arpa/inet.h;fcntl.h exist passed with the following output:
Change Dir: /workspace/build/CMakeFiles/CMakeScratch/TryCompile-5llMeC

Run Build Command(s):/usr/bin/gmake -f Makefile cmTC_e61b8/fast && /usr/bin/gmake  -f CMakeFiles/cmTC_e61b8.dir/build.make CMakeFiles/cmTC_e61b8.dir/build
gmake[1]: Entering directory '/workspace/build/CMakeFiles/CMakeScratch/TryCompile-5llMeC'
Building C object CMakeFiles/cmTC_e61b8.dir/HAVE_FCNTL_H.c.o
/usr/bin/cc   -W -Wall -pedantic -Wbad-function-cast -Wconversion -Winline -Wmissing-declarations -Wmissing-prototypes -Wnested-externs -Wno-long-long -Wno-multichar -Wpointer-arith -Wshadow -Wsign-compare -Wundef -Wunused -Wwrite-strings -Wcast-align -Wdeclaration-after-statement -Wempty-body -Wendif-labels -Wfloat-equal -Wignored-qualifiers -Wno-format-nonliteral -Wno-sign-conversion -Wno-system-headers -Wstrict-prototypes -Wtype-limits -Wvla -Wmissing-parameter-type -Wold-style-declaration -Wstrict-aliasing=3 -Wformat=2 -Warray-bounds=2 -ftree-vrp -Wduplicated-cond -Wnull-dereference -fdelete-null-pointer-checks -Wshift-negative-value -Wshift-overflow=2 -Walloc-zero -Wduplicated-branches -Wformat-overflow=2 -Wformat-truncation=1 -Wrestrict -Warith-conversion -Wdouble-promotion -Wenum-conversion -Wunused-const-variable  -o CMakeFiles/cmTC_e61b8.dir/HAVE_FCNTL_H.c.o -c /workspace/build/CMakeFiles/CMakeScratch/TryCompile-5llMeC/HAVE_FCNTL_H.c
Linking C executable cmTC_e61b8
/usr/bin/cmake -E cmake_link_script CMakeFiles/cmTC_e61b8.dir/link.txt --verbose=1
/usr/bin/cc   -W -Wall -pedantic -Wbad-function-cast -Wconversion -Winline -Wmissing-declarations -Wmissing-prototypes -Wnested-externs -Wno-long-long -Wno-multichar -Wpointer-arith -Wshadow -Wsign-compare -Wundef -Wunused -Wwrite-strings -Wcast-align -Wdeclaration-after-statement -Wempty-body -Wendif-labels -Wfloat-equal -Wignored-qualifiers -Wno-format-nonliteral -Wno-sign-conversion -Wno-system-headers -Wstrict-prototypes -Wtype-limits -Wvla -Wmissing-parameter-type -Wold-style-declaration -Wstrict-aliasing=3 -Wformat=2 -Warray-bounds=2 -ftree-vrp -Wduplicated-cond -Wnull-dereference -fdelete-null-pointer-checks -Wshift-negative-value -Wshift-overflow=2 -Walloc-zero -Wduplicated-branches -Wformat-overflow=2 -Wformat-truncation=1 -Wrestrict -Warith-conversion -Wdouble-promotion -Wenum-conversion -Wunused-const-variable  CMakeFiles/cmTC_e61b8.dir/HAVE_FCNTL_H.c.o -o cmTC_e61b8 
gmake[1]: Leaving directory '/workspace/build/CMakeFiles/CMakeScratch/TryCompile-5llMeC'



Determining if files inttypes.h;sys/wait.h;sys/ioctl.h;sys/param.h;sys/poll.h;sys/resource.h;sys/select.h;sys/socket.h;sys/stat.h;sys/time.h;sys/types.h;sys/un.h;sys/xattr.h;arpa/inet.h;fcntl.h;ifaddrs.h exist passed with the following output:
Change Dir: /workspace/build/CMakeFiles/CMakeScratch/TryCompile-mlnJK9

Run Build Command(s):/usr/bin/gmake -f Makefile cmTC_2edd2/fast && /usr/bin/gmake  -f CMakeFiles/cmTC_2edd2.dir/build.make CMakeFiles/cmTC_2edd2.dir/build
gmake[1]: Entering directory '/workspace/build/CMakeFiles/CMakeScratch/TryCompile-mlnJK9'
Building C object CMakeFiles/cmTC_2edd2.dir/HAVE_IFADDRS_H.c.o
/usr/bin/cc   -W -Wall -pedantic -Wbad-function-cast -Wconversion -Winline -Wmissing-declarations -Wmissing-prototypes -Wnested-externs -Wno-long-long -Wno-multichar -Wpointer-arith -Wshadow -Wsign-compare -Wundef -Wunused -Wwrite-strings -Wcast-align -Wdeclaration-after-statement -Wempty-body -Wendif-labels -Wfloat-equal -Wignored-qualifiers -Wno-format-nonliteral -Wno-sign-conversion -Wno-system-headers -Wstrict-prototypes -Wtype-limits -Wvla -Wmissing-parameter-type -Wold-style-declaration -Wstrict-aliasing=3 -Wformat=2 -Warray-bounds=2 -ftree-vrp -Wduplicated-cond -Wnull-dereference -fdelete-null-pointer-checks -Wshift-negative-value -Wshift-overflow=2 -Walloc-zero -Wduplicated-branches -Wformat-overflow=2 -Wformat-truncation=1 -Wrestrict -Warith-conversion -Wdouble-promotion -Wenum-conversion -Wunused-const-variable  -o CMakeFiles/cmTC_2edd2.dir/HAVE_IFADDRS_H.c.o -c /workspace/build/CMakeFiles/CMakeScratch/TryCompile-mlnJK9/HAVE_IFADDRS_H.c
Linking C executable cmTC_2edd2
/usr/bin/cmake -E cmake_link_script CMakeFiles/cmTC_2edd2.dir/link.txt --verbose=1
/usr/bin/cc   -W -Wall -pedantic -Wbad-function-cast -Wconversion -Winline -Wmissing-declarations -Wmissing-prototypes -Wnested-externs -Wno-long-long -Wno-multichar -Wpointer-arith -Wshadow -Wsign-compare -Wundef -Wunused -Wwrite-strings -Wcast-align -Wdeclaration-after-statement -Wempty-body -Wendif-labels -Wfloat-equal -Wignored-qualifiers -Wno-format-nonliteral -Wno-sign-conversion -Wno-system-headers -Wstrict-prototypes -Wtype-limits -Wvla -Wmissing-parameter-type -Wold-style-declaration -Wstrict-aliasing=3 -Wformat=2 -Warray-bounds=2 -ftree-vrp -Wduplicated-cond -Wnull-dereference -fdelete-null-pointer-checks -Wshift-negative-value -Wshift-overflow=2 -Walloc-zero -Wduplicated-branches -Wformat-overflow=2 -Wformat-truncation=1 -Wrestrict -Warith-conversion -Wdouble-promotion -Wenum-conversion -Wunused-const-variable  CMakeFiles/cmTC_2edd2.dir/HAVE_IFADDRS_H.c.o -o cmTC_2edd2 
gmake[1]: Leaving directory '/workspace/build/CMakeFiles/CMakeScratch/TryCompile-mlnJK9'



Determining if files inttypes.h;sys/wait.h;sys/ioctl.h;sys/param.h;sys/poll.h;sys/resource.h;sys/select.h;sys/socket.h;sys/stat.h;sys/time.h;sys/types.h;sys/un.h;sys/xattr.h;arpa/inet.h;fcntl.h;ifaddrs.h;libgen.h exist passed with the following output:
Change Dir: /workspace/build/CMakeFiles/CMakeScratch/TryCompile-z9SVHz

Run Build Command(s):/usr/bin/gmake -f Makefile cmTC_7769b/fast && /usr/bin/gmake  -f CMakeFiles/cmTC_7769b.dir/build.make CMakeFiles/cmTC_7769b.dir/build
gmake[1]: Entering directory '/workspace/build/CMakeFiles/CMakeScratch/TryCompile-z9SVHz'
Building C object CMakeFiles/cmTC_7769b.dir/HAVE_LIBGEN_H.c.o
/usr/bin/cc   -W -Wall -pedantic -Wbad-function-cast -Wconversion -Winline -Wmissing-declarations -Wmissing-prototypes -Wnested-externs -Wno-long-long -Wno-multichar -Wpointer-arith -Wshadow -Wsign-compare -Wundef -Wunused -Wwrite-strings -Wcast-align -Wdeclaration-after-statement -Wempty-body -Wendif-labels -Wfloat-equal -Wignored-qualifiers -Wno-format-nonliteral -Wno-sign-conversion -Wno-system-headers -Wstrict-prototypes -Wtype-limits -Wvla -Wmissing-parameter-type -Wold-style-declaration -Wstrict-aliasing=3 -Wformat=2 -Warray-bounds=2 -ftree-vrp -Wduplicated-cond -Wnull-dereference -fdelete-null-pointer-checks -Wshift-negative-value -Wshift-overflow=2 -Walloc-zero -Wduplicated-branches -Wformat-overflow=2 -Wformat-truncation=1 -Wrestrict -Warith-conversion -Wdouble-promotion -Wenum-conversion -Wunused-const-variable  -o CMakeFiles/cmTC_7769b.dir/HAVE_LIBGEN_H.c.o -c /workspace/build/CMakeFiles/CMakeScratch/TryCompile-z9SVHz/HAVE_LIBGEN_H.c
Linking C executable cmTC_7769b
/usr/bin/cmake -E cmake_link_script CMakeFiles/cmTC_7769b.dir/link.txt --verbose=1
/usr/bin/cc   -W -Wall -pedantic -Wbad-function-cast -Wconversion -Winline -Wmissing-declarations -Wmissing-prototypes -Wnested-externs -Wno-long-long -Wno-multichar -Wpointer-arith -Wshadow -Wsign-compare -Wundef -Wunused -Wwrite-strings -Wcast-align -Wdeclaration-after-statement -Wempty-body -Wendif-labels -Wfloat-equal -Wignored-qualifiers -Wno-format-nonliteral -Wno-sign-conversion -Wno-system-headers -Wstrict-prototypes -Wtype-limits -Wvla -Wmissing-parameter-type -Wold-style-declaration -Wstrict-aliasing=3 -Wformat=2 -Warray-bounds=2 -ftree-vrp -Wduplicated-cond -Wnull-dereference -fdelete-null-pointer-checks -Wshift-negative-value -Wshift-overflow=2 -Walloc-zero -Wduplicated-branches -Wformat-overflow=2 -Wformat-truncation=1 -Wrestrict -Warith-conversion -Wdouble-promotion -Wenum-conversion -Wunused-const-variable  CMakeFiles/cmTC_7769b.dir/HAVE_LIBGEN_H.c.o -o cmTC_7769b 
gmake[1]: Leaving directory '/workspace/build/CMakeFiles/CMakeScratch/TryCompile-z9SVHz'



Determining if files inttypes.h;sys/wait.h;sys/ioctl.h;sys/param.h;sys/poll.h;sys/resource.h;sys/select.h;sys/socket.h;sys/stat.h;sys/time.h;sys/types.h;sys/un.h;sys/xattr.h;arpa/inet.h;fcntl.h;ifaddrs.h;libgen.h;locale.h exist passed with the following output:
Change Dir: /workspace/build/CMakeFiles/CMakeScratch/TryCompile-e8saih

Run Build Command(s):/usr/bin/gmake -f Makefile cmTC_16ef6/fast && /usr/bin/gmake  -f CMakeFiles/cmTC_16ef6.dir/build.make CMakeFiles/cmTC_16ef6.dir/build
gmake[1]: Entering directory '/workspace/build/CMakeFiles/CMakeScratch/TryCompile-e8saih'
Building C object CMakeFiles/cmTC_16ef6.dir/HAVE_LOCALE_H.c.o
/usr/bin/cc   -W -Wall -pedantic -Wbad-function-cast -Wconversion -Winline -Wmissing-declarations -Wmissing-prototypes -Wnested-externs -Wno-long-long -Wno-multichar -Wpointer-arith -Wshadow -Wsign-compare -Wundef -Wunused -Wwrite-strings -Wcast-align -Wdeclaration-after-statement -Wempty-body -Wendif-labels -Wfloat-equal -Wignored-qualifiers -Wno-format-nonliteral -Wno-sign-conversion -Wno-system-headers -Wstrict-prototypes -Wtype-limits -Wvla -Wmissing-parameter-type -Wold-style-declaration -Wstrict-aliasing=3 -Wformat=2 -Warray-bounds=2 -ftree-vrp -Wduplicated-cond -Wnull-dereference -fdelete-null-pointer-checks -Wshift-negative-value -Wshift-overflow=2 -Walloc-zero -Wduplicated-branches -Wformat-overflow=2 -Wformat-truncation=1 -Wrestrict -Warith-conversion -Wdouble-promotion -Wenum-conversion -Wunused-const-variable  -o CMakeFiles/cmTC_16ef6.dir/HAVE_LOCALE_H.c.o -c /workspace/build/CMakeFiles/CMakeScratch/TryCompile-e8saih/HAVE_LOCALE_H.c
Linking C executable cmTC_16ef6
/usr/bin/cmake -E cmake_link_script CMakeFiles/cmTC_16ef6.dir/link.txt --verbose=1
/usr/bin/cc   -W -Wall -pedantic -Wbad-function-cast -Wconversion -Winline -Wmissing-declarations -Wmissing-prototypes -Wnested-externs -Wno-long-long -Wno-multichar -Wpointer-arith -Wshadow -Wsign-compare -Wundef -Wunused -Wwrite-strings -Wcast-align -Wdeclaration-after-statement -Wempty-body -Wendif-labels -Wfloat-equal -Wignored-qualifiers -Wno-format-nonliteral -Wno-sign-conversion -Wno-system-headers -Wstrict-prototypes -Wtype-limits -Wvla -Wmissing-parameter-type -Wold-style-declaration -Wstrict-aliasing=3 -Wformat=2 -Warray-bounds=2 -ftree-vrp -Wduplicated-cond -Wnull-dereference -fdelete-null-pointer-checks -Wshift-negative-value -Wshift-overflow=2 -Walloc-zero -Wduplicated-branches -Wformat-overflow=2 -Wformat-truncation=1 -Wrestrict -Warith-conversion -Wdouble-promotion -Wenum-conversion -Wunused-const-variable  CMakeFiles/cmTC_16ef6.dir/HAVE_LOCALE_H.c.o -o cmTC_16ef6 
gmake[1]: Leaving directory '/workspace/build/CMakeFiles/CMakeScratch/TryCompile-e8saih'



Determining if files inttypes.h;sys/wait.h;sys/ioctl.h;sys/param.h;sys/poll.h;sys/resource.h;sys/select.h;sys/socket.h;sys/stat.h;sys/time.h;sys/types.h;sys/un.h;sys/xattr.h;arpa/inet.h;fcntl.h;ifaddrs.h;libgen.h;locale.h;net/if.h exist passed with the following output:
Change Dir: /workspace/build/CMakeFiles/CMakeScratch/TryCompile-eIEgZP

Run Build Command(s):/usr/bin/gmake -f Makefile cmTC_0ffee/fast && /usr/bin/gmake  -f CMakeFiles/cmTC_0ffee.dir/build.make CMakeFiles/cmTC_0ffee.dir/build
gmake[1]: Entering directory '/workspace/build/CMakeFiles/CMakeScratch/TryCompile-eIEgZP'
Building C object CMakeFiles/cmTC_0ffee.dir/HAVE_NET_IF_H.c.o
/usr/bin/cc   -W -Wall -pedantic -Wbad-function-cast -Wconversion -Winline -Wmissing-declarations -Wmissing-prototypes -Wnested-externs -Wno-long-long -Wno-multichar -Wpointer-arith -Wshadow -Wsign-compare -Wundef -Wunused -Wwrite-strings -Wcast-align -Wdeclaration-after-statement -Wempty-body -Wendif-labels -Wfloat-equal -Wignored-qualifiers -Wno-format-nonliteral -Wno-sign-conversion -Wno-system-headers -Wstrict-prototypes -Wtype-limits -Wvla -Wmissing-parameter-type -Wold-style-declaration -Wstrict-aliasing=3 -Wformat=2 -Warray-bounds=2 -ftree-vrp -Wduplicated-cond -Wnull-dereference -fdelete-null-pointer-checks -Wshift-negative-value -Wshift-overflow=2 -Walloc-zero -Wduplicated-branches -Wformat-overflow=2 -Wformat-truncation=1 -Wrestrict -Warith-conversion -Wdouble-promotion -Wenum-conversion -Wunused-const-variable  -o CMakeFiles/cmTC_0ffee.dir/HAVE_NET_IF_H.c.o -c /workspace/build/CMakeFiles/CMakeScratch/TryCompile-eIEgZP/HAVE_NET_IF_H.c
Linking C executable cmTC_0ffee
/usr/bin/cmake -E cmake_link_script CMakeFiles/cmTC_0ffee.dir/link.txt --verbose=1
/usr/bin/cc   -W -Wall -pedantic -Wbad-function-cast -Wconversion -Winline -Wmissing-declarations -Wmissing-prototypes -Wnested-externs -Wno-long-long -Wno-multichar -Wpointer-arith -Wshadow -Wsign-compare -Wundef -Wunused -Wwrite-strings -Wcast-align -Wdeclaration-after-statement -Wempty-body -Wendif-labels -Wfloat-equal -Wignored-qualifiers -Wno-format-nonliteral -Wno-sign-conversion -Wno-system-headers -Wstrict-prototypes -Wtype-limits -Wvla -Wmissing-parameter-type -Wold-style-declaration -Wstrict-aliasing=3 -Wformat=2 -Warray-bounds=2 -ftree-vrp -Wduplicated-cond -Wnull-dereference -fdelete-null-pointer-checks -Wshift-negative-value -Wshift-overflow=2 -Walloc-zero -Wduplicated-branches -Wformat-overflow=2 -Wformat-truncation=1 -Wrestrict -Warith-conversion -Wdouble-promotion -Wenum-conversion -Wunused-const-variable  CMakeFiles/cmTC_0ffee.dir/HAVE_NET_IF_H.c.o -o cmTC_0ffee 
gmake[1]: Leaving directory '/workspace/build/CMakeFiles/CMakeScratch/TryCompile-eIEgZP'



Determining if files inttypes.h;sys/wait.h;sys/ioctl.h;sys/param.h;sys/poll.h;sys/resource.h;sys/select.h;sys/socket.h;sys/stat.h;sys/time.h;sys/types.h;sys/un.h;sys/xattr.h;arpa/inet.h;fcntl.h;ifaddrs.h;libgen.h;locale.h;net/if.h;netdb.h exist passed with the following output:
Change Dir: /workspace/build/CMakeFiles/CMakeScratch/TryCompile-NEN7b9

Run Build Command(s):/usr/bin/gmake -f Makefile cmTC_d9a45/fast && /usr/bin/gmake  -f CMakeFiles/cmTC_d9a45.dir/build.make CMakeFiles/cmTC_d9a45.dir/build
gmake[1]: Entering directory '/workspace/build/CMakeFiles/CMakeScratch/TryCompile-NEN7b9'
Building C object CMakeFiles/cmTC_d9a45.dir/HAVE_NETDB_H.c.o
/usr/bin/cc   -W -Wall -pedantic -Wbad-function-cast -Wconversion -Winline -Wmissing-declarations -Wmissing-prototypes -Wnested-externs -Wno-long-long -Wno-multichar -Wpointer-arith -Wshadow -Wsign-compare -Wundef -Wunused -Wwrite-strings -Wcast-align -Wdeclaration-after-statement -Wempty-body -Wendif-labels -Wfloat-equal -Wignored-qualifiers -Wno-format-nonliteral -Wno-sign-conversion -Wno-system-headers -Wstrict-prototypes -Wtype-limits -Wvla -Wmissing-parameter-type -Wold-style-declaration -Wstrict-aliasing=3 -Wformat=2 -Warray-bounds=2 -ftree-vrp -Wduplicated-cond -Wnull-dereference -fdelete-null-pointer-checks -Wshift-negative-value -Wshift-overflow=2 -Walloc-zero -Wduplicated-branches -Wformat-overflow=2 -Wformat-truncation=1 -Wrestrict -Warith-conversion -Wdouble-promotion -Wenum-conversion -Wunused-const-variable  -o CMakeFiles/cmTC_d9a45.dir/HAVE_NETDB_H.c.o -c /workspace/build/CMakeFiles/CMakeScratch/TryCompile-NEN7b9/HAVE_NETDB_H.c
Linking C executable cmTC_d9a45
/usr/bin/cmake -E cmake_link_script CMakeFiles/cmTC_d9a45.dir/link.txt --verbose=1
/usr/bin/cc   -W -Wall -pedantic -Wbad-function-cast -Wconversion -Winline -Wmissing-declarations -Wmissing-prototypes -Wnested-externs -Wno-long-long -Wno-multichar -Wpointer-arith -Wshadow -Wsign-compare -Wundef -Wunused -Wwrite-strings -Wcast-align -Wdeclaration-after-statement -Wempty-body -Wendif-labels -Wfloat-equal -Wignored-qualifiers -Wno-format-nonliteral -Wno-sign-conversion -Wno-system-headers -Wstrict-prototypes -Wtype-limits -Wvla -Wmissing-parameter-type -Wold-style-declaration -Wstrict-aliasing=3 -Wformat=2 -Warray-bounds=2 -ftree-vrp -Wduplicated-cond -Wnull-dereference -fdelete-null-pointer-checks -Wshift-negative-value -Wshift-overflow=2 -Walloc-zero -Wduplicated-branches -Wformat-overflow=2 -Wformat-truncation=1 -Wrestrict -Warith-conversion -Wdouble-promotion -Wenum-conversion -Wunused-const-variable  CMakeFiles/cmTC_d9a45.dir/HAVE_NETDB_H.c.o -o cmTC_d9a45 
gmake[1]: Leaving directory '/workspace/build/CMakeFiles/CMakeScratch/TryCompile-NEN7b9'



Determining if files inttypes.h;sys/wait.h;sys/ioctl.h;sys/param.h;sys/poll.h;sys/resource.h;sys/select.h;sys/socket.h;sys/stat.h;sys/time.h;sys/types.h;sys/un.h;sys/xattr.h;arpa/inet.h;fcntl.h;ifaddrs.h;libgen.h;locale.h;net/if.h;netdb.h;netinet/in.h exist passed with the following output:
Change Dir: /workspace/build/CMakeFiles/CMakeScratch/TryCompile-xbO50u

Run Build Command(s):/usr/bin/gmake -f Makefile cmTC_50c07/fast && /usr/bin/gmake  -f CMakeFiles/cmTC_50c07.dir/build.make CMakeFiles/cmTC_50c07.dir/build
gmake[1]: Entering directory '/workspace/build/CMakeFiles/CMakeScratch/TryCompile-xbO50u'
Building C object CMakeFiles/cmTC_50c07.dir/HAVE_NETINET_IN_H.c.o
/usr/bin/cc   -W -Wall -pedantic -Wbad-function-cast -Wconversion -Winline -Wmissing-declarations -Wmissing-prototypes -Wnested-externs -Wno-long-long -Wno-multichar -Wpointer-arith -Wshadow -Wsign-compare -Wundef -Wunused -Wwrite-strings -Wcast-align -Wdeclaration-after-statement -Wempty-body -Wendif-labels -Wfloat-equal -Wignored-qualifiers -Wno-format-nonliteral -Wno-sign-conversion -Wno-system-headers -Wstrict-prototypes -Wtype-limits -Wvla -Wmissing-parameter-type -Wold-style-declaration -Wstrict-aliasing=3 -Wformat=2 -Warray-bounds=2 -ftree-vrp -Wduplicated-cond -Wnull-dereference -fdelete-null-pointer-checks -Wshift-negative-value -Wshift-overflow=2 -Walloc-zero -Wduplicated-branches -Wformat-overflow=2 -Wformat-truncation=1 -Wrestrict -Warith-conversion -Wdouble-promotion -Wenum-conversion -Wunused-const-variable  -o CMakeFiles/cmTC_50c07.dir/HAVE_NETINET_IN_H.c.o -c /workspace/build/CMakeFiles/CMakeScratch/TryCompile-xbO50u/HAVE_NETINET_IN_H.c
Linking C executable cmTC_50c07
/usr/bin/cmake -E cmake_link_script CMakeFiles/cmTC_50c07.dir/link.txt --verbose=1
/usr/bin/cc   -W -Wall -pedantic -Wbad-function-cast -Wconversion -Winline -Wmissing-declarations -Wmissing-prototypes -Wnested-externs -Wno-long-long -Wno-multichar -Wpointer-arith -Wshadow -Wsign-compare -Wundef -Wunused -Wwrite-strings -Wcast-align -Wdeclaration-after-statement -Wempty-body -Wendif-labels -Wfloat-equal -Wignored-qualifiers -Wno-format-nonliteral -Wno-sign-conversion -Wno-system-headers -Wstrict-prototypes -Wtype-limits -Wvla -Wmissing-parameter-type -Wold-style-declaration -Wstrict-aliasing=3 -Wformat=2 -Warray-bounds=2 -ftree-vrp -Wduplicated-cond -Wnull-dereference -fdelete-null-pointer-checks -Wshift-negative-value -Wshift-overflow=2 -Walloc-zero -Wduplicated-branches -Wformat-overflow=2 -Wformat-truncation=1 -Wrestrict -Warith-conversion -Wdouble-promotion -Wenum-conversion -Wunused-const-variable  CMakeFiles/cmTC_50c07.dir/HAVE_NETINET_IN_H.c.o -o cmTC_50c07 
gmake[1]: Leaving directory '/workspace/build/CMakeFiles/CMakeScratch/TryCompile-xbO50u'



Determining if files inttypes.h;sys/wait.h;sys/ioctl.h;sys/param.h;sys/poll.h;sys/resource.h;sys/select.h;sys/socket.h;sys/stat.h;sys/time.h;sys/types.h;sys/un.h;sys/xattr.h;arpa/inet.h;fcntl.h;ifaddrs.h;libgen.h;locale.h;net/if.h;netdb.h;netinet/in.h;netinet/tcp.h exist passed with the following output:
Change Dir: /workspace/build/CMakeFiles/CMakeScratch/TryCompile-hWL7nP

Run Build Command(s):/usr/bin/gmake -f Makefile cmTC_275f0/fast && /usr/bin/gmake  -f CMakeFiles/cmTC_275f0.dir/build.make CMakeFiles/cmTC_275f0.dir/build
gmake[1]: Entering directory '/workspace/build/CMakeFiles/CMakeScratch/TryCompile-hWL7nP'
Building C object CMakeFiles/cmTC_275f0.dir/HAVE_NETINET_TCP_H.c.o
/usr/bin/cc   -W -Wall -pedantic -Wbad-function-cast -Wconversion -Winline -Wmissing-declarations -Wmissing-prototypes -Wnested-externs -Wno-long-long -Wno-multichar -Wpointer-arith -Wshadow -Wsign-compare -Wundef -Wunused -Wwrite-strings -Wcast-align -Wdeclaration-after-statement -Wempty-body -Wendif-labels -Wfloat-equal -Wignored-qualifiers -Wno-format-nonliteral -Wno-sign-conversion -Wno-system-headers -Wstrict-prototypes -Wtype-limits -Wvla -Wmissing-parameter-type -Wold-style-declaration -Wstrict-aliasing=3 -Wformat=2 -Warray-bounds=2 -ftree-vrp -Wduplicated-cond -Wnull-dereference -fdelete-null-pointer-checks -Wshift-negative-value -Wshift-overflow=2 -Walloc-zero -Wduplicated-branches -Wformat-overflow=2 -Wformat-truncation=1 -Wrestrict -Warith-conversion -Wdouble-promotion -Wenum-conversion -Wunused-const-variable  -o CMakeFiles/cmTC_275f0.dir/HAVE_NETINET_TCP_H.c.o -c /workspace/build/CMakeFiles/CMakeScratch/TryCompile-hWL7nP/HAVE_NETINET_TCP_H.c
Linking C executable cmTC_275f0
/usr/bin/cmake -E cmake_link_script CMakeFiles/cmTC_275f0.dir/link.txt --verbose=1
/usr/bin/cc   -W -Wall -pedantic -Wbad-function-cast -Wconversion -Winline -Wmissing-declarations -Wmissing-prototypes -Wnested-externs -Wno-long-long -Wno-multichar -Wpointer-arith -Wshadow -Wsign-compare -Wundef -Wunused -Wwrite-strings -Wcast-align -Wdeclaration-after-statement -Wempty-body -Wendif-labels -Wfloat-equal -Wignored-qualifiers -Wno-format-nonliteral -Wno-sign-conversion -Wno-system-headers -Wstrict-prototypes -Wtype-limits -Wvla -Wmissing-parameter-type -Wold-style-declaration -Wstrict-aliasing=3 -Wformat=2 -Warray-bounds=2 -ftree-vrp -Wduplicated-cond -Wnull-dereference -fdelete-null-pointer-checks -Wshift-negative-value -Wshift-overflow=2 -Walloc-zero -Wduplicated-branches -Wformat-overflow=2 -Wformat-truncation=1 -Wrestrict -Warith-conversion -Wdouble-promotion -Wenum-conversion -Wunused-const-variable  CMakeFiles/cmTC_275f0.dir/HAVE_NETINET_TCP_H.c.o -o cmTC_275f0 
gmake[1]: Leaving directory '/workspace/build/CMakeFiles/CMakeScratch/TryCompile-hWL7nP'



Determining if files inttypes.h;sys/wait.h;sys/ioctl.h;sys/param.h;sys/poll.h;sys/resource.h;sys/select.h;sys/socket.h;sys/stat.h;sys/time.h;sys/types.h;sys/un.h;sys/xattr.h;arpa/inet.h;fcntl.h;ifaddrs.h;libgen.h;locale.h;net/if.h;netdb.h;netinet/in.h;netinet/tcp.h;netinet/udp.h exist passed with the following output:
Change Dir: /workspace/build/CMakeFiles/CMakeScratch/TryCompile-c6Ts2I

Run Build Command(s):/usr/bin/gmake -f Makefile cmTC_d1b55/fast && /usr/bin/gmake  -f CMakeFiles/cmTC_d1b55.dir/build.make CMakeFiles/cmTC_d1b55.dir/build
gmake[1]: Entering directory '/workspace/build/CMakeFiles/CMakeScratch/TryCompile-c6Ts2I'
Building C object CMakeFiles/cmTC_d1b55.dir/HAVE_NETINET_UDP_H.c.o
/usr/bin/cc   -W -Wall -pedantic -Wbad-function-cast -Wconversion -Winline -Wmissing-declarations -Wmissing-prototypes -Wnested-externs -Wno-long-long -Wno-multichar -Wpointer-arith -Wshadow -Wsign-compare -Wundef -Wunused -Wwrite-strings -Wcast-align -Wdeclaration-after-statement -Wempty-body -Wendif-labels -Wfloat-equal -Wignored-qualifiers -Wno-format-nonliteral -Wno-sign-conversion -Wno-system-headers -Wstrict-prototypes -Wtype-limits -Wvla -Wmissing-parameter-type -Wold-style-declaration -Wstrict-aliasing=3 -Wformat=2 -Warray-bounds=2 -ftree-vrp -Wduplicated-cond -Wnull-dereference -fdelete-null-pointer-checks -Wshift-negative-value -Wshift-overflow=2 -Walloc-zero -Wduplicated-branches -Wformat-overflow=2 -Wformat-truncation=1 -Wrestrict -Warith-conversion -Wdouble-promotion -Wenum-conversion -Wunused-const-variable  -o CMakeFiles/cmTC_d1b55.dir/HAVE_NETINET_UDP_H.c.o -c /workspace/build/CMakeFiles/CMakeScratch/TryCompile-c6Ts2I/HAVE_NETINET_UDP_H.c
Linking C executable cmTC_d1b55
/usr/bin/cmake -E cmake_link_script CMakeFiles/cmTC_d1b55.dir/link.txt --verbose=1
/usr/bin/cc   -W -Wall -pedantic -Wbad-function-cast -Wconversion -Winline -Wmissing-declarations -Wmissing-prototypes -Wnested-externs -Wno-long-long -Wno-multichar -Wpointer-arith -Wshadow -Wsign-compare -Wundef -Wunused -Wwrite-strings -Wcast-align -Wdeclaration-after-statement -Wempty-body -Wendif-labels -Wfloat-equal -Wignored-qualifiers -Wno-format-nonliteral -Wno-sign-conversion -Wno-system-headers -Wstrict-prototypes -Wtype-limits -Wvla -Wmissing-parameter-type -Wold-style-declaration -Wstrict-aliasing=3 -Wformat=2 -Warray-bounds=2 -ftree-vrp -Wduplicated-cond -Wnull-dereference -fdelete-null-pointer-checks -Wshift-negative-value -Wshift-overflow=2 -Walloc-zero -Wduplicated-branches -Wformat-overflow=2 -Wformat-truncation=1 -Wrestrict -Warith-conversion -Wdouble-promotion -Wenum-conversion -Wunused-const-variable  CMakeFiles/cmTC_d1b55.dir/HAVE_NETINET_UDP_H.c.o -o cmTC_d1b55 
gmake[1]: Leaving directory '/workspace/build/CMakeFiles/CMakeScratch/TryCompile-c6Ts2I'



Determining if the include file linux/tcp.h exists passed with the following output:
Change Dir: /workspace/build/CMakeFiles/CMakeScratch/TryCompile-tv9lpF

Run Build Command(s):/usr/bin/gmake -f Makefile cmTC_cfce6/fast && /usr/bin/gmake  -f CMakeFiles/cmTC_cfce6.dir/build.make CMakeFiles/cmTC_cfce6.dir/build
gmake[1]: Entering directory '/workspace/build/CMakeFiles/CMakeScratch/TryCompile-tv9lpF'
Building C object CMakeFiles/cmTC_cfce6.dir/CheckIncludeFile.c.o
/usr/bin/cc   -W -Wall -pedantic -Wbad-function-cast -Wconversion -Winline -Wmissing-declarations -Wmissing-prototypes -Wnested-externs -Wno-long-long -Wno-multichar -Wpointer-arith -Wshadow -Wsign-compare -Wundef -Wunused -Wwrite-strings -Wcast-align -Wdeclaration-after-statement -Wempty-body -Wendif-labels -Wfloat-equal -Wignored-qualifiers -Wno-format-nonliteral -Wno-sign-conversion -Wno-system-headers -Wstrict-prototypes -Wtype-limits -Wvla -Wmissing-parameter-type -Wold-style-declaration -Wstrict-aliasing=3 -Wformat=2 -Warray-bounds=2 -ftree-vrp -Wduplicated-cond -Wnull-dereference -fdelete-null-pointer-checks -Wshift-negative-value -Wshift-overflow=2 -Walloc-zero -Wduplicated-branches -Wformat-overflow=2 -Wformat-truncation=1 -Wrestrict -Warith-conversion -Wdouble-promotion -Wenum-conversion -Wunused-const-variable  -o CMakeFiles/cmTC_cfce6.dir/CheckIncludeFile.c.o -c /workspace/build/CMakeFiles/CMakeScratch/TryCompile-tv9lpF/CheckIncludeFile.c
Linking C executable cmTC_cfce6
/usr/bin/cmake -E cmake_link_script CMakeFiles/cmTC_cfce6.dir/link.txt --verbose=1
/usr/bin/cc   -W -Wall -pedantic -Wbad-function-cast -Wconversion -Winline -Wmissing-declarations -Wmissing-prototypes -Wnested-externs -Wno-long-long -Wno-multichar -Wpointer-arith -Wshadow -Wsign-compare -Wundef -Wunused -Wwrite-strings -Wcast-align -Wdeclaration-after-statement -Wempty-body -Wendif-labels -Wfloat-equal -Wignored-qualifiers -Wno-format-nonliteral -Wno-sign-conversion -Wno-system-headers -Wstrict-prototypes -Wtype-limits -Wvla -Wmissing-parameter-type -Wold-style-declaration -Wstrict-aliasing=3 -Wformat=2 -Warray-bounds=2 -ftree-vrp -Wduplicated-cond -Wnull-dereference -fdelete-null-pointer-checks -Wshift-negative-value -Wshift-overflow=2 -Walloc-zero -Wduplicated-branches -Wformat-overflow=2 -Wformat-truncation=1 -Wrestrict -Warith-conversion -Wdouble-promotion -Wenum-conversion -Wunused-const-variable  CMakeFiles/cmTC_cfce6.dir/CheckIncludeFile.c.o -o cmTC_cfce6 
gmake[1]: Leaving directory '/workspace/build/CMakeFiles/CMakeScratch/TryCompile-tv9lpF'



Determining if files inttypes.h;sys/wait.h;sys/ioctl.h;sys/param.h;sys/poll.h;sys/resource.h;sys/select.h;sys/socket.h;sys/stat.h;sys/time.h;sys/types.h;sys/un.h;sys/xattr.h;arpa/inet.h;fcntl.h;ifaddrs.h;libgen.h;locale.h;net/if.h;netdb.h;netinet/in.h;netinet/tcp.h;netinet/udp.h;poll.h exist passed with the following output:
Change Dir: /workspace/build/CMakeFiles/CMakeScratch/TryCompile-OqiuFi

Run Build Command(s):/usr/bin/gmake -f Makefile cmTC_99f80/fast && /usr/bin/gmake  -f CMakeFiles/cmTC_99f80.dir/build.make CMakeFiles/cmTC_99f80.dir/build
gmake[1]: Entering directory '/workspace/build/CMakeFiles/CMakeScratch/TryCompile-OqiuFi'
Building C object CMakeFiles/cmTC_99f80.dir/HAVE_POLL_H.c.o
/usr/bin/cc   -W -Wall -pedantic -Wbad-function-cast -Wconversion -Winline -Wmissing-declarations -Wmissing-prototypes -Wnested-externs -Wno-long-long -Wno-multichar -Wpointer-arith -Wshadow -Wsign-compare -Wundef -Wunused -Wwrite-strings -Wcast-align -Wdeclaration-after-statement -Wempty-body -Wendif-labels -Wfloat-equal -Wignored-qualifiers -Wno-format-nonliteral -Wno-sign-conversion -Wno-system-headers -Wstrict-prototypes -Wtype-limits -Wvla -Wmissing-parameter-type -Wold-style-declaration -Wstrict-aliasing=3 -Wformat=2 -Warray-bounds=2 -ftree-vrp -Wduplicated-cond -Wnull-dereference -fdelete-null-pointer-checks -Wshift-negative-value -Wshift-overflow=2 -Walloc-zero -Wduplicated-branches -Wformat-overflow=2 -Wformat-truncation=1 -Wrestrict -Warith-conversion -Wdouble-promotion -Wenum-conversion -Wunused-const-variable  -o CMakeFiles/cmTC_99f80.dir/HAVE_POLL_H.c.o -c /workspace/build/CMakeFiles/CMakeScratch/TryCompile-OqiuFi/HAVE_POLL_H.c
Linking C executable cmTC_99f80
/usr/bin/cmake -E cmake_link_script CMakeFiles/cmTC_99f80.dir/link.txt --verbose=1
/usr/bin/cc   -W -Wall -pedantic -Wbad-function-cast -Wconversion -Winline -Wmissing-declarations -Wmissing-prototypes -Wnested-externs -Wno-long-long -Wno-multichar -Wpointer-arith -Wshadow -Wsign-compare -Wundef -Wunused -Wwrite-strings -Wcast-align -Wdeclaration-after-statement -Wempty-body -Wendif-labels -Wfloat-equal -Wignored-qualifiers -Wno-format-nonliteral -Wno-sign-conversion -Wno-system-headers -Wstrict-prototypes -Wtype-limits -Wvla -Wmissing-parameter-type -Wold-style-declaration -Wstrict-aliasing=3 -Wformat=2 -Warray-bounds=2 -ftree-vrp -Wduplicated-cond -Wnull-dereference -fdelete-null-pointer-checks -Wshift-negative-value -Wshift-overflow=2 -Walloc-zero -Wduplicated-branches -Wformat-overflow=2 -Wformat-truncation=1 -Wrestrict -Warith-conversion -Wdouble-promotion -Wenum-conversion -Wunused-const-variable  CMakeFiles/cmTC_99f80.dir/HAVE_POLL_H.c.o -o cmTC_99f80 
gmake[1]: Leaving directory '/workspace/build/CMakeFiles/CMakeScratch/TryCompile-OqiuFi'



Determining if files inttypes.h;sys/wait.h;sys/ioctl.h;sys/param.h;sys/poll.h;sys/resource.h;sys/select.h;sys/socket.h;sys/stat.h;sys/time.h;sys/types.h;sys/un.h;sys/xattr.h;arpa/inet.h;fcntl.h;ifaddrs.h;libgen.h;locale.h;net/if.h;netdb.h;netinet/in.h;netinet/tcp.h;netinet/udp.h;poll.h;pwd.h exist passed with the following output:
Change Dir: /workspace/build/CMakeFiles/CMakeScratch/TryCompile-lAeY2j

Run Build Command(s):/usr/bin/gmake -f Makefile cmTC_c4c54/fast && /usr/bin/gmake  -f CMakeFiles/cmTC_c4c54.dir/build.make CMakeFiles/cmTC_c4c54.dir/build
gmake[1]: Entering directory '/workspace/build/CMakeFiles/CMakeScratch/TryCompile-lAeY2j'
Building C object CMakeFiles/cmTC_c4c54.dir/HAVE_PWD_H.c.o
/usr/bin/cc   -W -Wall -pedantic -Wbad-function-cast -Wconversion -Winline -Wmissing-declarations -Wmissing-prototypes -Wnested-externs -Wno-long-long -Wno-multichar -Wpointer-arith -Wshadow -Wsign-compare -Wundef -Wunused -Wwrite-strings -Wcast-align -Wdeclaration-after-statement -Wempty-body -Wendif-labels -Wfloat-equal -Wignored-qualifiers -Wno-format-nonliteral -Wno-sign-conversion -Wno-system-headers -Wstrict-prototypes -Wtype-limits -Wvla -Wmissing-parameter-type -Wold-style-declaration -Wstrict-aliasing=3 -Wformat=2 -Warray-bounds=2 -ftree-vrp -Wduplicated-cond -Wnull-dereference -fdelete-null-pointer-checks -Wshift-negative-value -Wshift-overflow=2 -Walloc-zero -Wduplicated-branches -Wformat-overflow=2 -Wformat-truncation=1 -Wrestrict -Warith-conversion -Wdouble-promotion -Wenum-conversion -Wunused-const-variable  -o CMakeFiles/cmTC_c4c54.dir/HAVE_PWD_H.c.o -c /workspace/build/CMakeFiles/CMakeScratch/TryCompile-lAeY2j/HAVE_PWD_H.c
Linking C executable cmTC_c4c54
/usr/bin/cmake -E cmake_link_script CMakeFiles/cmTC_c4c54.dir/link.txt --verbose=1
/usr/bin/cc   -W -Wall -pedantic -Wbad-function-cast -Wconversion -Winline -Wmissing-declarations -Wmissing-prototypes -Wnested-externs -Wno-long-long -Wno-multichar -Wpointer-arith -Wshadow -Wsign-compare -Wundef -Wunused -Wwrite-strings -Wcast-align -Wdeclaration-after-statement -Wempty-body -Wendif-labels -Wfloat-equal -Wignored-qualifiers -Wno-format-nonliteral -Wno-sign-conversion -Wno-system-headers -Wstrict-prototypes -Wtype-limits -Wvla -Wmissing-parameter-type -Wold-style-declaration -Wstrict-aliasing=3 -Wformat=2 -Warray-bounds=2 -ftree-vrp -Wduplicated-cond -Wnull-dereference -fdelete-null-pointer-checks -Wshift-negative-value -Wshift-overflow=2 -Walloc-zero -Wduplicated-branches -Wformat-overflow=2 -Wformat-truncation=1 -Wrestrict -Warith-conversion -Wdouble-promotion -Wenum-conversion -Wunused-const-variable  CMakeFiles/cmTC_c4c54.dir/HAVE_PWD_H.c.o -o cmTC_c4c54 
gmake[1]: Leaving directory '/workspace/build/CMakeFiles/CMakeScratch/TryCompile-lAeY2j'



Determining if files inttypes.h;sys/wait.h;sys/ioctl.h;sys/param.h;sys/poll.h;sys/resource.h;sys/select.h;sys/socket.h;sys/stat.h;sys/time.h;sys/types.h;sys/un.h;sys/xattr.h;arpa/inet.h;fcntl.h;ifaddrs.h;libgen.h;locale.h;net/if.h;netdb.h;netinet/in.h;netinet/tcp.h;netinet/udp.h;poll.h;pwd.h;stdatomic.h exist passed with the following output:
Change Dir: /workspace/build/CMakeFiles/CMakeScratch/TryCompile-k2mot0

Run Build Command(s):/usr/bin/gmake -f Makefile cmTC_e0516/fast && /usr/bin/gmake  -f CMakeFiles/cmTC_e0516.dir/build.make CMakeFiles/cmTC_e0516.dir/build
gmake[1]: Entering directory '/workspace/build/CMakeFiles/CMakeScratch/TryCompile-k2mot0'
Building C object CMakeFiles/cmTC_e0516.dir/HAVE_STDATOMIC_H.c.o
/usr/bin/cc   -W -Wall -pedantic -Wbad-function-cast -Wconversion -Winline -Wmissing-declarations -Wmissing-prototypes -Wnested-externs -Wno-long-long -Wno-multichar -Wpointer-arith -Wshadow -Wsign-compare -Wundef -Wunused -Wwrite-strings -Wcast-align -Wdeclaration-after-statement -Wempty-body -Wendif-labels -Wfloat-equal -Wignored-qualifiers -Wno-format-nonliteral -Wno-sign-conversion -Wno-system-headers -Wstrict-prototypes -Wtype-limits -Wvla -Wmissing-parameter-type -Wold-style-declaration -Wstrict-aliasing=3 -Wformat=2 -Warray-bounds=2 -ftree-vrp -Wduplicated-cond -Wnull-dereference -fdelete-null-pointer-checks -Wshift-negative-value -Wshift-overflow=2 -Walloc-zero -Wduplicated-branches -Wformat-overflow=2 -Wformat-truncation=1 -Wrestrict -Warith-conversion -Wdouble-promotion -Wenum-conversion -Wunused-const-variable  -o CMakeFiles/cmTC_e0516.dir/HAVE_STDATOMIC_H.c.o -c /workspace/build/CMakeFiles/CMakeScratch/TryCompile-k2mot0/HAVE_STDATOMIC_H.c
Linking C executable cmTC_e0516
/usr/bin/cmake -E cmake_link_script CMakeFiles/cmTC_e0516.dir/link.txt --verbose=1
/usr/bin/cc   -W -Wall -pedantic -Wbad-function-cast -Wconversion -Winline -Wmissing-declarations -Wmissing-prototypes -Wnested-externs -Wno-long-long -Wno-multichar -Wpointer-arith -Wshadow -Wsign-compare -Wundef -Wunused -Wwrite-strings -Wcast-align -Wdeclaration-after-statement -Wempty-body -Wendif-labels -Wfloat-equal -Wignored-qualifiers -Wno-format-nonliteral -Wno-sign-conversion -Wno-system-headers -Wstrict-prototypes -Wtype-limits -Wvla -Wmissing-parameter-type -Wold-style-declaration -Wstrict-aliasing=3 -Wformat=2 -Warray-bounds=2 -ftree-vrp -Wduplicated-cond -Wnull-dereference -fdelete-null-pointer-checks -Wshift-negative-value -Wshift-overflow=2 -Walloc-zero -Wduplicated-branches -Wformat-overflow=2 -Wformat-truncation=1 -Wrestrict -Warith-conversion -Wdouble-promotion -Wenum-conversion -Wunused-const-variable  CMakeFiles/cmTC_e0516.dir/HAVE_STDATOMIC_H.c.o -o cmTC_e0516 
gmake[1]: Leaving directory '/workspace/build/CMakeFiles/CMakeScratch/TryCompile-k2mot0'



Determining if files inttypes.h;sys/wait.h;sys/ioctl.h;sys/param.h;sys/poll.h;sys/resource.h;sys/select.h;sys/socket.h;sys/stat.h;sys/time.h;sys/types.h;sys/un.h;sys/xattr.h;arpa/inet.h;fcntl.h;ifaddrs.h;libgen.h;locale.h;net/if.h;netdb.h;netinet/in.h;netinet/tcp.h;netinet/udp.h;poll.h;pwd.h;stdatomic.h;stdbool.h exist passed with the following output:
Change Dir: /workspace/build/CMakeFiles/CMakeScratch/TryCompile-GbnM5J

Run Build Command(s):/usr/bin/gmake -f Makefile cmTC_9f51d/fast && /usr/bin/gmake  -f CMakeFiles/cmTC_9f51d.dir/build.make CMakeFiles/cmTC_9f51d.dir/build
gmake[1]: Entering directory '/workspace/build/CMakeFiles/CMakeScratch/TryCompile-GbnM5J'
Building C object CMakeFiles/cmTC_9f51d.dir/HAVE_STDBOOL_H.c.o
/usr/bin/cc   -W -Wall -pedantic -Wbad-function-cast -Wconversion -Winline -Wmissing-declarations -Wmissing-prototypes -Wnested-externs -Wno-long-long -Wno-multichar -Wpointer-arith -Wshadow -Wsign-compare -Wundef -Wunused -Wwrite-strings -Wcast-align -Wdeclaration-after-statement -Wempty-body -Wendif-labels -Wfloat-equal -Wignored-qualifiers -Wno-format-nonliteral -Wno-sign-conversion -Wno-system-headers -Wstrict-prototypes -Wtype-limits -Wvla -Wmissing-parameter-type -Wold-style-declaration -Wstrict-aliasing=3 -Wformat=2 -Warray-bounds=2 -ftree-vrp -Wduplicated-cond -Wnull-dereference -fdelete-null-pointer-checks -Wshift-negative-value -Wshift-overflow=2 -Walloc-zero -Wduplicated-branches -Wformat-overflow=2 -Wformat-truncation=1 -Wrestrict -Warith-conversion -Wdouble-promotion -Wenum-conversion -Wunused-const-variable  -o CMakeFiles/cmTC_9f51d.dir/HAVE_STDBOOL_H.c.o -c /workspace/build/CMakeFiles/CMakeScratch/TryCompile-GbnM5J/HAVE_STDBOOL_H.c
Linking C executable cmTC_9f51d
/usr/bin/cmake -E cmake_link_script CMakeFiles/cmTC_9f51d.dir/link.txt --verbose=1
/usr/bin/cc   -W -Wall -pedantic -Wbad-function-cast -Wconversion -Winline -Wmissing-declarations -Wmissing-prototypes -Wnested-externs -Wno-long-long -Wno-multichar -Wpointer-arith -Wshadow -Wsign-compare -Wundef -Wunused -Wwrite-strings -Wcast-align -Wdeclaration-after-statement -Wempty-body -Wendif-labels -Wfloat-equal -Wignored-qualifiers -Wno-format-nonliteral -Wno-sign-conversion -Wno-system-headers -Wstrict-prototypes -Wtype-limits -Wvla -Wmissing-parameter-type -Wold-style-declaration -Wstrict-aliasing=3 -Wformat=2 -Warray-bounds=2 -ftree-vrp -Wduplicated-cond -Wnull-dereference -fdelete-null-pointer-checks -Wshift-negative-value -Wshift-overflow=2 -Walloc-zero -Wduplicated-branches -Wformat-overflow=2 -Wformat-truncation=1 -Wrestrict -Warith-conversion -Wdouble-promotion -Wenum-conversion -Wunused-const-variable  CMakeFiles/cmTC_9f51d.dir/HAVE_STDBOOL_H.c.o -o cmTC_9f51d 
gmake[1]: Leaving directory '/workspace/build/CMakeFiles/CMakeScratch/TryCompile-GbnM5J'



Determining if files inttypes.h;sys/wait.h;sys/ioctl.h;sys/param.h;sys/poll.h;sys/resource.h;sys/select.h;sys/socket.h;sys/stat.h;sys/time.h;sys/types.h;sys/un.h;sys/xattr.h;arpa/inet.h;fcntl.h;ifaddrs.h;libgen.h;locale.h;net/if.h;netdb.h;netinet/in.h;netinet/tcp.h;netinet/udp.h;poll.h;pwd.h;stdatomic.h;stdbool.h;stdint.h;strings.h exist passed with the following output:
Change Dir: /workspace/build/CMakeFiles/CMakeScratch/TryCompile-K2FLlS

Run Build Command(s):/usr/bin/gmake -f Makefile cmTC_19f3a/fast && /usr/bin/gmake  -f CMakeFiles/cmTC_19f3a.dir/build.make CMakeFiles/cmTC_19f3a.dir/build
gmake[1]: Entering directory '/workspace/build/CMakeFiles/CMakeScratch/TryCompile-K2FLlS'
Building C object CMakeFiles/cmTC_19f3a.dir/HAVE_STRINGS_H.c.o
/usr/bin/cc   -W -Wall -pedantic -Wbad-function-cast -Wconversion -Winline -Wmissing-declarations -Wmissing-prototypes -Wnested-externs -Wno-long-long -Wno-multichar -Wpointer-arith -Wshadow -Wsign-compare -Wundef -Wunused -Wwrite-strings -Wcast-align -Wdeclaration-after-statement -Wempty-body -Wendif-labels -Wfloat-equal -Wignored-qualifiers -Wno-format-nonliteral -Wno-sign-conversion -Wno-system-headers -Wstrict-prototypes -Wtype-limits -Wvla -Wmissing-parameter-type -Wold-style-declaration -Wstrict-aliasing=3 -Wformat=2 -Warray-bounds=2 -ftree-vrp -Wduplicated-cond -Wnull-dereference -fdelete-null-pointer-checks -Wshift-negative-value -Wshift-overflow=2 -Walloc-zero -Wduplicated-branches -Wformat-overflow=2 -Wformat-truncation=1 -Wrestrict -Warith-conversion -Wdouble-promotion -Wenum-conversion -Wunused-const-variable  -o CMakeFiles/cmTC_19f3a.dir/HAVE_STRINGS_H.c.o -c /workspace/build/CMakeFiles/CMakeScratch/TryCompile-K2FLlS/HAVE_STRINGS_H.c
Linking C executable cmTC_19f3a
/usr/bin/cmake -E cmake_link_script CMakeFiles/cmTC_19f3a.dir/link.txt --verbose=1
/usr/bin/cc   -W -Wall -pedantic -Wbad-function-cast -Wconversion -Winline -Wmissing-declarations -Wmissing-prototypes -Wnested-externs -Wno-long-long -Wno-multichar -Wpointer-arith -Wshadow -Wsign-compare -Wundef -Wunused -Wwrite-strings -Wcast-align -Wdeclaration-after-statement -Wempty-body -Wendif-labels -Wfloat-equal -Wignored-qualifiers -Wno-format-nonliteral -Wno-sign-conversion -Wno-system-headers -Wstrict-prototypes -Wtype-limits -Wvla -Wmissing-parameter-type -Wold-style-declaration -Wstrict-aliasing=3 -Wformat=2 -Warray-bounds=2 -ftree-vrp -Wduplicated-cond -Wnull-dereference -fdelete-null-pointer-checks -Wshift-negative-value -Wshift-overflow=2 -Walloc-zero -Wduplicated-branches -Wformat-overflow=2 -Wformat-truncation=1 -Wrestrict -Warith-conversion -Wdouble-promotion -Wenum-conversion -Wunused-const-variable  CMakeFiles/cmTC_19f3a.dir/HAVE_STRINGS_H.c.o -o cmTC_19f3a 
gmake[1]: Leaving directory '/workspace/build/CMakeFiles/CMakeScratch/TryCompile-K2FLlS'



Determining if files inttypes.h;sys/wait.h;sys/ioctl.h;sys/param.h;sys/poll.h;sys/resource.h;sys/select.h;sys/socket.h;sys/stat.h;sys/time.h;sys/types.h;sys/un.h;sys/xattr.h;arpa/inet.h;fcntl.h;ifaddrs.h;libgen.h;locale.h;net/if.h;netdb.h;netinet/in.h;netinet/tcp.h;netinet/udp.h;poll.h;pwd.h;stdatomic.h;stdbool.h;stdint.h;strings.h;termio.h exist passed with the following output:
Change Dir: /workspace/build/CMakeFiles/CMakeScratch/TryCompile-gHnSFC

Run Build Command(s):/usr/bin/gmake -f Makefile cmTC_f8d8c/fast && /usr/bin/gmake  -f CMakeFiles/cmTC_f8d8c.dir/build.make CMakeFiles/cmTC_f8d8c.dir/build
gmake[1]: Entering directory '/workspace/build/CMakeFiles/CMakeScratch/TryCompile-gHnSFC'
Building C object CMakeFiles/cmTC_f8d8c.dir/HAVE_TERMIO_H.c.o
/usr/bin/cc   -W -Wall -pedantic -Wbad-function-cast -Wconversion -Winline -Wmissing-declarations -Wmissing-prototypes -Wnested-externs -Wno-long-long -Wno-multichar -Wpointer-arith -Wshadow -Wsign-compare -Wundef -Wunused -Wwrite-strings -Wcast-align -Wdeclaration-after-statement -Wempty-body -Wendif-labels -Wfloat-equal -Wignored-qualifiers -Wno-format-nonliteral -Wno-sign-conversion -Wno-system-headers -Wstrict-prototypes -Wtype-limits -Wvla -Wmissing-parameter-type -Wold-style-declaration -Wstrict-aliasing=3 -Wformat=2 -Warray-bounds=2 -ftree-vrp -Wduplicated-cond -Wnull-dereference -fdelete-null-pointer-checks -Wshift-negative-value -Wshift-overflow=2 -Walloc-zero -Wduplicated-branches -Wformat-overflow=2 -Wformat-truncation=1 -Wrestrict -Warith-conversion -Wdouble-promotion -Wenum-conversion -Wunused-const-variable  -o CMakeFiles/cmTC_f8d8c.dir/HAVE_TERMIO_H.c.o -c /workspace/build/CMakeFiles/CMakeScratch/TryCompile-gHnSFC/HAVE_TERMIO_H.c
Linking C executable cmTC_f8d8c
/usr/bin/cmake -E cmake_link_script CMakeFiles/cmTC_f8d8c.dir/link.txt --verbose=1
/usr/bin/cc   -W -Wall -pedantic -Wbad-function-cast -Wconversion -Winline -Wmissing-declarations -Wmissing-prototypes -Wnested-externs -Wno-long-long -Wno-multichar -Wpointer-arith -Wshadow -Wsign-compare -Wundef -Wunused -Wwrite-strings -Wcast-align -Wdeclaration-after-statement -Wempty-body -Wendif-labels -Wfloat-equal -Wignored-qualifiers -Wno-format-nonliteral -Wno-sign-conversion -Wno-system-headers -Wstrict-prototypes -Wtype-limits -Wvla -Wmissing-parameter-type -Wold-style-declaration -Wstrict-aliasing=3 -Wformat=2 -Warray-bounds=2 -ftree-vrp -Wduplicated-cond -Wnull-dereference -fdelete-null-pointer-checks -Wshift-negative-value -Wshift-overflow=2 -Walloc-zero -Wduplicated-branches -Wformat-overflow=2 -Wformat-truncation=1 -Wrestrict -Warith-conversion -Wdouble-promotion -Wenum-conversion -Wunused-const-variable  CMakeFiles/cmTC_f8d8c.dir/HAVE_TERMIO_H.c.o -o cmTC_f8d8c 
gmake[1]: Leaving directory '/workspace/build/CMakeFiles/CMakeScratch/TryCompile-gHnSFC'



Determining if files inttypes.h;sys/wait.h;sys/ioctl.h;sys/param.h;sys/poll.h;sys/resource.h;sys/select.h;sys/socket.h;sys/stat.h;sys/time.h;sys/types.h;sys/un.h;sys/xattr.h;arpa/inet.h;fcntl.h;ifaddrs.h;libgen.h;locale.h;net/if.h;netdb.h;netinet/in.h;netinet/tcp.h;netinet/udp.h;poll.h;pwd.h;stdatomic.h;stdbool.h;stdint.h;strings.h;termio.h;termios.h exist passed with the following output:
Change Dir: /workspace/build/CMakeFiles/CMakeScratch/TryCompile-YVIRUx

Run Build Command(s):/usr/bin/gmake -f Makefile cmTC_2728e/fast && /usr/bin/gmake  -f CMakeFiles/cmTC_2728e.dir/build.make CMakeFiles/cmTC_2728e.dir/build
gmake[1]: Entering directory '/workspace/build/CMakeFiles/CMakeScratch/TryCompile-YVIRUx'
Building C object CMakeFiles/cmTC_2728e.dir/HAVE_TERMIOS_H.c.o
/usr/bin/cc   -W -Wall -pedantic -Wbad-function-cast -Wconversion -Winline -Wmissing-declarations -Wmissing-prototypes -Wnested-externs -Wno-long-long -Wno-multichar -Wpointer-arith -Wshadow -Wsign-compare -Wundef -Wunused -Wwrite-strings -Wcast-align -Wdeclaration-after-statement -Wempty-body -Wendif-labels -Wfloat-equal -Wignored-qualifiers -Wno-format-nonliteral -Wno-sign-conversion -Wno-system-headers -Wstrict-prototypes -Wtype-limits -Wvla -Wmissing-parameter-type -Wold-style-declaration -Wstrict-aliasing=3 -Wformat=2 -Warray-bounds=2 -ftree-vrp -Wduplicated-cond -Wnull-dereference -fdelete-null-pointer-checks -Wshift-negative-value -Wshift-overflow=2 -Walloc-zero -Wduplicated-branches -Wformat-overflow=2 -Wformat-truncation=1 -Wrestrict -Warith-conversion -Wdouble-promotion -Wenum-conversion -Wunused-const-variable  -o CMakeFiles/cmTC_2728e.dir/HAVE_TERMIOS_H.c.o -c /workspace/build/CMakeFiles/CMakeScratch/TryCompile-YVIRUx/HAVE_TERMIOS_H.c
Linking C executable cmTC_2728e
/usr/bin/cmake -E cmake_link_script CMakeFiles/cmTC_2728e.dir/link.txt --verbose=1
/usr/bin/cc   -W -Wall -pedantic -Wbad-function-cast -Wconversion -Winline -Wmissing-declarations -Wmissing-prototypes -Wnested-externs -Wno-long-long -Wno-multichar -Wpointer-arith -Wshadow -Wsign-compare -Wundef -Wunused -Wwrite-strings -Wcast-align -Wdeclaration-after-statement -Wempty-body -Wendif-labels -Wfloat-equal -Wignored-qualifiers -Wno-format-nonliteral -Wno-sign-conversion -Wno-system-headers -Wstrict-prototypes -Wtype-limits -Wvla -Wmissing-parameter-type -Wold-style-declaration -Wstrict-aliasing=3 -Wformat=2 -Warray-bounds=2 -ftree-vrp -Wduplicated-cond -Wnull-dereference -fdelete-null-pointer-checks -Wshift-negative-value -Wshift-overflow=2 -Walloc-zero -Wduplicated-branches -Wformat-overflow=2 -Wformat-truncation=1 -Wrestrict -Warith-conversion -Wdouble-promotion -Wenum-conversion -Wunused-const-variable  CMakeFiles/cmTC_2728e.dir/HAVE_TERMIOS_H.c.o -o cmTC_2728e 
gmake[1]: Leaving directory '/workspace/build/CMakeFiles/CMakeScratch/TryCompile-YVIRUx'



Determining if files inttypes.h;sys/wait.h;sys/ioctl.h;sys/param.h;sys/poll.h;sys/resource.h;sys/select.h;sys/socket.h;sys/stat.h;sys/time.h;sys/types.h;sys/un.h;sys/xattr.h;arpa/inet.h;fcntl.h;ifaddrs.h;libgen.h;locale.h;net/if.h;netdb.h;netinet/in.h;netinet/tcp.h;netinet/udp.h;poll.h;pwd.h;stdatomic.h;stdbool.h;stdint.h;strings.h;termio.h;termios.h;unistd.h;utime.h exist passed with the following output:
Change Dir: /workspace/build/CMakeFiles/CMakeScratch/TryCompile-WvOvDH

Run Build Command(s):/usr/bin/gmake -f Makefile cmTC_225b3/fast && /usr/bin/gmake  -f CMakeFiles/cmTC_225b3.dir/build.make CMakeFiles/cmTC_225b3.dir/build
gmake[1]: Entering directory '/workspace/build/CMakeFiles/CMakeScratch/TryCompile-WvOvDH'
Building C object CMakeFiles/cmTC_225b3.dir/HAVE_UTIME_H.c.o
/usr/bin/cc   -W -Wall -pedantic -Wbad-function-cast -Wconversion -Winline -Wmissing-declarations -Wmissing-prototypes -Wnested-externs -Wno-long-long -Wno-multichar -Wpointer-arith -Wshadow -Wsign-compare -Wundef -Wunused -Wwrite-strings -Wcast-align -Wdeclaration-after-statement -Wempty-body -Wendif-labels -Wfloat-equal -Wignored-qualifiers -Wno-format-nonliteral -Wno-sign-conversion -Wno-system-headers -Wstrict-prototypes -Wtype-limits -Wvla -Wmissing-parameter-type -Wold-style-declaration -Wstrict-aliasing=3 -Wformat=2 -Warray-bounds=2 -ftree-vrp -Wduplicated-cond -Wnull-dereference -fdelete-null-pointer-checks -Wshift-negative-value -Wshift-overflow=2 -Walloc-zero -Wduplicated-branches -Wformat-overflow=2 -Wformat-truncation=1 -Wrestrict -Warith-conversion -Wdouble-promotion -Wenum-conversion -Wunused-const-variable  -o CMakeFiles/cmTC_225b3.dir/HAVE_UTIME_H.c.o -c /workspace/build/CMakeFiles/CMakeScratch/TryCompile-WvOvDH/HAVE_UTIME_H.c
Linking C executable cmTC_225b3
/usr/bin/cmake -E cmake_link_script CMakeFiles/cmTC_225b3.dir/link.txt --verbose=1
/usr/bin/cc   -W -Wall -pedantic -Wbad-function-cast -Wconversion -Winline -Wmissing-declarations -Wmissing-prototypes -Wnested-externs -Wno-long-long -Wno-multichar -Wpointer-arith -Wshadow -Wsign-compare -Wundef -Wunused -Wwrite-strings -Wcast-align -Wdeclaration-after-statement -Wempty-body -Wendif-labels -Wfloat-equal -Wignored-qualifiers -Wno-format-nonliteral -Wno-sign-conversion -Wno-system-headers -Wstrict-prototypes -Wtype-limits -Wvla -Wmissing-parameter-type -Wold-style-declaration -Wstrict-aliasing=3 -Wformat=2 -Warray-bounds=2 -ftree-vrp -Wduplicated-cond -Wnull-dereference -fdelete-null-pointer-checks -Wshift-negative-value -Wshift-overflow=2 -Walloc-zero -Wduplicated-branches -Wformat-overflow=2 -Wformat-truncation=1 -Wrestrict -Warith-conversion -Wdouble-promotion -Wenum-conversion -Wunused-const-variable  CMakeFiles/cmTC_225b3.dir/HAVE_UTIME_H.c.o -o cmTC_225b3 
gmake[1]: Leaving directory '/workspace/build/CMakeFiles/CMakeScratch/TryCompile-WvOvDH'



Determining size of size_t passed with the following output:
Change Dir: /workspace/build/CMakeFiles/CMakeScratch/TryCompile-evQHOm

Run Build Command(s):/usr/bin/gmake -f Makefile cmTC_ca3b2/fast && /usr/bin/gmake  -f CMakeFiles/cmTC_ca3b2.dir/build.make CMakeFiles/cmTC_ca3b2.dir/build
gmake[1]: Entering directory '/workspace/build/CMakeFiles/CMakeScratch/TryCompile-evQHOm'
Building C object CMakeFiles/cmTC_ca3b2.dir/SIZEOF_SIZE_T.c.o
/usr/bin/cc   -W -Wall -pedantic -Wbad-function-cast -Wconversion -Winline -Wmissing-declarations -Wmissing-prototypes -Wnested-externs -Wno-long-long -Wno-multichar -Wpointer-arith -Wshadow -Wsign-compare -Wundef -Wunused -Wwrite-strings -Wcast-align -Wdeclaration-after-statement -Wempty-body -Wendif-labels -Wfloat-equal -Wignored-qualifiers -Wno-format-nonliteral -Wno-sign-conversion -Wno-system-headers -Wstrict-prototypes -Wtype-limits -Wvla -Wmissing-parameter-type -Wold-style-declaration -Wstrict-aliasing=3 -Wformat=2 -Warray-bounds=2 -ftree-vrp -Wduplicated-cond -Wnull-dereference -fdelete-null-pointer-checks -Wshift-negative-value -Wshift-overflow=2 -Walloc-zero -Wduplicated-branches -Wformat-overflow=2 -Wformat-truncation=1 -Wrestrict -Warith-conversion -Wdouble-promotion -Wenum-conversion -Wunused-const-variable  -o CMakeFiles/cmTC_ca3b2.dir/SIZEOF_SIZE_T.c.o -c /workspace/build/CMakeFiles/CMakeScratch/TryCompile-evQHOm/SIZEOF_SIZE_T.c
Linking C executable cmTC_ca3b2
/usr/bin/cmake -E cmake_link_script CMakeFiles/cmTC_ca3b2.dir/link.txt --verbose=1
/usr/bin/cc   -W -Wall -pedantic -Wbad-function-cast -Wconversion -Winline -Wmissing-declarations -Wmissing-prototypes -Wnested-externs -Wno-long-long -Wno-multichar -Wpointer-arith -Wshadow -Wsign-compare -Wundef -Wunused -Wwrite-strings -Wcast-align -Wdeclaration-after-statement -Wempty-body -Wendif-labels -Wfloat-equal -Wignored-qualifiers -Wno-format-nonliteral -Wno-sign-conversion -Wno-system-headers -Wstrict-prototypes -Wtype-limits -Wvla -Wmissing-parameter-type -Wold-style-declaration -Wstrict-aliasing=3 -Wformat=2 -Warray-bounds=2 -ftree-vrp -Wduplicated-cond -Wnull-dereference -fdelete-null-pointer-checks -Wshift-negative-value -Wshift-overflow=2 -Walloc-zero -Wduplicated-branches -Wformat-overflow=2 -Wformat-truncation=1 -Wrestrict -Warith-conversion -Wdouble-promotion -Wenum-conversion -Wunused-const-variable  CMakeFiles/cmTC_ca3b2.dir/SIZEOF_SIZE_T.c.o -o cmTC_ca3b2 
gmake[1]: Leaving directory '/workspace/build/CMakeFiles/CMakeScratch/TryCompile-evQHOm'



Determining size of ssize_t passed with the following output:
Change Dir: /workspace/build/CMakeFiles/CMakeScratch/TryCompile-Wfr1Dh

Run Build Command(s):/usr/bin/gmake -f Makefile cmTC_84199/fast && /usr/bin/gmake  -f CMakeFiles/cmTC_84199.dir/build.make CMakeFiles/cmTC_84199.dir/build
gmake[1]: Entering directory '/workspace/build/CMakeFiles/CMakeScratch/TryCompile-Wfr1Dh'
Building C object CMakeFiles/cmTC_84199.dir/SIZEOF_SSIZE_T.c.o
/usr/bin/cc   -W -Wall -pedantic -Wbad-function-cast -Wconversion -Winline -Wmissing-declarations -Wmissing-prototypes -Wnested-externs -Wno-long-long -Wno-multichar -Wpointer-arith -Wshadow -Wsign-compare -Wundef -Wunused -Wwrite-strings -Wcast-align -Wdeclaration-after-statement -Wempty-body -Wendif-labels -Wfloat-equal -Wignored-qualifiers -Wno-format-nonliteral -Wno-sign-conversion -Wno-system-headers -Wstrict-prototypes -Wtype-limits -Wvla -Wmissing-parameter-type -Wold-style-declaration -Wstrict-aliasing=3 -Wformat=2 -Warray-bounds=2 -ftree-vrp -Wduplicated-cond -Wnull-dereference -fdelete-null-pointer-checks -Wshift-negative-value -Wshift-overflow=2 -Walloc-zero -Wduplicated-branches -Wformat-overflow=2 -Wformat-truncation=1 -Wrestrict -Warith-conversion -Wdouble-promotion -Wenum-conversion -Wunused-const-variable  -o CMakeFiles/cmTC_84199.dir/SIZEOF_SSIZE_T.c.o -c /workspace/build/CMakeFiles/CMakeScratch/TryCompile-Wfr1Dh/SIZEOF_SSIZE_T.c
Linking C executable cmTC_84199
/usr/bin/cmake -E cmake_link_script CMakeFiles/cmTC_84199.dir/link.txt --verbose=1
/usr/bin/cc   -W -Wall -pedantic -Wbad-function-cast -Wconversion -Winline -Wmissing-declarations -Wmissing-prototypes -Wnested-externs -Wno-long-long -Wno-multichar -Wpointer-arith -Wshadow -Wsign-compare -Wundef -Wunused -Wwrite-strings -Wcast-align -Wdeclaration-after-statement -Wempty-body -Wendif-labels -Wfloat-equal -Wignored-qualifiers -Wno-format-nonliteral -Wno-sign-conversion -Wno-system-headers -Wstrict-prototypes -Wtype-limits -Wvla -Wmissing-parameter-type -Wold-style-declaration -Wstrict-aliasing=3 -Wformat=2 -Warray-bounds=2 -ftree-vrp -Wduplicated-cond -Wnull-dereference -fdelete-null-pointer-checks -Wshift-negative-value -Wshift-overflow=2 -Walloc-zero -Wduplicated-branches -Wformat-overflow=2 -Wformat-truncation=1 -Wrestrict -Warith-conversion -Wdouble-promotion -Wenum-conversion -Wunused-const-variable  CMakeFiles/cmTC_84199.dir/SIZEOF_SSIZE_T.c.o -o cmTC_84199 
gmake[1]: Leaving directory '/workspace/build/CMakeFiles/CMakeScratch/TryCompile-Wfr1Dh'



Determining size of long long passed with the following output:
Change Dir: /workspace/build/CMakeFiles/CMakeScratch/TryCompile-clRuha

Run Build Command(s):/usr/bin/gmake -f Makefile cmTC_96f37/fast && /usr/bin/gmake  -f CMakeFiles/cmTC_96f37.dir/build.make CMakeFiles/cmTC_96f37.dir/build
gmake[1]: Entering directory '/workspace/build/CMakeFiles/CMakeScratch/TryCompile-clRuha'
Building C object CMakeFiles/cmTC_96f37.dir/SIZEOF_LONG_LONG.c.o
/usr/bin/cc   -W -Wall -pedantic -Wbad-function-cast -Wconversion -Winline -Wmissing-declarations -Wmissing-prototypes -Wnested-externs -Wno-long-long -Wno-multichar -Wpointer-arith -Wshadow -Wsign-compare -Wundef -Wunused -Wwrite-strings -Wcast-align -Wdeclaration-after-statement -Wempty-body -Wendif-labels -Wfloat-equal -Wignored-qualifiers -Wno-format-nonliteral -Wno-sign-conversion -Wno-system-headers -Wstrict-prototypes -Wtype-limits -Wvla -Wmissing-parameter-type -Wold-style-declaration -Wstrict-aliasing=3 -Wformat=2 -Warray-bounds=2 -ftree-vrp -Wduplicated-cond -Wnull-dereference -fdelete-null-pointer-checks -Wshift-negative-value -Wshift-overflow=2 -Walloc-zero -Wduplicated-branches -Wformat-overflow=2 -Wformat-truncation=1 -Wrestrict -Warith-conversion -Wdouble-promotion -Wenum-conversion -Wunused-const-variable  -o CMakeFiles/cmTC_96f37.dir/SIZEOF_LONG_LONG.c.o -c /workspace/build/CMakeFiles/CMakeScratch/TryCompile-clRuha/SIZEOF_LONG_LONG.c
Linking C executable cmTC_96f37
/usr/bin/cmake -E cmake_link_script CMakeFiles/cmTC_96f37.dir/link.txt --verbose=1
/usr/bin/cc   -W -Wall -pedantic -Wbad-function-cast -Wconversion -Winline -Wmissing-declarations -Wmissing-prototypes -Wnested-externs -Wno-long-long -Wno-multichar -Wpointer-arith -Wshadow -Wsign-compare -Wundef -Wunused -Wwrite-strings -Wcast-align -Wdeclaration-after-statement -Wempty-body -Wendif-labels -Wfloat-equal -Wignored-qualifiers -Wno-format-nonliteral -Wno-sign-conversion -Wno-system-headers -Wstrict-prototypes -Wtype-limits -Wvla -Wmissing-parameter-type -Wold-style-declaration -Wstrict-aliasing=3 -Wformat=2 -Warray-bounds=2 -ftree-vrp -Wduplicated-cond -Wnull-dereference -fdelete-null-pointer-checks -Wshift-negative-value -Wshift-overflow=2 -Walloc-zero -Wduplicated-branches -Wformat-overflow=2 -Wformat-truncation=1 -Wrestrict -Warith-conversion -Wdouble-promotion -Wenum-conversion -Wunused-const-variable  CMakeFiles/cmTC_96f37.dir/SIZEOF_LONG_LONG.c.o -o cmTC_96f37 
gmake[1]: Leaving directory '/workspace/build/CMakeFiles/CMakeScratch/TryCompile-clRuha'



Determining size of long passed with the following output:
Change Dir: /workspace/build/CMakeFiles/CMakeScratch/TryCompile-Yk2sZS

Run Build Command(s):/usr/bin/gmake -f Makefile cmTC_3d1ba/fast && /usr/bin/gmake  -f CMakeFiles/cmTC_3d1ba.dir/build.make CMakeFiles/cmTC_3d1ba.dir/build
gmake[1]: Entering directory '/workspace/build/CMakeFiles/CMakeScratch/TryCompile-Yk2sZS'
Building C object CMakeFiles/cmTC_3d1ba.dir/SIZEOF_LONG.c.o
/usr/bin/cc   -W -Wall -pedantic -Wbad-function-cast -Wconversion -Winline -Wmissing-declarations -Wmissing-prototypes -Wnested-externs -Wno-long-long -Wno-multichar -Wpointer-arith -Wshadow -Wsign-compare -Wundef -Wunused -Wwrite-strings -Wcast-align -Wdeclaration-after-statement -Wempty-body -Wendif-labels -Wfloat-equal -Wignored-qualifiers -Wno-format-nonliteral -Wno-sign-conversion -Wno-system-headers -Wstrict-prototypes -Wtype-limits -Wvla -Wmissing-parameter-type -Wold-style-declaration -Wstrict-aliasing=3 -Wformat=2 -Warray-bounds=2 -ftree-vrp -Wduplicated-cond -Wnull-dereference -fdelete-null-pointer-checks -Wshift-negative-value -Wshift-overflow=2 -Walloc-zero -Wduplicated-branches -Wformat-overflow=2 -Wformat-truncation=1 -Wrestrict -Warith-conversion -Wdouble-promotion -Wenum-conversion -Wunused-const-variable  -o CMakeFiles/cmTC_3d1ba.dir/SIZEOF_LONG.c.o -c /workspace/build/CMakeFiles/CMakeScratch/TryCompile-Yk2sZS/SIZEOF_LONG.c
Linking C executable cmTC_3d1ba
/usr/bin/cmake -E cmake_link_script CMakeFiles/cmTC_3d1ba.dir/link.txt --verbose=1
/usr/bin/cc   -W -Wall -pedantic -Wbad-function-cast -Wconversion -Winline -Wmissing-declarations -Wmissing-prototypes -Wnested-externs -Wno-long-long -Wno-multichar -Wpointer-arith -Wshadow -Wsign-compare -Wundef -Wunused -Wwrite-strings -Wcast-align -Wdeclaration-after-statement -Wempty-body -Wendif-labels -Wfloat-equal -Wignored-qualifiers -Wno-format-nonliteral -Wno-sign-conversion -Wno-system-headers -Wstrict-prototypes -Wtype-limits -Wvla -Wmissing-parameter-type -Wold-style-declaration -Wstrict-aliasing=3 -Wformat=2 -Warray-bounds=2 -ftree-vrp -Wduplicated-cond -Wnull-dereference -fdelete-null-pointer-checks -Wshift-negative-value -Wshift-overflow=2 -Walloc-zero -Wduplicated-branches -Wformat-overflow=2 -Wformat-truncation=1 -Wrestrict -Warith-conversion -Wdouble-promotion -Wenum-conversion -Wunused-const-variable  CMakeFiles/cmTC_3d1ba.dir/SIZEOF_LONG.c.o -o cmTC_3d1ba 
gmake[1]: Leaving directory '/workspace/build/CMakeFiles/CMakeScratch/TryCompile-Yk2sZS'



Determining size of int passed with the following output:
Change Dir: /workspace/build/CMakeFiles/CMakeScratch/TryCompile-aeQ5Rr

Run Build Command(s):/usr/bin/gmake -f Makefile cmTC_c563b/fast && /usr/bin/gmake  -f CMakeFiles/cmTC_c563b.dir/build.make CMakeFiles/cmTC_c563b.dir/build
gmake[1]: Entering directory '/workspace/build/CMakeFiles/CMakeScratch/TryCompile-aeQ5Rr'
Building C object CMakeFiles/cmTC_c563b.dir/SIZEOF_INT.c.o
/usr/bin/cc   -W -Wall -pedantic -Wbad-function-cast -Wconversion -Winline -Wmissing-declarations -Wmissing-prototypes -Wnested-externs -Wno-long-long -Wno-multichar -Wpointer-arith -Wshadow -Wsign-compare -Wundef -Wunused -Wwrite-strings -Wcast-align -Wdeclaration-after-statement -Wempty-body -Wendif-labels -Wfloat-equal -Wignored-qualifiers -Wno-format-nonliteral -Wno-sign-conversion -Wno-system-headers -Wstrict-prototypes -Wtype-limits -Wvla -Wmissing-parameter-type -Wold-style-declaration -Wstrict-aliasing=3 -Wformat=2 -Warray-bounds=2 -ftree-vrp -Wduplicated-cond -Wnull-dereference -fdelete-null-pointer-checks -Wshift-negative-value -Wshift-overflow=2 -Walloc-zero -Wduplicated-branches -Wformat-overflow=2 -Wformat-truncation=1 -Wrestrict -Warith-conversion -Wdouble-promotion -Wenum-conversion -Wunused-const-variable  -o CMakeFiles/cmTC_c563b.dir/SIZEOF_INT.c.o -c /workspace/build/CMakeFiles/CMakeScratch/TryCompile-aeQ5Rr/SIZEOF_INT.c
Linking C executable cmTC_c563b
/usr/bin/cmake -E cmake_link_script CMakeFiles/cmTC_c563b.dir/link.txt --verbose=1
/usr/bin/cc   -W -Wall -pedantic -Wbad-function-cast -Wconversion -Winline -Wmissing-declarations -Wmissing-prototypes -Wnested-externs -Wno-long-long -Wno-multichar -Wpointer-arith -Wshadow -Wsign-compare -Wundef -Wunused -Wwrite-strings -Wcast-align -Wdeclaration-after-statement -Wempty-body -Wendif-labels -Wfloat-equal -Wignored-qualifiers -Wno-format-nonliteral -Wno-sign-conversion -Wno-system-headers -Wstrict-prototypes -Wtype-limits -Wvla -Wmissing-parameter-type -Wold-style-declaration -Wstrict-aliasing=3 -Wformat=2 -Warray-bounds=2 -ftree-vrp -Wduplicated-cond -Wnull-dereference -fdelete-null-pointer-checks -Wshift-negative-value -Wshift-overflow=2 -Walloc-zero -Wduplicated-branches -Wformat-overflow=2 -Wformat-truncation=1 -Wrestrict -Warith-conversion -Wdouble-promotion -Wenum-conversion -Wunused-const-variable  CMakeFiles/cmTC_c563b.dir/SIZEOF_INT.c.o -o cmTC_c563b 
gmake[1]: Leaving directory '/workspace/build/CMakeFiles/CMakeScratch/TryCompile-aeQ5Rr'



Determining size of time_t passed with the following output:
Change Dir: /workspace/build/CMakeFiles/CMakeScratch/TryCompile-aihG2k

Run Build Command(s):/usr/bin/gmake -f Makefile cmTC_43504/fast && /usr/bin/gmake  -f CMakeFiles/cmTC_43504.dir/build.make CMakeFiles/cmTC_43504.dir/build
gmake[1]: Entering directory '/workspace/build/CMakeFiles/CMakeScratch/TryCompile-aihG2k'
Building C object CMakeFiles/cmTC_43504.dir/SIZEOF_TIME_T.c.o
/usr/bin/cc   -W -Wall -pedantic -Wbad-function-cast -Wconversion -Winline -Wmissing-declarations -Wmissing-prototypes -Wnested-externs -Wno-long-long -Wno-multichar -Wpointer-arith -Wshadow -Wsign-compare -Wundef -Wunused -Wwrite-strings -Wcast-align -Wdeclaration-after-statement -Wempty-body -Wendif-labels -Wfloat-equal -Wignored-qualifiers -Wno-format-nonliteral -Wno-sign-conversion -Wno-system-headers -Wstrict-prototypes -Wtype-limits -Wvla -Wmissing-parameter-type -Wold-style-declaration -Wstrict-aliasing=3 -Wformat=2 -Warray-bounds=2 -ftree-vrp -Wduplicated-cond -Wnull-dereference -fdelete-null-pointer-checks -Wshift-negative-value -Wshift-overflow=2 -Walloc-zero -Wduplicated-branches -Wformat-overflow=2 -Wformat-truncation=1 -Wrestrict -Warith-conversion -Wdouble-promotion -Wenum-conversion -Wunused-const-variable  -o CMakeFiles/cmTC_43504.dir/SIZEOF_TIME_T.c.o -c /workspace/build/CMakeFiles/CMakeScratch/TryCompile-aihG2k/SIZEOF_TIME_T.c
Linking C executable cmTC_43504
/usr/bin/cmake -E cmake_link_script CMakeFiles/cmTC_43504.dir/link.txt --verbose=1
/usr/bin/cc   -W -Wall -pedantic -Wbad-function-cast -Wconversion -Winline -Wmissing-declarations -Wmissing-prototypes -Wnested-externs -Wno-long-long -Wno-multichar -Wpointer-arith -Wshadow -Wsign-compare -Wundef -Wunused -Wwrite-strings -Wcast-align -Wdeclaration-after-statement -Wempty-body -Wendif-labels -Wfloat-equal -Wignored-qualifiers -Wno-format-nonliteral -Wno-sign-conversion -Wno-system-headers -Wstrict-prototypes -Wtype-limits -Wvla -Wmissing-parameter-type -Wold-style-declaration -Wstrict-aliasing=3 -Wformat=2 -Warray-bounds=2 -ftree-vrp -Wduplicated-cond -Wnull-dereference -fdelete-null-pointer-checks -Wshift-negative-value -Wshift-overflow=2 -Walloc-zero -Wduplicated-branches -Wformat-overflow=2 -Wformat-truncation=1 -Wrestrict -Warith-conversion -Wdouble-promotion -Wenum-conversion -Wunused-const-variable  CMakeFiles/cmTC_43504.dir/SIZEOF_TIME_T.c.o -o cmTC_43504 
gmake[1]: Leaving directory '/workspace/build/CMakeFiles/CMakeScratch/TryCompile-aihG2k'



Determining size of suseconds_t passed with the following output:
Change Dir: /workspace/build/CMakeFiles/CMakeScratch/TryCompile-e9ghZ3

Run Build Command(s):/usr/bin/gmake -f Makefile cmTC_cf906/fast && /usr/bin/gmake  -f CMakeFiles/cmTC_cf906.dir/build.make CMakeFiles/cmTC_cf906.dir/build
gmake[1]: Entering directory '/workspace/build/CMakeFiles/CMakeScratch/TryCompile-e9ghZ3'
Building C object CMakeFiles/cmTC_cf906.dir/SIZEOF_SUSECONDS_T.c.o
/usr/bin/cc   -W -Wall -pedantic -Wbad-function-cast -Wconversion -Winline -Wmissing-declarations -Wmissing-prototypes -Wnested-externs -Wno-long-long -Wno-multichar -Wpointer-arith -Wshadow -Wsign-compare -Wundef -Wunused -Wwrite-strings -Wcast-align -Wdeclaration-after-statement -Wempty-body -Wendif-labels -Wfloat-equal -Wignored-qualifiers -Wno-format-nonliteral -Wno-sign-conversion -Wno-system-headers -Wstrict-prototypes -Wtype-limits -Wvla -Wmissing-parameter-type -Wold-style-declaration -Wstrict-aliasing=3 -Wformat=2 -Warray-bounds=2 -ftree-vrp -Wduplicated-cond -Wnull-dereference -fdelete-null-pointer-checks -Wshift-negative-value -Wshift-overflow=2 -Walloc-zero -Wduplicated-branches -Wformat-overflow=2 -Wformat-truncation=1 -Wrestrict -Warith-conversion -Wdouble-promotion -Wenum-conversion -Wunused-const-variable  -o CMakeFiles/cmTC_cf906.dir/SIZEOF_SUSECONDS_T.c.o -c /workspace/build/CMakeFiles/CMakeScratch/TryCompile-e9ghZ3/SIZEOF_SUSECONDS_T.c
Linking C executable cmTC_cf906
/usr/bin/cmake -E cmake_link_script CMakeFiles/cmTC_cf906.dir/link.txt --verbose=1
/usr/bin/cc   -W -Wall -pedantic -Wbad-function-cast -Wconversion -Winline -Wmissing-declarations -Wmissing-prototypes -Wnested-externs -Wno-long-long -Wno-multichar -Wpointer-arith -Wshadow -Wsign-compare -Wundef -Wunused -Wwrite-strings -Wcast-align -Wdeclaration-after-statement -Wempty-body -Wendif-labels -Wfloat-equal -Wignored-qualifiers -Wno-format-nonliteral -Wno-sign-conversion -Wno-system-headers -Wstrict-prototypes -Wtype-limits -Wvla -Wmissing-parameter-type -Wold-style-declaration -Wstrict-aliasing=3 -Wformat=2 -Warray-bounds=2 -ftree-vrp -Wduplicated-cond -Wnull-dereference -fdelete-null-pointer-checks -Wshift-negative-value -Wshift-overflow=2 -Walloc-zero -Wduplicated-branches -Wformat-overflow=2 -Wformat-truncation=1 -Wrestrict -Warith-conversion -Wdouble-promotion -Wenum-conversion -Wunused-const-variable  CMakeFiles/cmTC_cf906.dir/SIZEOF_SUSECONDS_T.c.o -o cmTC_cf906 
gmake[1]: Leaving directory '/workspace/build/CMakeFiles/CMakeScratch/TryCompile-e9ghZ3'



Determining if the fchmod exist passed with the following output:
Change Dir: /workspace/build/CMakeFiles/CMakeScratch/TryCompile-dk0Zyr

Run Build Command(s):/usr/bin/gmake -f Makefile cmTC_80649/fast && /usr/bin/gmake  -f CMakeFiles/cmTC_80649.dir/build.make CMakeFiles/cmTC_80649.dir/build
gmake[1]: Entering directory '/workspace/build/CMakeFiles/CMakeScratch/TryCompile-dk0Zyr'
Building C object CMakeFiles/cmTC_80649.dir/CheckSymbolExists.c.o
/usr/bin/cc   -W -Wall -pedantic -Wbad-function-cast -Wconversion -Winline -Wmissing-declarations -Wmissing-prototypes -Wnested-externs -Wno-long-long -Wno-multichar -Wpointer-arith -Wshadow -Wsign-compare -Wundef -Wunused -Wwrite-strings -Wcast-align -Wdeclaration-after-statement -Wempty-body -Wendif-labels -Wfloat-equal -Wignored-qualifiers -Wno-format-nonliteral -Wno-sign-conversion -Wno-system-headers -Wstrict-prototypes -Wtype-limits -Wvla -Wmissing-parameter-type -Wold-style-declaration -Wstrict-aliasing=3 -Wformat=2 -Warray-bounds=2 -ftree-vrp -Wduplicated-cond -Wnull-dereference -fdelete-null-pointer-checks -Wshift-negative-value -Wshift-overflow=2 -Walloc-zero -Wduplicated-branches -Wformat-overflow=2 -Wformat-truncation=1 -Wrestrict -Warith-conversion -Wdouble-promotion -Wenum-conversion -Wunused-const-variable  -o CMakeFiles/cmTC_80649.dir/CheckSymbolExists.c.o -c /workspace/build/CMakeFiles/CMakeScratch/TryCompile-dk0Zyr/CheckSymbolExists.c
/workspace/build/CMakeFiles/CMakeScratch/TryCompile-dk0Zyr/CheckSymbolExists.c: In function ‘main’:
/workspace/build/CMakeFiles/CMakeScratch/TryCompile-dk0Zyr/CheckSymbolExists.c:40:11: warning: ISO C forbids conversion of function pointer to object pointer type [-Wpedantic]
   40 |   return ((int*)(&fchmod))[argc];
      |           ^
Linking C executable cmTC_80649
/usr/bin/cmake -E cmake_link_script CMakeFiles/cmTC_80649.dir/link.txt --verbose=1
/usr/bin/cc   -W -Wall -pedantic -Wbad-function-cast -Wconversion -Winline -Wmissing-declarations -Wmissing-prototypes -Wnested-externs -Wno-long-long -Wno-multichar -Wpointer-arith -Wshadow -Wsign-compare -Wundef -Wunused -Wwrite-strings -Wcast-align -Wdeclaration-after-statement -Wempty-body -Wendif-labels -Wfloat-equal -Wignored-qualifiers -Wno-format-nonliteral -Wno-sign-conversion -Wno-system-headers -Wstrict-prototypes -Wtype-limits -Wvla -Wmissing-parameter-type -Wold-style-declaration -Wstrict-aliasing=3 -Wformat=2 -Warray-bounds=2 -ftree-vrp -Wduplicated-cond -Wnull-dereference -fdelete-null-pointer-checks -Wshift-negative-value -Wshift-overflow=2 -Walloc-zero -Wduplicated-branches -Wformat-overflow=2 -Wformat-truncation=1 -Wrestrict -Warith-conversion -Wdouble-promotion -Wenum-conversion -Wunused-const-variable  CMakeFiles/cmTC_80649.dir/CheckSymbolExists.c.o -o cmTC_80649 
gmake[1]: Leaving directory '/workspace/build/CMakeFiles/CMakeScratch/TryCompile-dk0Zyr'


File CheckSymbolExists.c:
/* */
#include <inttypes.h>
#include <sys/wait.h>
#include <sys/ioctl.h>
#include <sys/param.h>
#include <sys/poll.h>
#include <sys/resource.h>
#include <sys/select.h>
#include <sys/socket.h>
#include <sys/stat.h>
#include <sys/time.h>
#include <sys/types.h>
#include <sys/un.h>
#include <sys/xattr.h>
#include <arpa/inet.h>
#include <fcntl.h>
#include <ifaddrs.h>
#include <libgen.h>
#include <locale.h>
#include <net/if.h>
#include <netdb.h>
#include <netinet/in.h>
#include <netinet/tcp.h>
#include <netinet/udp.h>
#include <poll.h>
#include <pwd.h>
#include <stdatomic.h>
#include <stdbool.h>
#include <stdint.h>
#include <strings.h>
#include <termio.h>
#include <termios.h>
#include <unistd.h>
#include <utime.h>

int main(int argc, char** argv)
{
  (void)argv;
#ifndef fchmod
  return ((int*)(&fchmod))[argc];
#else
  (void)argc;
  return 0;
#endif
}
Determining if the fnmatch exist passed with the following output:
Change Dir: /workspace/build/CMakeFiles/CMakeScratch/TryCompile-8WTjhw

Run Build Command(s):/usr/bin/gmake -f Makefile cmTC_7f468/fast && /usr/bin/gmake  -f CMakeFiles/cmTC_7f468.dir/build.make CMakeFiles/cmTC_7f468.dir/build
gmake[1]: Entering directory '/workspace/build/CMakeFiles/CMakeScratch/TryCompile-8WTjhw'
Building C object CMakeFiles/cmTC_7f468.dir/CheckSymbolExists.c.o
/usr/bin/cc   -W -Wall -pedantic -Wbad-function-cast -Wconversion -Winline -Wmissing-declarations -Wmissing-prototypes -Wnested-externs -Wno-long-long -Wno-multichar -Wpointer-arith -Wshadow -Wsign-compare -Wundef -Wunused -Wwrite-strings -Wcast-align -Wdeclaration-after-statement -Wempty-body -Wendif-labels -Wfloat-equal -Wignored-qualifiers -Wno-format-nonliteral -Wno-sign-conversion -Wno-system-headers -Wstrict-prototypes -Wtype-limits -Wvla -Wmissing-parameter-type -Wold-style-declaration -Wstrict-aliasing=3 -Wformat=2 -Warray-bounds=2 -ftree-vrp -Wduplicated-cond -Wnull-dereference -fdelete-null-pointer-checks -Wshift-negative-value -Wshift-overflow=2 -Walloc-zero -Wduplicated-branches -Wformat-overflow=2 -Wformat-truncation=1 -Wrestrict -Warith-conversion -Wdouble-promotion -Wenum-conversion -Wunused-const-variable  -o CMakeFiles/cmTC_7f468.dir/CheckSymbolExists.c.o -c /workspace/build/CMakeFiles/CMakeScratch/TryCompile-8WTjhw/CheckSymbolExists.c
/workspace/build/CMakeFiles/CMakeScratch/TryCompile-8WTjhw/CheckSymbolExists.c: In function ‘main’:
/workspace/build/CMakeFiles/CMakeScratch/TryCompile-8WTjhw/CheckSymbolExists.c:41:11: warning: ISO C forbids conversion of function pointer to object pointer type [-Wpedantic]
   41 |   return ((int*)(&fnmatch))[argc];
      |           ^
Linking C executable cmTC_7f468
/usr/bin/cmake -E cmake_link_script CMakeFiles/cmTC_7f468.dir/link.txt --verbose=1
/usr/bin/cc   -W -Wall -pedantic -Wbad-function-cast -Wconversion -Winline -Wmissing-declarations -Wmissing-prototypes -Wnested-externs -Wno-long-long -Wno-multichar -Wpointer-arith -Wshadow -Wsign-compare -Wundef -Wunused -Wwrite-strings -Wcast-align -Wdeclaration-after-statement -Wempty-body -Wendif-labels -Wfloat-equal -Wignored-qualifiers -Wno-format-nonliteral -Wno-sign-conversion -Wno-system-headers -Wstrict-prototypes -Wtype-limits -Wvla -Wmissing-parameter-type -Wold-style-declaration -Wstrict-aliasing=3 -Wformat=2 -Warray-bounds=2 -ftree-vrp -Wduplicated-cond -Wnull-dereference -fdelete-null-pointer-checks -Wshift-negative-value -Wshift-overflow=2 -Walloc-zero -Wduplicated-branches -Wformat-overflow=2 -Wformat-truncation=1 -Wrestrict -Warith-conversion -Wdouble-promotion -Wenum-conversion -Wunused-const-variable  CMakeFiles/cmTC_7f468.dir/CheckSymbolExists.c.o -o cmTC_7f468 
gmake[1]: Leaving directory '/workspace/build/CMakeFiles/CMakeScratch/TryCompile-8WTjhw'


File CheckSymbolExists.c:
/* */
#include <inttypes.h>
#include <sys/wait.h>
#include <sys/ioctl.h>
#include <sys/param.h>
#include <sys/poll.h>
#include <sys/resource.h>
#include <sys/select.h>
#include <sys/socket.h>
#include <sys/stat.h>
#include <sys/time.h>
#include <sys/types.h>
#include <sys/un.h>
#include <sys/xattr.h>
#include <arpa/inet.h>
#include <fcntl.h>
#include <ifaddrs.h>
#include <libgen.h>
#include <locale.h>
#include <net/if.h>
#include <netdb.h>
#include <netinet/in.h>
#include <netinet/tcp.h>
#include <netinet/udp.h>
#include <poll.h>
#include <pwd.h>
#include <stdatomic.h>
#include <stdbool.h>
#include <stdint.h>
#include <strings.h>
#include <termio.h>
#include <termios.h>
#include <unistd.h>
#include <utime.h>
#include <fnmatch.h>

int main(int argc, char** argv)
{
  (void)argv;
#ifndef fnmatch
  return ((int*)(&fnmatch))[argc];
#else
  (void)argc;
  return 0;
#endif
}
Determining if the basename exist passed with the following output:
Change Dir: /workspace/build/CMakeFiles/CMakeScratch/TryCompile-HzyOlu

Run Build Command(s):/usr/bin/gmake -f Makefile cmTC_28e7c/fast && /usr/bin/gmake  -f CMakeFiles/cmTC_28e7c.dir/build.make CMakeFiles/cmTC_28e7c.dir/build
gmake[1]: Entering directory '/workspace/build/CMakeFiles/CMakeScratch/TryCompile-HzyOlu'
Building C object CMakeFiles/cmTC_28e7c.dir/CheckSymbolExists.c.o
/usr/bin/cc   -W -Wall -pedantic -Wbad-function-cast -Wconversion -Winline -Wmissing-declarations -Wmissing-prototypes -Wnested-externs -Wno-long-long -Wno-multichar -Wpointer-arith -Wshadow -Wsign-compare -Wundef -Wunused -Wwrite-strings -Wcast-align -Wdeclaration-after-statement -Wempty-body -Wendif-labels -Wfloat-equal -Wignored-qualifiers -Wno-format-nonliteral -Wno-sign-conversion -Wno-system-headers -Wstrict-prototypes -Wtype-limits -Wvla -Wmissing-parameter-type -Wold-style-declaration -Wstrict-aliasing=3 -Wformat=2 -Warray-bounds=2 -ftree-vrp -Wduplicated-cond -Wnull-dereference -fdelete-null-pointer-checks -Wshift-negative-value -Wshift-overflow=2 -Walloc-zero -Wduplicated-branches -Wformat-overflow=2 -Wformat-truncation=1 -Wrestrict -Warith-conversion -Wdouble-promotion -Wenum-conversion -Wunused-const-variable  -o CMakeFiles/cmTC_28e7c.dir/CheckSymbolExists.c.o -c /workspace/build/CMakeFiles/CMakeScratch/TryCompile-HzyOlu/CheckSymbolExists.c
Linking C executable cmTC_28e7c
/usr/bin/cmake -E cmake_link_script CMakeFiles/cmTC_28e7c.dir/link.txt --verbose=1
/usr/bin/cc   -W -Wall -pedantic -Wbad-function-cast -Wconversion -Winline -Wmissing-declarations -Wmissing-prototypes -Wnested-externs -Wno-long-long -Wno-multichar -Wpointer-arith -Wshadow -Wsign-compare -Wundef -Wunused -Wwrite-strings -Wcast-align -Wdeclaration-after-statement -Wempty-body -Wendif-labels -Wfloat-equal -Wignored-qualifiers -Wno-format-nonliteral -Wno-sign-conversion -Wno-system-headers -Wstrict-prototypes -Wtype-limits -Wvla -Wmissing-parameter-type -Wold-style-declaration -Wstrict-aliasing=3 -Wformat=2 -Warray-bounds=2 -ftree-vrp -Wduplicated-cond -Wnull-dereference -fdelete-null-pointer-checks -Wshift-negative-value -Wshift-overflow=2 -Walloc-zero -Wduplicated-branches -Wformat-overflow=2 -Wformat-truncation=1 -Wrestrict -Warith-conversion -Wdouble-promotion -Wenum-conversion -Wunused-const-variable  CMakeFiles/cmTC_28e7c.dir/CheckSymbolExists.c.o -o cmTC_28e7c 
gmake[1]: Leaving directory '/workspace/build/CMakeFiles/CMakeScratch/TryCompile-HzyOlu'


File CheckSymbolExists.c:
/* */
#include <inttypes.h>
#include <sys/wait.h>
#include <sys/ioctl.h>
#include <sys/param.h>
#include <sys/poll.h>
#include <sys/resource.h>
#include <sys/select.h>
#include <sys/socket.h>
#include <sys/stat.h>
#include <sys/time.h>
#include <sys/types.h>
#include <sys/un.h>
#include <sys/xattr.h>
#include <arpa/inet.h>
#include <fcntl.h>
#include <ifaddrs.h>
#include <libgen.h>
#include <locale.h>
#include <net/if.h>
#include <netdb.h>
#include <netinet/in.h>
#include <netinet/tcp.h>
#include <netinet/udp.h>
#include <poll.h>
#include <pwd.h>
#include <stdatomic.h>
#include <stdbool.h>
#include <stdint.h>
#include <strings.h>
#include <termio.h>
#include <termios.h>
#include <unistd.h>
#include <utime.h>
#include <string.h>

int main(int argc, char** argv)
{
  (void)argv;
#ifndef basename
  return ((int*)(&basename))[argc];
#else
  (void)argc;
  return 0;
#endif
}
Determining if the socket exist passed with the following output:
Change Dir: /workspace/build/CMakeFiles/CMakeScratch/TryCompile-AkbitF

Run Build Command(s):/usr/bin/gmake -f Makefile cmTC_0b276/fast && /usr/bin/gmake  -f CMakeFiles/cmTC_0b276.dir/build.make CMakeFiles/cmTC_0b276.dir/build
gmake[1]: Entering directory '/workspace/build/CMakeFiles/CMakeScratch/TryCompile-AkbitF'
Building C object CMakeFiles/cmTC_0b276.dir/CheckSymbolExists.c.o
/usr/bin/cc   -W -Wall -pedantic -Wbad-function-cast -Wconversion -Winline -Wmissing-declarations -Wmissing-prototypes -Wnested-externs -Wno-long-long -Wno-multichar -Wpointer-arith -Wshadow -Wsign-compare -Wundef -Wunused -Wwrite-strings -Wcast-align -Wdeclaration-after-statement -Wempty-body -Wendif-labels -Wfloat-equal -Wignored-qualifiers -Wno-format-nonliteral -Wno-sign-conversion -Wno-system-headers -Wstrict-prototypes -Wtype-limits -Wvla -Wmissing-parameter-type -Wold-style-declaration -Wstrict-aliasing=3 -Wformat=2 -Warray-bounds=2 -ftree-vrp -Wduplicated-cond -Wnull-dereference -fdelete-null-pointer-checks -Wshift-negative-value -Wshift-overflow=2 -Walloc-zero -Wduplicated-branches -Wformat-overflow=2 -Wformat-truncation=1 -Wrestrict -Warith-conversion -Wdouble-promotion -Wenum-conversion -Wunused-const-variable  -o CMakeFiles/cmTC_0b276.dir/CheckSymbolExists.c.o -c /workspace/build/CMakeFiles/CMakeScratch/TryCompile-AkbitF/CheckSymbolExists.c
/workspace/build/CMakeFiles/CMakeScratch/TryCompile-AkbitF/CheckSymbolExists.c: In function ‘main’:
/workspace/build/CMakeFiles/CMakeScratch/TryCompile-AkbitF/CheckSymbolExists.c:40:11: warning: ISO C forbids conversion of function pointer to object pointer type [-Wpedantic]
   40 |   return ((int*)(&socket))[argc];
      |           ^
Linking C executable cmTC_0b276
/usr/bin/cmake -E cmake_link_script CMakeFiles/cmTC_0b276.dir/link.txt --verbose=1
/usr/bin/cc   -W -Wall -pedantic -Wbad-function-cast -Wconversion -Winline -Wmissing-declarations -Wmissing-prototypes -Wnested-externs -Wno-long-long -Wno-multichar -Wpointer-arith -Wshadow -Wsign-compare -Wundef -Wunused -Wwrite-strings -Wcast-align -Wdeclaration-after-statement -Wempty-body -Wendif-labels -Wfloat-equal -Wignored-qualifiers -Wno-format-nonliteral -Wno-sign-conversion -Wno-system-headers -Wstrict-prototypes -Wtype-limits -Wvla -Wmissing-parameter-type -Wold-style-declaration -Wstrict-aliasing=3 -Wformat=2 -Warray-bounds=2 -ftree-vrp -Wduplicated-cond -Wnull-dereference -fdelete-null-pointer-checks -Wshift-negative-value -Wshift-overflow=2 -Walloc-zero -Wduplicated-branches -Wformat-overflow=2 -Wformat-truncation=1 -Wrestrict -Warith-conversion -Wdouble-promotion -Wenum-conversion -Wunused-const-variable  CMakeFiles/cmTC_0b276.dir/CheckSymbolExists.c.o -o cmTC_0b276 
gmake[1]: Leaving directory '/workspace/build/CMakeFiles/CMakeScratch/TryCompile-AkbitF'


File CheckSymbolExists.c:
/* */
#include <inttypes.h>
#include <sys/wait.h>
#include <sys/ioctl.h>
#include <sys/param.h>
#include <sys/poll.h>
#include <sys/resource.h>
#include <sys/select.h>
#include <sys/socket.h>
#include <sys/stat.h>
#include <sys/time.h>
#include <sys/types.h>
#include <sys/un.h>
#include <sys/xattr.h>
#include <arpa/inet.h>
#include <fcntl.h>
#include <ifaddrs.h>
#include <libgen.h>
#include <locale.h>
#include <net/if.h>
#include <netdb.h>
#include <netinet/in.h>
#include <netinet/tcp.h>
#include <netinet/udp.h>
#include <poll.h>
#include <pwd.h>
#include <stdatomic.h>
#include <stdbool.h>
#include <stdint.h>
#include <strings.h>
#include <termio.h>
#include <termios.h>
#include <unistd.h>
#include <utime.h>

int main(int argc, char** argv)
{
  (void)argv;
#ifndef socket
  return ((int*)(&socket))[argc];
#else
  (void)argc;
  return 0;
#endif
}
Determining if the sched_yield exist passed with the following output:
Change Dir: /workspace/build/CMakeFiles/CMakeScratch/TryCompile-cOPMv0

Run Build Command(s):/usr/bin/gmake -f Makefile cmTC_38ac0/fast && /usr/bin/gmake  -f CMakeFiles/cmTC_38ac0.dir/build.make CMakeFiles/cmTC_38ac0.dir/build
gmake[1]: Entering directory '/workspace/build/CMakeFiles/CMakeScratch/TryCompile-cOPMv0'
Building C object CMakeFiles/cmTC_38ac0.dir/CheckSymbolExists.c.o
/usr/bin/cc   -W -Wall -pedantic -Wbad-function-cast -Wconversion -Winline -Wmissing-declarations -Wmissing-prototypes -Wnested-externs -Wno-long-long -Wno-multichar -Wpointer-arith -Wshadow -Wsign-compare -Wundef -Wunused -Wwrite-strings -Wcast-align -Wdeclaration-after-statement -Wempty-body -Wendif-labels -Wfloat-equal -Wignored-qualifiers -Wno-format-nonliteral -Wno-sign-conversion -Wno-system-headers -Wstrict-prototypes -Wtype-limits -Wvla -Wmissing-parameter-type -Wold-style-declaration -Wstrict-aliasing=3 -Wformat=2 -Warray-bounds=2 -ftree-vrp -Wduplicated-cond -Wnull-dereference -fdelete-null-pointer-checks -Wshift-negative-value -Wshift-overflow=2 -Walloc-zero -Wduplicated-branches -Wformat-overflow=2 -Wformat-truncation=1 -Wrestrict -Warith-conversion -Wdouble-promotion -Wenum-conversion -Wunused-const-variable  -o CMakeFiles/cmTC_38ac0.dir/CheckSymbolExists.c.o -c /workspace/build/CMakeFiles/CMakeScratch/TryCompile-cOPMv0/CheckSymbolExists.c
/workspace/build/CMakeFiles/CMakeScratch/TryCompile-cOPMv0/CheckSymbolExists.c: In function ‘main’:
/workspace/build/CMakeFiles/CMakeScratch/TryCompile-cOPMv0/CheckSymbolExists.c:41:11: warning: ISO C forbids conversion of function pointer to object pointer type [-Wpedantic]
   41 |   return ((int*)(&sched_yield))[argc];
      |           ^
Linking C executable cmTC_38ac0
/usr/bin/cmake -E cmake_link_script CMakeFiles/cmTC_38ac0.dir/link.txt --verbose=1
/usr/bin/cc   -W -Wall -pedantic -Wbad-function-cast -Wconversion -Winline -Wmissing-declarations -Wmissing-prototypes -Wnested-externs -Wno-long-long -Wno-multichar -Wpointer-arith -Wshadow -Wsign-compare -Wundef -Wunused -Wwrite-strings -Wcast-align -Wdeclaration-after-statement -Wempty-body -Wendif-labels -Wfloat-equal -Wignored-qualifiers -Wno-format-nonliteral -Wno-sign-conversion -Wno-system-headers -Wstrict-prototypes -Wtype-limits -Wvla -Wmissing-parameter-type -Wold-style-declaration -Wstrict-aliasing=3 -Wformat=2 -Warray-bounds=2 -ftree-vrp -Wduplicated-cond -Wnull-dereference -fdelete-null-pointer-checks -Wshift-negative-value -Wshift-overflow=2 -Walloc-zero -Wduplicated-branches -Wformat-overflow=2 -Wformat-truncation=1 -Wrestrict -Warith-conversion -Wdouble-promotion -Wenum-conversion -Wunused-const-variable  CMakeFiles/cmTC_38ac0.dir/CheckSymbolExists.c.o -o cmTC_38ac0 
gmake[1]: Leaving directory '/workspace/build/CMakeFiles/CMakeScratch/TryCompile-cOPMv0'


File CheckSymbolExists.c:
/* */
#include <inttypes.h>
#include <sys/wait.h>
#include <sys/ioctl.h>
#include <sys/param.h>
#include <sys/poll.h>
#include <sys/resource.h>
#include <sys/select.h>
#include <sys/socket.h>
#include <sys/stat.h>
#include <sys/time.h>
#include <sys/types.h>
#include <sys/un.h>
#include <sys/xattr.h>
#include <arpa/inet.h>
#include <fcntl.h>
#include <ifaddrs.h>
#include <libgen.h>
#include <locale.h>
#include <net/if.h>
#include <netdb.h>
#include <netinet/in.h>
#include <netinet/tcp.h>
#include <netinet/udp.h>
#include <poll.h>
#include <pwd.h>
#include <stdatomic.h>
#include <stdbool.h>
#include <stdint.h>
#include <strings.h>
#include <termio.h>
#include <termios.h>
#include <unistd.h>
#include <utime.h>
#include <sched.h>

int main(int argc, char** argv)
{
  (void)argv;
#ifndef sched_yield
  return ((int*)(&sched_yield))[argc];
#else
  (void)argc;
  return 0;
#endif
}
Determining if the socketpair exist passed with the following output:
Change Dir: /workspace/build/CMakeFiles/CMakeScratch/TryCompile-Vk1npN

Run Build Command(s):/usr/bin/gmake -f Makefile cmTC_a3185/fast && /usr/bin/gmake  -f CMakeFiles/cmTC_a3185.dir/build.make CMakeFiles/cmTC_a3185.dir/build
gmake[1]: Entering directory '/workspace/build/CMakeFiles/CMakeScratch/TryCompile-Vk1npN'
Building C object CMakeFiles/cmTC_a3185.dir/CheckSymbolExists.c.o
/usr/bin/cc   -W -Wall -pedantic -Wbad-function-cast -Wconversion -Winline -Wmissing-declarations -Wmissing-prototypes -Wnested-externs -Wno-long-long -Wno-multichar -Wpointer-arith -Wshadow -Wsign-compare -Wundef -Wunused -Wwrite-strings -Wcast-align -Wdeclaration-after-statement -Wempty-body -Wendif-labels -Wfloat-equal -Wignored-qualifiers -Wno-format-nonliteral -Wno-sign-conversion -Wno-system-headers -Wstrict-prototypes -Wtype-limits -Wvla -Wmissing-parameter-type -Wold-style-declaration -Wstrict-aliasing=3 -Wformat=2 -Warray-bounds=2 -ftree-vrp -Wduplicated-cond -Wnull-dereference -fdelete-null-pointer-checks -Wshift-negative-value -Wshift-overflow=2 -Walloc-zero -Wduplicated-branches -Wformat-overflow=2 -Wformat-truncation=1 -Wrestrict -Warith-conversion -Wdouble-promotion -Wenum-conversion -Wunused-const-variable  -o CMakeFiles/cmTC_a3185.dir/CheckSymbolExists.c.o -c /workspace/build/CMakeFiles/CMakeScratch/TryCompile-Vk1npN/CheckSymbolExists.c
/workspace/build/CMakeFiles/CMakeScratch/TryCompile-Vk1npN/CheckSymbolExists.c: In function ‘main’:
/workspace/build/CMakeFiles/CMakeScratch/TryCompile-Vk1npN/CheckSymbolExists.c:40:11: warning: ISO C forbids conversion of function pointer to object pointer type [-Wpedantic]
   40 |   return ((int*)(&socketpair))[argc];
      |           ^
Linking C executable cmTC_a3185
/usr/bin/cmake -E cmake_link_script CMakeFiles/cmTC_a3185.dir/link.txt --verbose=1
/usr/bin/cc   -W -Wall -pedantic -Wbad-function-cast -Wconversion -Winline -Wmissing-declarations -Wmissing-prototypes -Wnested-externs -Wno-long-long -Wno-multichar -Wpointer-arith -Wshadow -Wsign-compare -Wundef -Wunused -Wwrite-strings -Wcast-align -Wdeclaration-after-statement -Wempty-body -Wendif-labels -Wfloat-equal -Wignored-qualifiers -Wno-format-nonliteral -Wno-sign-conversion -Wno-system-headers -Wstrict-prototypes -Wtype-limits -Wvla -Wmissing-parameter-type -Wold-style-declaration -Wstrict-aliasing=3 -Wformat=2 -Warray-bounds=2 -ftree-vrp -Wduplicated-cond -Wnull-dereference -fdelete-null-pointer-checks -Wshift-negative-value -Wshift-overflow=2 -Walloc-zero -Wduplicated-branches -Wformat-overflow=2 -Wformat-truncation=1 -Wrestrict -Warith-conversion -Wdouble-promotion -Wenum-conversion -Wunused-const-variable  CMakeFiles/cmTC_a3185.dir/CheckSymbolExists.c.o -o cmTC_a3185 
gmake[1]: Leaving directory '/workspace/build/CMakeFiles/CMakeScratch/TryCompile-Vk1npN'


File CheckSymbolExists.c:
/* */
#include <inttypes.h>
#include <sys/wait.h>
#include <sys/ioctl.h>
#include <sys/param.h>
#include <sys/poll.h>
#include <sys/resource.h>
#include <sys/select.h>
#include <sys/socket.h>
#include <sys/stat.h>
#include <sys/time.h>
#include <sys/types.h>
#include <sys/un.h>
#include <sys/xattr.h>
#include <arpa/inet.h>
#include <fcntl.h>
#include <ifaddrs.h>
#include <libgen.h>
#include <locale.h>
#include <net/if.h>
#include <netdb.h>
#include <netinet/in.h>
#include <netinet/tcp.h>
#include <netinet/udp.h>
#include <poll.h>
#include <pwd.h>
#include <stdatomic.h>
#include <stdbool.h>
#include <stdint.h>
#include <strings.h>
#include <termio.h>
#include <termios.h>
#include <unistd.h>
#include <utime.h>

int main(int argc, char** argv)
{
  (void)argv;
#ifndef socketpair
  return ((int*)(&socketpair))[argc];
#else
  (void)argc;
  return 0;
#endif
}
Determining if the recv exist passed with the following output:
Change Dir: /workspace/build/CMakeFiles/CMakeScratch/TryCompile-wyVzkQ

Run Build Command(s):/usr/bin/gmake -f Makefile cmTC_203c0/fast && /usr/bin/gmake  -f CMakeFiles/cmTC_203c0.dir/build.make CMakeFiles/cmTC_203c0.dir/build
gmake[1]: Entering directory '/workspace/build/CMakeFiles/CMakeScratch/TryCompile-wyVzkQ'
Building C object CMakeFiles/cmTC_203c0.dir/CheckSymbolExists.c.o
/usr/bin/cc   -W -Wall -pedantic -Wbad-function-cast -Wconversion -Winline -Wmissing-declarations -Wmissing-prototypes -Wnested-externs -Wno-long-long -Wno-multichar -Wpointer-arith -Wshadow -Wsign-compare -Wundef -Wunused -Wwrite-strings -Wcast-align -Wdeclaration-after-statement -Wempty-body -Wendif-labels -Wfloat-equal -Wignored-qualifiers -Wno-format-nonliteral -Wno-sign-conversion -Wno-system-headers -Wstrict-prototypes -Wtype-limits -Wvla -Wmissing-parameter-type -Wold-style-declaration -Wstrict-aliasing=3 -Wformat=2 -Warray-bounds=2 -ftree-vrp -Wduplicated-cond -Wnull-dereference -fdelete-null-pointer-checks -Wshift-negative-value -Wshift-overflow=2 -Walloc-zero -Wduplicated-branches -Wformat-overflow=2 -Wformat-truncation=1 -Wrestrict -Warith-conversion -Wdouble-promotion -Wenum-conversion -Wunused-const-variable  -o CMakeFiles/cmTC_203c0.dir/CheckSymbolExists.c.o -c /workspace/build/CMakeFiles/CMakeScratch/TryCompile-wyVzkQ/CheckSymbolExists.c
/workspace/build/CMakeFiles/CMakeScratch/TryCompile-wyVzkQ/CheckSymbolExists.c: In function ‘main’:
/workspace/build/CMakeFiles/CMakeScratch/TryCompile-wyVzkQ/CheckSymbolExists.c:40:11: warning: ISO C forbids conversion of function pointer to object pointer type [-Wpedantic]
   40 |   return ((int*)(&recv))[argc];
      |           ^
Linking C executable cmTC_203c0
/usr/bin/cmake -E cmake_link_script CMakeFiles/cmTC_203c0.dir/link.txt --verbose=1
/usr/bin/cc   -W -Wall -pedantic -Wbad-function-cast -Wconversion -Winline -Wmissing-declarations -Wmissing-prototypes -Wnested-externs -Wno-long-long -Wno-multichar -Wpointer-arith -Wshadow -Wsign-compare -Wundef -Wunused -Wwrite-strings -Wcast-align -Wdeclaration-after-statement -Wempty-body -Wendif-labels -Wfloat-equal -Wignored-qualifiers -Wno-format-nonliteral -Wno-sign-conversion -Wno-system-headers -Wstrict-prototypes -Wtype-limits -Wvla -Wmissing-parameter-type -Wold-style-declaration -Wstrict-aliasing=3 -Wformat=2 -Warray-bounds=2 -ftree-vrp -Wduplicated-cond -Wnull-dereference -fdelete-null-pointer-checks -Wshift-negative-value -Wshift-overflow=2 -Walloc-zero -Wduplicated-branches -Wformat-overflow=2 -Wformat-truncation=1 -Wrestrict -Warith-conversion -Wdouble-promotion -Wenum-conversion -Wunused-const-variable  CMakeFiles/cmTC_203c0.dir/CheckSymbolExists.c.o -o cmTC_203c0 
gmake[1]: Leaving directory '/workspace/build/CMakeFiles/CMakeScratch/TryCompile-wyVzkQ'


File CheckSymbolExists.c:
/* */
#include <inttypes.h>
#include <sys/wait.h>
#include <sys/ioctl.h>
#include <sys/param.h>
#include <sys/poll.h>
#include <sys/resource.h>
#include <sys/select.h>
#include <sys/socket.h>
#include <sys/stat.h>
#include <sys/time.h>
#include <sys/types.h>
#include <sys/un.h>
#include <sys/xattr.h>
#include <arpa/inet.h>
#include <fcntl.h>
#include <ifaddrs.h>
#include <libgen.h>
#include <locale.h>
#include <net/if.h>
#include <netdb.h>
#include <netinet/in.h>
#include <netinet/tcp.h>
#include <netinet/udp.h>
#include <poll.h>
#include <pwd.h>
#include <stdatomic.h>
#include <stdbool.h>
#include <stdint.h>
#include <strings.h>
#include <termio.h>
#include <termios.h>
#include <unistd.h>
#include <utime.h>

int main(int argc, char** argv)
{
  (void)argv;
#ifndef recv
  return ((int*)(&recv))[argc];
#else
  (void)argc;
  return 0;
#endif
}
Determining if the send exist passed with the following output:
Change Dir: /workspace/build/CMakeFiles/CMakeScratch/TryCompile-keFQJU

Run Build Command(s):/usr/bin/gmake -f Makefile cmTC_c0734/fast && /usr/bin/gmake  -f CMakeFiles/cmTC_c0734.dir/build.make CMakeFiles/cmTC_c0734.dir/build
gmake[1]: Entering directory '/workspace/build/CMakeFiles/CMakeScratch/TryCompile-keFQJU'
Building C object CMakeFiles/cmTC_c0734.dir/CheckSymbolExists.c.o
/usr/bin/cc   -W -Wall -pedantic -Wbad-function-cast -Wconversion -Winline -Wmissing-declarations -Wmissing-prototypes -Wnested-externs -Wno-long-long -Wno-multichar -Wpointer-arith -Wshadow -Wsign-compare -Wundef -Wunused -Wwrite-strings -Wcast-align -Wdeclaration-after-statement -Wempty-body -Wendif-labels -Wfloat-equal -Wignored-qualifiers -Wno-format-nonliteral -Wno-sign-conversion -Wno-system-headers -Wstrict-prototypes -Wtype-limits -Wvla -Wmissing-parameter-type -Wold-style-declaration -Wstrict-aliasing=3 -Wformat=2 -Warray-bounds=2 -ftree-vrp -Wduplicated-cond -Wnull-dereference -fdelete-null-pointer-checks -Wshift-negative-value -Wshift-overflow=2 -Walloc-zero -Wduplicated-branches -Wformat-overflow=2 -Wformat-truncation=1 -Wrestrict -Warith-conversion -Wdouble-promotion -Wenum-conversion -Wunused-const-variable  -o CMakeFiles/cmTC_c0734.dir/CheckSymbolExists.c.o -c /workspace/build/CMakeFiles/CMakeScratch/TryCompile-keFQJU/CheckSymbolExists.c
/workspace/build/CMakeFiles/CMakeScratch/TryCompile-keFQJU/CheckSymbolExists.c: In function ‘main’:
/workspace/build/CMakeFiles/CMakeScratch/TryCompile-keFQJU/CheckSymbolExists.c:40:11: warning: ISO C forbids conversion of function pointer to object pointer type [-Wpedantic]
   40 |   return ((int*)(&send))[argc];
      |           ^
Linking C executable cmTC_c0734
/usr/bin/cmake -E cmake_link_script CMakeFiles/cmTC_c0734.dir/link.txt --verbose=1
/usr/bin/cc   -W -Wall -pedantic -Wbad-function-cast -Wconversion -Winline -Wmissing-declarations -Wmissing-prototypes -Wnested-externs -Wno-long-long -Wno-multichar -Wpointer-arith -Wshadow -Wsign-compare -Wundef -Wunused -Wwrite-strings -Wcast-align -Wdeclaration-after-statement -Wempty-body -Wendif-labels -Wfloat-equal -Wignored-qualifiers -Wno-format-nonliteral -Wno-sign-conversion -Wno-system-headers -Wstrict-prototypes -Wtype-limits -Wvla -Wmissing-parameter-type -Wold-style-declaration -Wstrict-aliasing=3 -Wformat=2 -Warray-bounds=2 -ftree-vrp -Wduplicated-cond -Wnull-dereference -fdelete-null-pointer-checks -Wshift-negative-value -Wshift-overflow=2 -Walloc-zero -Wduplicated-branches -Wformat-overflow=2 -Wformat-truncation=1 -Wrestrict -Warith-conversion -Wdouble-promotion -Wenum-conversion -Wunused-const-variable  CMakeFiles/cmTC_c0734.dir/CheckSymbolExists.c.o -o cmTC_c0734 
gmake[1]: Leaving directory '/workspace/build/CMakeFiles/CMakeScratch/TryCompile-keFQJU'


File CheckSymbolExists.c:
/* */
#include <inttypes.h>
#include <sys/wait.h>
#include <sys/ioctl.h>
#include <sys/param.h>
#include <sys/poll.h>
#include <sys/resource.h>
#include <sys/select.h>
#include <sys/socket.h>
#include <sys/stat.h>
#include <sys/time.h>
#include <sys/types.h>
#include <sys/un.h>
#include <sys/xattr.h>
#include <arpa/inet.h>
#include <fcntl.h>
#include <ifaddrs.h>
#include <libgen.h>
#include <locale.h>
#include <net/if.h>
#include <netdb.h>
#include <netinet/in.h>
#include <netinet/tcp.h>
#include <netinet/udp.h>
#include <poll.h>
#include <pwd.h>
#include <stdatomic.h>
#include <stdbool.h>
#include <stdint.h>
#include <strings.h>
#include <termio.h>
#include <termios.h>
#include <unistd.h>
#include <utime.h>

int main(int argc, char** argv)
{
  (void)argv;
#ifndef send
  return ((int*)(&send))[argc];
#else
  (void)argc;
  return 0;
#endif
}
Determining if the sendmsg exist passed with the following output:
Change Dir: /workspace/build/CMakeFiles/CMakeScratch/TryCompile-KZeNbq

Run Build Command(s):/usr/bin/gmake -f Makefile cmTC_2bd79/fast && /usr/bin/gmake  -f CMakeFiles/cmTC_2bd79.dir/build.make CMakeFiles/cmTC_2bd79.dir/build
gmake[1]: Entering directory '/workspace/build/CMakeFiles/CMakeScratch/TryCompile-KZeNbq'
Building C object CMakeFiles/cmTC_2bd79.dir/CheckSymbolExists.c.o
/usr/bin/cc   -W -Wall -pedantic -Wbad-function-cast -Wconversion -Winline -Wmissing-declarations -Wmissing-prototypes -Wnested-externs -Wno-long-long -Wno-multichar -Wpointer-arith -Wshadow -Wsign-compare -Wundef -Wunused -Wwrite-strings -Wcast-align -Wdeclaration-after-statement -Wempty-body -Wendif-labels -Wfloat-equal -Wignored-qualifiers -Wno-format-nonliteral -Wno-sign-conversion -Wno-system-headers -Wstrict-prototypes -Wtype-limits -Wvla -Wmissing-parameter-type -Wold-style-declaration -Wstrict-aliasing=3 -Wformat=2 -Warray-bounds=2 -ftree-vrp -Wduplicated-cond -Wnull-dereference -fdelete-null-pointer-checks -Wshift-negative-value -Wshift-overflow=2 -Walloc-zero -Wduplicated-branches -Wformat-overflow=2 -Wformat-truncation=1 -Wrestrict -Warith-conversion -Wdouble-promotion -Wenum-conversion -Wunused-const-variable  -o CMakeFiles/cmTC_2bd79.dir/CheckSymbolExists.c.o -c /workspace/build/CMakeFiles/CMakeScratch/TryCompile-KZeNbq/CheckSymbolExists.c
/workspace/build/CMakeFiles/CMakeScratch/TryCompile-KZeNbq/CheckSymbolExists.c: In function ‘main’:
/workspace/build/CMakeFiles/CMakeScratch/TryCompile-KZeNbq/CheckSymbolExists.c:40:11: warning: ISO C forbids conversion of function pointer to object pointer type [-Wpedantic]
   40 |   return ((int*)(&sendmsg))[argc];
      |           ^
Linking C executable cmTC_2bd79
/usr/bin/cmake -E cmake_link_script CMakeFiles/cmTC_2bd79.dir/link.txt --verbose=1
/usr/bin/cc   -W -Wall -pedantic -Wbad-function-cast -Wconversion -Winline -Wmissing-declarations -Wmissing-prototypes -Wnested-externs -Wno-long-long -Wno-multichar -Wpointer-arith -Wshadow -Wsign-compare -Wundef -Wunused -Wwrite-strings -Wcast-align -Wdeclaration-after-statement -Wempty-body -Wendif-labels -Wfloat-equal -Wignored-qualifiers -Wno-format-nonliteral -Wno-sign-conversion -Wno-system-headers -Wstrict-prototypes -Wtype-limits -Wvla -Wmissing-parameter-type -Wold-style-declaration -Wstrict-aliasing=3 -Wformat=2 -Warray-bounds=2 -ftree-vrp -Wduplicated-cond -Wnull-dereference -fdelete-null-pointer-checks -Wshift-negative-value -Wshift-overflow=2 -Walloc-zero -Wduplicated-branches -Wformat-overflow=2 -Wformat-truncation=1 -Wrestrict -Warith-conversion -Wdouble-promotion -Wenum-conversion -Wunused-const-variable  CMakeFiles/cmTC_2bd79.dir/CheckSymbolExists.c.o -o cmTC_2bd79 
gmake[1]: Leaving directory '/workspace/build/CMakeFiles/CMakeScratch/TryCompile-KZeNbq'


File CheckSymbolExists.c:
/* */
#include <inttypes.h>
#include <sys/wait.h>
#include <sys/ioctl.h>
#include <sys/param.h>
#include <sys/poll.h>
#include <sys/resource.h>
#include <sys/select.h>
#include <sys/socket.h>
#include <sys/stat.h>
#include <sys/time.h>
#include <sys/types.h>
#include <sys/un.h>
#include <sys/xattr.h>
#include <arpa/inet.h>
#include <fcntl.h>
#include <ifaddrs.h>
#include <libgen.h>
#include <locale.h>
#include <net/if.h>
#include <netdb.h>
#include <netinet/in.h>
#include <netinet/tcp.h>
#include <netinet/udp.h>
#include <poll.h>
#include <pwd.h>
#include <stdatomic.h>
#include <stdbool.h>
#include <stdint.h>
#include <strings.h>
#include <termio.h>
#include <termios.h>
#include <unistd.h>
#include <utime.h>

int main(int argc, char** argv)
{
  (void)argv;
#ifndef sendmsg
  return ((int*)(&sendmsg))[argc];
#else
  (void)argc;
  return 0;
#endif
}
Determining if the select exist passed with the following output:
Change Dir: /workspace/build/CMakeFiles/CMakeScratch/TryCompile-tXBTGQ

Run Build Command(s):/usr/bin/gmake -f Makefile cmTC_ca965/fast && /usr/bin/gmake  -f CMakeFiles/cmTC_ca965.dir/build.make CMakeFiles/cmTC_ca965.dir/build
gmake[1]: Entering directory '/workspace/build/CMakeFiles/CMakeScratch/TryCompile-tXBTGQ'
Building C object CMakeFiles/cmTC_ca965.dir/CheckSymbolExists.c.o
/usr/bin/cc   -W -Wall -pedantic -Wbad-function-cast -Wconversion -Winline -Wmissing-declarations -Wmissing-prototypes -Wnested-externs -Wno-long-long -Wno-multichar -Wpointer-arith -Wshadow -Wsign-compare -Wundef -Wunused -Wwrite-strings -Wcast-align -Wdeclaration-after-statement -Wempty-body -Wendif-labels -Wfloat-equal -Wignored-qualifiers -Wno-format-nonliteral -Wno-sign-conversion -Wno-system-headers -Wstrict-prototypes -Wtype-limits -Wvla -Wmissing-parameter-type -Wold-style-declaration -Wstrict-aliasing=3 -Wformat=2 -Warray-bounds=2 -ftree-vrp -Wduplicated-cond -Wnull-dereference -fdelete-null-pointer-checks -Wshift-negative-value -Wshift-overflow=2 -Walloc-zero -Wduplicated-branches -Wformat-overflow=2 -Wformat-truncation=1 -Wrestrict -Warith-conversion -Wdouble-promotion -Wenum-conversion -Wunused-const-variable  -o CMakeFiles/cmTC_ca965.dir/CheckSymbolExists.c.o -c /workspace/build/CMakeFiles/CMakeScratch/TryCompile-tXBTGQ/CheckSymbolExists.c
/workspace/build/CMakeFiles/CMakeScratch/TryCompile-tXBTGQ/CheckSymbolExists.c: In function ‘main’:
/workspace/build/CMakeFiles/CMakeScratch/TryCompile-tXBTGQ/CheckSymbolExists.c:40:11: warning: ISO C forbids conversion of function pointer to object pointer type [-Wpedantic]
   40 |   return ((int*)(&select))[argc];
      |           ^
Linking C executable cmTC_ca965
/usr/bin/cmake -E cmake_link_script CMakeFiles/cmTC_ca965.dir/link.txt --verbose=1
/usr/bin/cc   -W -Wall -pedantic -Wbad-function-cast -Wconversion -Winline -Wmissing-declarations -Wmissing-prototypes -Wnested-externs -Wno-long-long -Wno-multichar -Wpointer-arith -Wshadow -Wsign-compare -Wundef -Wunused -Wwrite-strings -Wcast-align -Wdeclaration-after-statement -Wempty-body -Wendif-labels -Wfloat-equal -Wignored-qualifiers -Wno-format-nonliteral -Wno-sign-conversion -Wno-system-headers -Wstrict-prototypes -Wtype-limits -Wvla -Wmissing-parameter-type -Wold-style-declaration -Wstrict-aliasing=3 -Wformat=2 -Warray-bounds=2 -ftree-vrp -Wduplicated-cond -Wnull-dereference -fdelete-null-pointer-checks -Wshift-negative-value -Wshift-overflow=2 -Walloc-zero -Wduplicated-branches -Wformat-overflow=2 -Wformat-truncation=1 -Wrestrict -Warith-conversion -Wdouble-promotion -Wenum-conversion -Wunused-const-variable  CMakeFiles/cmTC_ca965.dir/CheckSymbolExists.c.o -o cmTC_ca965 
gmake[1]: Leaving directory '/workspace/build/CMakeFiles/CMakeScratch/TryCompile-tXBTGQ'


File CheckSymbolExists.c:
/* */
#include <inttypes.h>
#include <sys/wait.h>
#include <sys/ioctl.h>
#include <sys/param.h>
#include <sys/poll.h>
#include <sys/resource.h>
#include <sys/select.h>
#include <sys/socket.h>
#include <sys/stat.h>
#include <sys/time.h>
#include <sys/types.h>
#include <sys/un.h>
#include <sys/xattr.h>
#include <arpa/inet.h>
#include <fcntl.h>
#include <ifaddrs.h>
#include <libgen.h>
#include <locale.h>
#include <net/if.h>
#include <netdb.h>
#include <netinet/in.h>
#include <netinet/tcp.h>
#include <netinet/udp.h>
#include <poll.h>
#include <pwd.h>
#include <stdatomic.h>
#include <stdbool.h>
#include <stdint.h>
#include <strings.h>
#include <termio.h>
#include <termios.h>
#include <unistd.h>
#include <utime.h>

int main(int argc, char** argv)
{
  (void)argv;
#ifndef select
  return ((int*)(&select))[argc];
#else
  (void)argc;
  return 0;
#endif
}
Determining if the strdup exist passed with the following output:
Change Dir: /workspace/build/CMakeFiles/CMakeScratch/TryCompile-b4SWLt

Run Build Command(s):/usr/bin/gmake -f Makefile cmTC_2bf58/fast && /usr/bin/gmake  -f CMakeFiles/cmTC_2bf58.dir/build.make CMakeFiles/cmTC_2bf58.dir/build
gmake[1]: Entering directory '/workspace/build/CMakeFiles/CMakeScratch/TryCompile-b4SWLt'
Building C object CMakeFiles/cmTC_2bf58.dir/CheckSymbolExists.c.o
/usr/bin/cc   -W -Wall -pedantic -Wbad-function-cast -Wconversion -Winline -Wmissing-declarations -Wmissing-prototypes -Wnested-externs -Wno-long-long -Wno-multichar -Wpointer-arith -Wshadow -Wsign-compare -Wundef -Wunused -Wwrite-strings -Wcast-align -Wdeclaration-after-statement -Wempty-body -Wendif-labels -Wfloat-equal -Wignored-qualifiers -Wno-format-nonliteral -Wno-sign-conversion -Wno-system-headers -Wstrict-prototypes -Wtype-limits -Wvla -Wmissing-parameter-type -Wold-style-declaration -Wstrict-aliasing=3 -Wformat=2 -Warray-bounds=2 -ftree-vrp -Wduplicated-cond -Wnull-dereference -fdelete-null-pointer-checks -Wshift-negative-value -Wshift-overflow=2 -Walloc-zero -Wduplicated-branches -Wformat-overflow=2 -Wformat-truncation=1 -Wrestrict -Warith-conversion -Wdouble-promotion -Wenum-conversion -Wunused-const-variable  -o CMakeFiles/cmTC_2bf58.dir/CheckSymbolExists.c.o -c /workspace/build/CMakeFiles/CMakeScratch/TryCompile-b4SWLt/CheckSymbolExists.c
/workspace/build/CMakeFiles/CMakeScratch/TryCompile-b4SWLt/CheckSymbolExists.c: In function ‘main’:
/workspace/build/CMakeFiles/CMakeScratch/TryCompile-b4SWLt/CheckSymbolExists.c:41:11: warning: ISO C forbids conversion of function pointer to object pointer type [-Wpedantic]
   41 |   return ((int*)(&strdup))[argc];
      |           ^
Linking C executable cmTC_2bf58
/usr/bin/cmake -E cmake_link_script CMakeFiles/cmTC_2bf58.dir/link.txt --verbose=1
/usr/bin/cc   -W -Wall -pedantic -Wbad-function-cast -Wconversion -Winline -Wmissing-declarations -Wmissing-prototypes -Wnested-externs -Wno-long-long -Wno-multichar -Wpointer-arith -Wshadow -Wsign-compare -Wundef -Wunused -Wwrite-strings -Wcast-align -Wdeclaration-after-statement -Wempty-body -Wendif-labels -Wfloat-equal -Wignored-qualifiers -Wno-format-nonliteral -Wno-sign-conversion -Wno-system-headers -Wstrict-prototypes -Wtype-limits -Wvla -Wmissing-parameter-type -Wold-style-declaration -Wstrict-aliasing=3 -Wformat=2 -Warray-bounds=2 -ftree-vrp -Wduplicated-cond -Wnull-dereference -fdelete-null-pointer-checks -Wshift-negative-value -Wshift-overflow=2 -Walloc-zero -Wduplicated-branches -Wformat-overflow=2 -Wformat-truncation=1 -Wrestrict -Warith-conversion -Wdouble-promotion -Wenum-conversion -Wunused-const-variable  CMakeFiles/cmTC_2bf58.dir/CheckSymbolExists.c.o -o cmTC_2bf58 
gmake[1]: Leaving directory '/workspace/build/CMakeFiles/CMakeScratch/TryCompile-b4SWLt'


File CheckSymbolExists.c:
/* */
#include <inttypes.h>
#include <sys/wait.h>
#include <sys/ioctl.h>
#include <sys/param.h>
#include <sys/poll.h>
#include <sys/resource.h>
#include <sys/select.h>
#include <sys/socket.h>
#include <sys/stat.h>
#include <sys/time.h>
#include <sys/types.h>
#include <sys/un.h>
#include <sys/xattr.h>
#include <arpa/inet.h>
#include <fcntl.h>
#include <ifaddrs.h>
#include <libgen.h>
#include <locale.h>
#include <net/if.h>
#include <netdb.h>
#include <netinet/in.h>
#include <netinet/tcp.h>
#include <netinet/udp.h>
#include <poll.h>
#include <pwd.h>
#include <stdatomic.h>
#include <stdbool.h>
#include <stdint.h>
#include <strings.h>
#include <termio.h>
#include <termios.h>
#include <unistd.h>
#include <utime.h>
#include <string.h>

int main(int argc, char** argv)
{
  (void)argv;
#ifndef strdup
  return ((int*)(&strdup))[argc];
#else
  (void)argc;
  return 0;
#endif
}
Determining if the strtok_r exist passed with the following output:
Change Dir: /workspace/build/CMakeFiles/CMakeScratch/TryCompile-t6qcvt

Run Build Command(s):/usr/bin/gmake -f Makefile cmTC_be994/fast && /usr/bin/gmake  -f CMakeFiles/cmTC_be994.dir/build.make CMakeFiles/cmTC_be994.dir/build
gmake[1]: Entering directory '/workspace/build/CMakeFiles/CMakeScratch/TryCompile-t6qcvt'
Building C object CMakeFiles/cmTC_be994.dir/CheckSymbolExists.c.o
/usr/bin/cc   -W -Wall -pedantic -Wbad-function-cast -Wconversion -Winline -Wmissing-declarations -Wmissing-prototypes -Wnested-externs -Wno-long-long -Wno-multichar -Wpointer-arith -Wshadow -Wsign-compare -Wundef -Wunused -Wwrite-strings -Wcast-align -Wdeclaration-after-statement -Wempty-body -Wendif-labels -Wfloat-equal -Wignored-qualifiers -Wno-format-nonliteral -Wno-sign-conversion -Wno-system-headers -Wstrict-prototypes -Wtype-limits -Wvla -Wmissing-parameter-type -Wold-style-declaration -Wstrict-aliasing=3 -Wformat=2 -Warray-bounds=2 -ftree-vrp -Wduplicated-cond -Wnull-dereference -fdelete-null-pointer-checks -Wshift-negative-value -Wshift-overflow=2 -Walloc-zero -Wduplicated-branches -Wformat-overflow=2 -Wformat-truncation=1 -Wrestrict -Warith-conversion -Wdouble-promotion -Wenum-conversion -Wunused-const-variable  -o CMakeFiles/cmTC_be994.dir/CheckSymbolExists.c.o -c /workspace/build/CMakeFiles/CMakeScratch/TryCompile-t6qcvt/CheckSymbolExists.c
/workspace/build/CMakeFiles/CMakeScratch/TryCompile-t6qcvt/CheckSymbolExists.c: In function ‘main’:
/workspace/build/CMakeFiles/CMakeScratch/TryCompile-t6qcvt/CheckSymbolExists.c:41:11: warning: ISO C forbids conversion of function pointer to object pointer type [-Wpedantic]
   41 |   return ((int*)(&strtok_r))[argc];
      |           ^
Linking C executable cmTC_be994
/usr/bin/cmake -E cmake_link_script CMakeFiles/cmTC_be994.dir/link.txt --verbose=1
/usr/bin/cc   -W -Wall -pedantic -Wbad-function-cast -Wconversion -Winline -Wmissing-declarations -Wmissing-prototypes -Wnested-externs -Wno-long-long -Wno-multichar -Wpointer-arith -Wshadow -Wsign-compare -Wundef -Wunused -Wwrite-strings -Wcast-align -Wdeclaration-after-statement -Wempty-body -Wendif-labels -Wfloat-equal -Wignored-qualifiers -Wno-format-nonliteral -Wno-sign-conversion -Wno-system-headers -Wstrict-prototypes -Wtype-limits -Wvla -Wmissing-parameter-type -Wold-style-declaration -Wstrict-aliasing=3 -Wformat=2 -Warray-bounds=2 -ftree-vrp -Wduplicated-cond -Wnull-dereference -fdelete-null-pointer-checks -Wshift-negative-value -Wshift-overflow=2 -Walloc-zero -Wduplicated-branches -Wformat-overflow=2 -Wformat-truncation=1 -Wrestrict -Warith-conversion -Wdouble-promotion -Wenum-conversion -Wunused-const-variable  CMakeFiles/cmTC_be994.dir/CheckSymbolExists.c.o -o cmTC_be994 
gmake[1]: Leaving directory '/workspace/build/CMakeFiles/CMakeScratch/TryCompile-t6qcvt'


File CheckSymbolExists.c:
/* */
#include <inttypes.h>
#include <sys/wait.h>
#include <sys/ioctl.h>
#include <sys/param.h>
#include <sys/poll.h>
#include <sys/resource.h>
#include <sys/select.h>
#include <sys/socket.h>
#include <sys/stat.h>
#include <sys/time.h>
#include <sys/types.h>
#include <sys/un.h>
#include <sys/xattr.h>
#include <arpa/inet.h>
#include <fcntl.h>
#include <ifaddrs.h>
#include <libgen.h>
#include <locale.h>
#include <net/if.h>
#include <netdb.h>
#include <netinet/in.h>
#include <netinet/tcp.h>
#include <netinet/udp.h>
#include <poll.h>
#include <pwd.h>
#include <stdatomic.h>
#include <stdbool.h>
#include <stdint.h>
#include <strings.h>
#include <termio.h>
#include <termios.h>
#include <unistd.h>
#include <utime.h>
#include <string.h>

int main(int argc, char** argv)
{
  (void)argv;
#ifndef strtok_r
  return ((int*)(&strtok_r))[argc];
#else
  (void)argc;
  return 0;
#endif
}
Determining if the strcasecmp exist passed with the following output:
Change Dir: /workspace/build/CMakeFiles/CMakeScratch/TryCompile-13mWxG

Run Build Command(s):/usr/bin/gmake -f Makefile cmTC_c2ba9/fast && /usr/bin/gmake  -f CMakeFiles/cmTC_c2ba9.dir/build.make CMakeFiles/cmTC_c2ba9.dir/build
gmake[1]: Entering directory '/workspace/build/CMakeFiles/CMakeScratch/TryCompile-13mWxG'
Building C object CMakeFiles/cmTC_c2ba9.dir/CheckSymbolExists.c.o
/usr/bin/cc   -W -Wall -pedantic -Wbad-function-cast -Wconversion -Winline -Wmissing-declarations -Wmissing-prototypes -Wnested-externs -Wno-long-long -Wno-multichar -Wpointer-arith -Wshadow -Wsign-compare -Wundef -Wunused -Wwrite-strings -Wcast-align -Wdeclaration-after-statement -Wempty-body -Wendif-labels -Wfloat-equal -Wignored-qualifiers -Wno-format-nonliteral -Wno-sign-conversion -Wno-system-headers -Wstrict-prototypes -Wtype-limits -Wvla -Wmissing-parameter-type -Wold-style-declaration -Wstrict-aliasing=3 -Wformat=2 -Warray-bounds=2 -ftree-vrp -Wduplicated-cond -Wnull-dereference -fdelete-null-pointer-checks -Wshift-negative-value -Wshift-overflow=2 -Walloc-zero -Wduplicated-branches -Wformat-overflow=2 -Wformat-truncation=1 -Wrestrict -Warith-conversion -Wdouble-promotion -Wenum-conversion -Wunused-const-variable  -o CMakeFiles/cmTC_c2ba9.dir/CheckSymbolExists.c.o -c /workspace/build/CMakeFiles/CMakeScratch/TryCompile-13mWxG/CheckSymbolExists.c
/workspace/build/CMakeFiles/CMakeScratch/TryCompile-13mWxG/CheckSymbolExists.c: In function ‘main’:
/workspace/build/CMakeFiles/CMakeScratch/TryCompile-13mWxG/CheckSymbolExists.c:41:11: warning: ISO C forbids conversion of function pointer to object pointer type [-Wpedantic]
   41 |   return ((int*)(&strcasecmp))[argc];
      |           ^
Linking C executable cmTC_c2ba9
/usr/bin/cmake -E cmake_link_script CMakeFiles/cmTC_c2ba9.dir/link.txt --verbose=1
/usr/bin/cc   -W -Wall -pedantic -Wbad-function-cast -Wconversion -Winline -Wmissing-declarations -Wmissing-prototypes -Wnested-externs -Wno-long-long -Wno-multichar -Wpointer-arith -Wshadow -Wsign-compare -Wundef -Wunused -Wwrite-strings -Wcast-align -Wdeclaration-after-statement -Wempty-body -Wendif-labels -Wfloat-equal -Wignored-qualifiers -Wno-format-nonliteral -Wno-sign-conversion -Wno-system-headers -Wstrict-prototypes -Wtype-limits -Wvla -Wmissing-parameter-type -Wold-style-declaration -Wstrict-aliasing=3 -Wformat=2 -Warray-bounds=2 -ftree-vrp -Wduplicated-cond -Wnull-dereference -fdelete-null-pointer-checks -Wshift-negative-value -Wshift-overflow=2 -Walloc-zero -Wduplicated-branches -Wformat-overflow=2 -Wformat-truncation=1 -Wrestrict -Warith-conversion -Wdouble-promotion -Wenum-conversion -Wunused-const-variable  CMakeFiles/cmTC_c2ba9.dir/CheckSymbolExists.c.o -o cmTC_c2ba9 
gmake[1]: Leaving directory '/workspace/build/CMakeFiles/CMakeScratch/TryCompile-13mWxG'


File CheckSymbolExists.c:
/* */
#include <inttypes.h>
#include <sys/wait.h>
#include <sys/ioctl.h>
#include <sys/param.h>
#include <sys/poll.h>
#include <sys/resource.h>
#include <sys/select.h>
#include <sys/socket.h>
#include <sys/stat.h>
#include <sys/time.h>
#include <sys/types.h>
#include <sys/un.h>
#include <sys/xattr.h>
#include <arpa/inet.h>
#include <fcntl.h>
#include <ifaddrs.h>
#include <libgen.h>
#include <locale.h>
#include <net/if.h>
#include <netdb.h>
#include <netinet/in.h>
#include <netinet/tcp.h>
#include <netinet/udp.h>
#include <poll.h>
#include <pwd.h>
#include <stdatomic.h>
#include <stdbool.h>
#include <stdint.h>
#include <strings.h>
#include <termio.h>
#include <termios.h>
#include <unistd.h>
#include <utime.h>
#include <string.h>

int main(int argc, char** argv)
{
  (void)argv;
#ifndef strcasecmp
  return ((int*)(&strcasecmp))[argc];
#else
  (void)argc;
  return 0;
#endif
}
Determining if the alarm exist passed with the following output:
Change Dir: /workspace/build/CMakeFiles/CMakeScratch/TryCompile-WjDvEF

Run Build Command(s):/usr/bin/gmake -f Makefile cmTC_e12a6/fast && /usr/bin/gmake  -f CMakeFiles/cmTC_e12a6.dir/build.make CMakeFiles/cmTC_e12a6.dir/build
gmake[1]: Entering directory '/workspace/build/CMakeFiles/CMakeScratch/TryCompile-WjDvEF'
Building C object CMakeFiles/cmTC_e12a6.dir/CheckSymbolExists.c.o
/usr/bin/cc   -W -Wall -pedantic -Wbad-function-cast -Wconversion -Winline -Wmissing-declarations -Wmissing-prototypes -Wnested-externs -Wno-long-long -Wno-multichar -Wpointer-arith -Wshadow -Wsign-compare -Wundef -Wunused -Wwrite-strings -Wcast-align -Wdeclaration-after-statement -Wempty-body -Wendif-labels -Wfloat-equal -Wignored-qualifiers -Wno-format-nonliteral -Wno-sign-conversion -Wno-system-headers -Wstrict-prototypes -Wtype-limits -Wvla -Wmissing-parameter-type -Wold-style-declaration -Wstrict-aliasing=3 -Wformat=2 -Warray-bounds=2 -ftree-vrp -Wduplicated-cond -Wnull-dereference -fdelete-null-pointer-checks -Wshift-negative-value -Wshift-overflow=2 -Walloc-zero -Wduplicated-branches -Wformat-overflow=2 -Wformat-truncation=1 -Wrestrict -Warith-conversion -Wdouble-promotion -Wenum-conversion -Wunused-const-variable  -o CMakeFiles/cmTC_e12a6.dir/CheckSymbolExists.c.o -c /workspace/build/CMakeFiles/CMakeScratch/TryCompile-WjDvEF/CheckSymbolExists.c
/workspace/build/CMakeFiles/CMakeScratch/TryCompile-WjDvEF/CheckSymbolExists.c: In function ‘main’:
/workspace/build/CMakeFiles/CMakeScratch/TryCompile-WjDvEF/CheckSymbolExists.c:40:11: warning: ISO C forbids conversion of function pointer to object pointer type [-Wpedantic]
   40 |   return ((int*)(&alarm))[argc];
      |           ^
Linking C executable cmTC_e12a6
/usr/bin/cmake -E cmake_link_script CMakeFiles/cmTC_e12a6.dir/link.txt --verbose=1
/usr/bin/cc   -W -Wall -pedantic -Wbad-function-cast -Wconversion -Winline -Wmissing-declarations -Wmissing-prototypes -Wnested-externs -Wno-long-long -Wno-multichar -Wpointer-arith -Wshadow -Wsign-compare -Wundef -Wunused -Wwrite-strings -Wcast-align -Wdeclaration-after-statement -Wempty-body -Wendif-labels -Wfloat-equal -Wignored-qualifiers -Wno-format-nonliteral -Wno-sign-conversion -Wno-system-headers -Wstrict-prototypes -Wtype-limits -Wvla -Wmissing-parameter-type -Wold-style-declaration -Wstrict-aliasing=3 -Wformat=2 -Warray-bounds=2 -ftree-vrp -Wduplicated-cond -Wnull-dereference -fdelete-null-pointer-checks -Wshift-negative-value -Wshift-overflow=2 -Walloc-zero -Wduplicated-branches -Wformat-overflow=2 -Wformat-truncation=1 -Wrestrict -Warith-conversion -Wdouble-promotion -Wenum-conversion -Wunused-const-variable  CMakeFiles/cmTC_e12a6.dir/CheckSymbolExists.c.o -o cmTC_e12a6 
gmake[1]: Leaving directory '/workspace/build/CMakeFiles/CMakeScratch/TryCompile-WjDvEF'


File CheckSymbolExists.c:
/* */
#include <inttypes.h>
#include <sys/wait.h>
#include <sys/ioctl.h>
#include <sys/param.h>
#include <sys/poll.h>
#include <sys/resource.h>
#include <sys/select.h>
#include <sys/socket.h>
#include <sys/stat.h>
#include <sys/time.h>
#include <sys/types.h>
#include <sys/un.h>
#include <sys/xattr.h>
#include <arpa/inet.h>
#include <fcntl.h>
#include <ifaddrs.h>
#include <libgen.h>
#include <locale.h>
#include <net/if.h>
#include <netdb.h>
#include <netinet/in.h>
#include <netinet/tcp.h>
#include <netinet/udp.h>
#include <poll.h>
#include <pwd.h>
#include <stdatomic.h>
#include <stdbool.h>
#include <stdint.h>
#include <strings.h>
#include <termio.h>
#include <termios.h>
#include <unistd.h>
#include <utime.h>

int main(int argc, char** argv)
{
  (void)argv;
#ifndef alarm
  return ((int*)(&alarm))[argc];
#else
  (void)argc;
  return 0;
#endif
}
Determining if the arc4random exist passed with the following output:
Change Dir: /workspace/build/CMakeFiles/CMakeScratch/TryCompile-bniXTR

Run Build Command(s):/usr/bin/gmake -f Makefile cmTC_de4a8/fast && /usr/bin/gmake  -f CMakeFiles/cmTC_de4a8.dir/build.make CMakeFiles/cmTC_de4a8.dir/build
gmake[1]: Entering directory '/workspace/build/CMakeFiles/CMakeScratch/TryCompile-bniXTR'
Building C object CMakeFiles/cmTC_de4a8.dir/CheckSymbolExists.c.o
/usr/bin/cc   -W -Wall -pedantic -Wbad-function-cast -Wconversion -Winline -Wmissing-declarations -Wmissing-prototypes -Wnested-externs -Wno-long-long -Wno-multichar -Wpointer-arith -Wshadow -Wsign-compare -Wundef -Wunused -Wwrite-strings -Wcast-align -Wdeclaration-after-statement -Wempty-body -Wendif-labels -Wfloat-equal -Wignored-qualifiers -Wno-format-nonliteral -Wno-sign-conversion -Wno-system-headers -Wstrict-prototypes -Wtype-limits -Wvla -Wmissing-parameter-type -Wold-style-declaration -Wstrict-aliasing=3 -Wformat=2 -Warray-bounds=2 -ftree-vrp -Wduplicated-cond -Wnull-dereference -fdelete-null-pointer-checks -Wshift-negative-value -Wshift-overflow=2 -Walloc-zero -Wduplicated-branches -Wformat-overflow=2 -Wformat-truncation=1 -Wrestrict -Warith-conversion -Wdouble-promotion -Wenum-conversion -Wunused-const-variable  -o CMakeFiles/cmTC_de4a8.dir/CheckSymbolExists.c.o -c /workspace/build/CMakeFiles/CMakeScratch/TryCompile-bniXTR/CheckSymbolExists.c
/workspace/build/CMakeFiles/CMakeScratch/TryCompile-bniXTR/CheckSymbolExists.c: In function ‘main’:
/workspace/build/CMakeFiles/CMakeScratch/TryCompile-bniXTR/CheckSymbolExists.c:41:11: warning: ISO C forbids conversion of function pointer to object pointer type [-Wpedantic]
   41 |   return ((int*)(&arc4random))[argc];
      |           ^
Linking C executable cmTC_de4a8
/usr/bin/cmake -E cmake_link_script CMakeFiles/cmTC_de4a8.dir/link.txt --verbose=1
/usr/bin/cc   -W -Wall -pedantic -Wbad-function-cast -Wconversion -Winline -Wmissing-declarations -Wmissing-prototypes -Wnested-externs -Wno-long-long -Wno-multichar -Wpointer-arith -Wshadow -Wsign-compare -Wundef -Wunused -Wwrite-strings -Wcast-align -Wdeclaration-after-statement -Wempty-body -Wendif-labels -Wfloat-equal -Wignored-qualifiers -Wno-format-nonliteral -Wno-sign-conversion -Wno-system-headers -Wstrict-prototypes -Wtype-limits -Wvla -Wmissing-parameter-type -Wold-style-declaration -Wstrict-aliasing=3 -Wformat=2 -Warray-bounds=2 -ftree-vrp -Wduplicated-cond -Wnull-dereference -fdelete-null-pointer-checks -Wshift-negative-value -Wshift-overflow=2 -Walloc-zero -Wduplicated-branches -Wformat-overflow=2 -Wformat-truncation=1 -Wrestrict -Warith-conversion -Wdouble-promotion -Wenum-conversion -Wunused-const-variable  CMakeFiles/cmTC_de4a8.dir/CheckSymbolExists.c.o -o cmTC_de4a8 
gmake[1]: Leaving directory '/workspace/build/CMakeFiles/CMakeScratch/TryCompile-bniXTR'


File CheckSymbolExists.c:
/* */
#include <inttypes.h>
#include <sys/wait.h>
#include <sys/ioctl.h>
#include <sys/param.h>
#include <sys/poll.h>
#include <sys/resource.h>
#include <sys/select.h>
#include <sys/socket.h>
#include <sys/stat.h>
#include <sys/time.h>
#include <sys/types.h>
#include <sys/un.h>
#include <sys/xattr.h>
#include <arpa/inet.h>
#include <fcntl.h>
#include <ifaddrs.h>
#include <libgen.h>
#include <locale.h>
#include <net/if.h>
#include <netdb.h>
#include <netinet/in.h>
#include <netinet/tcp.h>
#include <netinet/udp.h>
#include <poll.h>
#include <pwd.h>
#include <stdatomic.h>
#include <stdbool.h>
#include <stdint.h>
#include <strings.h>
#include <termio.h>
#include <termios.h>
#include <unistd.h>
#include <utime.h>
#include <stdlib.h>

int main(int argc, char** argv)
{
  (void)argv;
#ifndef arc4random
  return ((int*)(&arc4random))[argc];
#else
  (void)argc;
  return 0;
#endif
}
Determining if the fcntl exist passed with the following output:
Change Dir: /workspace/build/CMakeFiles/CMakeScratch/TryCompile-JbILXw

Run Build Command(s):/usr/bin/gmake -f Makefile cmTC_c604a/fast && /usr/bin/gmake  -f CMakeFiles/cmTC_c604a.dir/build.make CMakeFiles/cmTC_c604a.dir/build
gmake[1]: Entering directory '/workspace/build/CMakeFiles/CMakeScratch/TryCompile-JbILXw'
Building C object CMakeFiles/cmTC_c604a.dir/CheckSymbolExists.c.o
/usr/bin/cc   -W -Wall -pedantic -Wbad-function-cast -Wconversion -Winline -Wmissing-declarations -Wmissing-prototypes -Wnested-externs -Wno-long-long -Wno-multichar -Wpointer-arith -Wshadow -Wsign-compare -Wundef -Wunused -Wwrite-strings -Wcast-align -Wdeclaration-after-statement -Wempty-body -Wendif-labels -Wfloat-equal -Wignored-qualifiers -Wno-format-nonliteral -Wno-sign-conversion -Wno-system-headers -Wstrict-prototypes -Wtype-limits -Wvla -Wmissing-parameter-type -Wold-style-declaration -Wstrict-aliasing=3 -Wformat=2 -Warray-bounds=2 -ftree-vrp -Wduplicated-cond -Wnull-dereference -fdelete-null-pointer-checks -Wshift-negative-value -Wshift-overflow=2 -Walloc-zero -Wduplicated-branches -Wformat-overflow=2 -Wformat-truncation=1 -Wrestrict -Warith-conversion -Wdouble-promotion -Wenum-conversion -Wunused-const-variable  -o CMakeFiles/cmTC_c604a.dir/CheckSymbolExists.c.o -c /workspace/build/CMakeFiles/CMakeScratch/TryCompile-JbILXw/CheckSymbolExists.c
/workspace/build/CMakeFiles/CMakeScratch/TryCompile-JbILXw/CheckSymbolExists.c: In function ‘main’:
/workspace/build/CMakeFiles/CMakeScratch/TryCompile-JbILXw/CheckSymbolExists.c:40:11: warning: ISO C forbids conversion of function pointer to object pointer type [-Wpedantic]
   40 |   return ((int*)(&fcntl))[argc];
      |           ^
Linking C executable cmTC_c604a
/usr/bin/cmake -E cmake_link_script CMakeFiles/cmTC_c604a.dir/link.txt --verbose=1
/usr/bin/cc   -W -Wall -pedantic -Wbad-function-cast -Wconversion -Winline -Wmissing-declarations -Wmissing-prototypes -Wnested-externs -Wno-long-long -Wno-multichar -Wpointer-arith -Wshadow -Wsign-compare -Wundef -Wunused -Wwrite-strings -Wcast-align -Wdeclaration-after-statement -Wempty-body -Wendif-labels -Wfloat-equal -Wignored-qualifiers -Wno-format-nonliteral -Wno-sign-conversion -Wno-system-headers -Wstrict-prototypes -Wtype-limits -Wvla -Wmissing-parameter-type -Wold-style-declaration -Wstrict-aliasing=3 -Wformat=2 -Warray-bounds=2 -ftree-vrp -Wduplicated-cond -Wnull-dereference -fdelete-null-pointer-checks -Wshift-negative-value -Wshift-overflow=2 -Walloc-zero -Wduplicated-branches -Wformat-overflow=2 -Wformat-truncation=1 -Wrestrict -Warith-conversion -Wdouble-promotion -Wenum-conversion -Wunused-const-variable  CMakeFiles/cmTC_c604a.dir/CheckSymbolExists.c.o -o cmTC_c604a 
gmake[1]: Leaving directory '/workspace/build/CMakeFiles/CMakeScratch/TryCompile-JbILXw'


File CheckSymbolExists.c:
/* */
#include <inttypes.h>
#include <sys/wait.h>
#include <sys/ioctl.h>
#include <sys/param.h>
#include <sys/poll.h>
#include <sys/resource.h>
#include <sys/select.h>
#include <sys/socket.h>
#include <sys/stat.h>
#include <sys/time.h>
#include <sys/types.h>
#include <sys/un.h>
#include <sys/xattr.h>
#include <arpa/inet.h>
#include <fcntl.h>
#include <ifaddrs.h>
#include <libgen.h>
#include <locale.h>
#include <net/if.h>
#include <netdb.h>
#include <netinet/in.h>
#include <netinet/tcp.h>
#include <netinet/udp.h>
#include <poll.h>
#include <pwd.h>
#include <stdatomic.h>
#include <stdbool.h>
#include <stdint.h>
#include <strings.h>
#include <termio.h>
#include <termios.h>
#include <unistd.h>
#include <utime.h>

int main(int argc, char** argv)
{
  (void)argv;
#ifndef fcntl
  return ((int*)(&fcntl))[argc];
#else
  (void)argc;
  return 0;
#endif
}
Determining if the getppid exist passed with the following output:
Change Dir: /workspace/build/CMakeFiles/CMakeScratch/TryCompile-BnQLw7

Run Build Command(s):/usr/bin/gmake -f Makefile cmTC_05be4/fast && /usr/bin/gmake  -f CMakeFiles/cmTC_05be4.dir/build.make CMakeFiles/cmTC_05be4.dir/build
gmake[1]: Entering directory '/workspace/build/CMakeFiles/CMakeScratch/TryCompile-BnQLw7'
Building C object CMakeFiles/cmTC_05be4.dir/CheckSymbolExists.c.o
/usr/bin/cc   -W -Wall -pedantic -Wbad-function-cast -Wconversion -Winline -Wmissing-declarations -Wmissing-prototypes -Wnested-externs -Wno-long-long -Wno-multichar -Wpointer-arith -Wshadow -Wsign-compare -Wundef -Wunused -Wwrite-strings -Wcast-align -Wdeclaration-after-statement -Wempty-body -Wendif-labels -Wfloat-equal -Wignored-qualifiers -Wno-format-nonliteral -Wno-sign-conversion -Wno-system-headers -Wstrict-prototypes -Wtype-limits -Wvla -Wmissing-parameter-type -Wold-style-declaration -Wstrict-aliasing=3 -Wformat=2 -Warray-bounds=2 -ftree-vrp -Wduplicated-cond -Wnull-dereference -fdelete-null-pointer-checks -Wshift-negative-value -Wshift-overflow=2 -Walloc-zero -Wduplicated-branches -Wformat-overflow=2 -Wformat-truncation=1 -Wrestrict -Warith-conversion -Wdouble-promotion -Wenum-conversion -Wunused-const-variable  -o CMakeFiles/cmTC_05be4.dir/CheckSymbolExists.c.o -c /workspace/build/CMakeFiles/CMakeScratch/TryCompile-BnQLw7/CheckSymbolExists.c
/workspace/build/CMakeFiles/CMakeScratch/TryCompile-BnQLw7/CheckSymbolExists.c: In function ‘main’:
/workspace/build/CMakeFiles/CMakeScratch/TryCompile-BnQLw7/CheckSymbolExists.c:40:11: warning: ISO C forbids conversion of function pointer to object pointer type [-Wpedantic]
   40 |   return ((int*)(&getppid))[argc];
      |           ^
Linking C executable cmTC_05be4
/usr/bin/cmake -E cmake_link_script CMakeFiles/cmTC_05be4.dir/link.txt --verbose=1
/usr/bin/cc   -W -Wall -pedantic -Wbad-function-cast -Wconversion -Winline -Wmissing-declarations -Wmissing-prototypes -Wnested-externs -Wno-long-long -Wno-multichar -Wpointer-arith -Wshadow -Wsign-compare -Wundef -Wunused -Wwrite-strings -Wcast-align -Wdeclaration-after-statement -Wempty-body -Wendif-labels -Wfloat-equal -Wignored-qualifiers -Wno-format-nonliteral -Wno-sign-conversion -Wno-system-headers -Wstrict-prototypes -Wtype-limits -Wvla -Wmissing-parameter-type -Wold-style-declaration -Wstrict-aliasing=3 -Wformat=2 -Warray-bounds=2 -ftree-vrp -Wduplicated-cond -Wnull-dereference -fdelete-null-pointer-checks -Wshift-negative-value -Wshift-overflow=2 -Walloc-zero -Wduplicated-branches -Wformat-overflow=2 -Wformat-truncation=1 -Wrestrict -Warith-conversion -Wdouble-promotion -Wenum-conversion -Wunused-const-variable  CMakeFiles/cmTC_05be4.dir/CheckSymbolExists.c.o -o cmTC_05be4 
gmake[1]: Leaving directory '/workspace/build/CMakeFiles/CMakeScratch/TryCompile-BnQLw7'


File CheckSymbolExists.c:
/* */
#include <inttypes.h>
#include <sys/wait.h>
#include <sys/ioctl.h>
#include <sys/param.h>
#include <sys/poll.h>
#include <sys/resource.h>
#include <sys/select.h>
#include <sys/socket.h>
#include <sys/stat.h>
#include <sys/time.h>
#include <sys/types.h>
#include <sys/un.h>
#include <sys/xattr.h>
#include <arpa/inet.h>
#include <fcntl.h>
#include <ifaddrs.h>
#include <libgen.h>
#include <locale.h>
#include <net/if.h>
#include <netdb.h>
#include <netinet/in.h>
#include <netinet/tcp.h>
#include <netinet/udp.h>
#include <poll.h>
#include <pwd.h>
#include <stdatomic.h>
#include <stdbool.h>
#include <stdint.h>
#include <strings.h>
#include <termio.h>
#include <termios.h>
#include <unistd.h>
#include <utime.h>

int main(int argc, char** argv)
{
  (void)argv;
#ifndef getppid
  return ((int*)(&getppid))[argc];
#else
  (void)argc;
  return 0;
#endif
}
Determining if the utimes exist passed with the following output:
Change Dir: /workspace/build/CMakeFiles/CMakeScratch/TryCompile-lKts12

Run Build Command(s):/usr/bin/gmake -f Makefile cmTC_7d7b2/fast && /usr/bin/gmake  -f CMakeFiles/cmTC_7d7b2.dir/build.make CMakeFiles/cmTC_7d7b2.dir/build
gmake[1]: Entering directory '/workspace/build/CMakeFiles/CMakeScratch/TryCompile-lKts12'
Building C object CMakeFiles/cmTC_7d7b2.dir/CheckSymbolExists.c.o
/usr/bin/cc   -W -Wall -pedantic -Wbad-function-cast -Wconversion -Winline -Wmissing-declarations -Wmissing-prototypes -Wnested-externs -Wno-long-long -Wno-multichar -Wpointer-arith -Wshadow -Wsign-compare -Wundef -Wunused -Wwrite-strings -Wcast-align -Wdeclaration-after-statement -Wempty-body -Wendif-labels -Wfloat-equal -Wignored-qualifiers -Wno-format-nonliteral -Wno-sign-conversion -Wno-system-headers -Wstrict-prototypes -Wtype-limits -Wvla -Wmissing-parameter-type -Wold-style-declaration -Wstrict-aliasing=3 -Wformat=2 -Warray-bounds=2 -ftree-vrp -Wduplicated-cond -Wnull-dereference -fdelete-null-pointer-checks -Wshift-negative-value -Wshift-overflow=2 -Walloc-zero -Wduplicated-branches -Wformat-overflow=2 -Wformat-truncation=1 -Wrestrict -Warith-conversion -Wdouble-promotion -Wenum-conversion -Wunused-const-variable  -o CMakeFiles/cmTC_7d7b2.dir/CheckSymbolExists.c.o -c /workspace/build/CMakeFiles/CMakeScratch/TryCompile-lKts12/CheckSymbolExists.c
/workspace/build/CMakeFiles/CMakeScratch/TryCompile-lKts12/CheckSymbolExists.c: In function ‘main’:
/workspace/build/CMakeFiles/CMakeScratch/TryCompile-lKts12/CheckSymbolExists.c:40:11: warning: ISO C forbids conversion of function pointer to object pointer type [-Wpedantic]
   40 |   return ((int*)(&utimes))[argc];
      |           ^
Linking C executable cmTC_7d7b2
/usr/bin/cmake -E cmake_link_script CMakeFiles/cmTC_7d7b2.dir/link.txt --verbose=1
/usr/bin/cc   -W -Wall -pedantic -Wbad-function-cast -Wconversion -Winline -Wmissing-declarations -Wmissing-prototypes -Wnested-externs -Wno-long-long -Wno-multichar -Wpointer-arith -Wshadow -Wsign-compare -Wundef -Wunused -Wwrite-strings -Wcast-align -Wdeclaration-after-statement -Wempty-body -Wendif-labels -Wfloat-equal -Wignored-qualifiers -Wno-format-nonliteral -Wno-sign-conversion -Wno-system-headers -Wstrict-prototypes -Wtype-limits -Wvla -Wmissing-parameter-type -Wold-style-declaration -Wstrict-aliasing=3 -Wformat=2 -Warray-bounds=2 -ftree-vrp -Wduplicated-cond -Wnull-dereference -fdelete-null-pointer-checks -Wshift-negative-value -Wshift-overflow=2 -Walloc-zero -Wduplicated-branches -Wformat-overflow=2 -Wformat-truncation=1 -Wrestrict -Warith-conversion -Wdouble-promotion -Wenum-conversion -Wunused-const-variable  CMakeFiles/cmTC_7d7b2.dir/CheckSymbolExists.c.o -o cmTC_7d7b2 
gmake[1]: Leaving directory '/workspace/build/CMakeFiles/CMakeScratch/TryCompile-lKts12'


File CheckSymbolExists.c:
/* */
#include <inttypes.h>
#include <sys/wait.h>
#include <sys/ioctl.h>
#include <sys/param.h>
#include <sys/poll.h>
#include <sys/resource.h>
#include <sys/select.h>
#include <sys/socket.h>
#include <sys/stat.h>
#include <sys/time.h>
#include <sys/types.h>
#include <sys/un.h>
#include <sys/xattr.h>
#include <arpa/inet.h>
#include <fcntl.h>
#include <ifaddrs.h>
#include <libgen.h>
#include <locale.h>
#include <net/if.h>
#include <netdb.h>
#include <netinet/in.h>
#include <netinet/tcp.h>
#include <netinet/udp.h>
#include <poll.h>
#include <pwd.h>
#include <stdatomic.h>
#include <stdbool.h>
#include <stdint.h>
#include <strings.h>
#include <termio.h>
#include <termios.h>
#include <unistd.h>
#include <utime.h>

int main(int argc, char** argv)
{
  (void)argv;
#ifndef utimes
  return ((int*)(&utimes))[argc];
#else
  (void)argc;
  return 0;
#endif
}
Determining if the gettimeofday exist passed with the following output:
Change Dir: /workspace/build/CMakeFiles/CMakeScratch/TryCompile-PsfaFE

Run Build Command(s):/usr/bin/gmake -f Makefile cmTC_a38ac/fast && /usr/bin/gmake  -f CMakeFiles/cmTC_a38ac.dir/build.make CMakeFiles/cmTC_a38ac.dir/build
gmake[1]: Entering directory '/workspace/build/CMakeFiles/CMakeScratch/TryCompile-PsfaFE'
Building C object CMakeFiles/cmTC_a38ac.dir/CheckSymbolExists.c.o
/usr/bin/cc   -W -Wall -pedantic -Wbad-function-cast -Wconversion -Winline -Wmissing-declarations -Wmissing-prototypes -Wnested-externs -Wno-long-long -Wno-multichar -Wpointer-arith -Wshadow -Wsign-compare -Wundef -Wunused -Wwrite-strings -Wcast-align -Wdeclaration-after-statement -Wempty-body -Wendif-labels -Wfloat-equal -Wignored-qualifiers -Wno-format-nonliteral -Wno-sign-conversion -Wno-system-headers -Wstrict-prototypes -Wtype-limits -Wvla -Wmissing-parameter-type -Wold-style-declaration -Wstrict-aliasing=3 -Wformat=2 -Warray-bounds=2 -ftree-vrp -Wduplicated-cond -Wnull-dereference -fdelete-null-pointer-checks -Wshift-negative-value -Wshift-overflow=2 -Walloc-zero -Wduplicated-branches -Wformat-overflow=2 -Wformat-truncation=1 -Wrestrict -Warith-conversion -Wdouble-promotion -Wenum-conversion -Wunused-const-variable  -o CMakeFiles/cmTC_a38ac.dir/CheckSymbolExists.c.o -c /workspace/build/CMakeFiles/CMakeScratch/TryCompile-PsfaFE/CheckSymbolExists.c
/workspace/build/CMakeFiles/CMakeScratch/TryCompile-PsfaFE/CheckSymbolExists.c: In function ‘main’:
/workspace/build/CMakeFiles/CMakeScratch/TryCompile-PsfaFE/CheckSymbolExists.c:40:11: warning: ISO C forbids conversion of function pointer to object pointer type [-Wpedantic]
   40 |   return ((int*)(&gettimeofday))[argc];
      |           ^
Linking C executable cmTC_a38ac
/usr/bin/cmake -E cmake_link_script CMakeFiles/cmTC_a38ac.dir/link.txt --verbose=1
/usr/bin/cc   -W -Wall -pedantic -Wbad-function-cast -Wconversion -Winline -Wmissing-declarations -Wmissing-prototypes -Wnested-externs -Wno-long-long -Wno-multichar -Wpointer-arith -Wshadow -Wsign-compare -Wundef -Wunused -Wwrite-strings -Wcast-align -Wdeclaration-after-statement -Wempty-body -Wendif-labels -Wfloat-equal -Wignored-qualifiers -Wno-format-nonliteral -Wno-sign-conversion -Wno-system-headers -Wstrict-prototypes -Wtype-limits -Wvla -Wmissing-parameter-type -Wold-style-declaration -Wstrict-aliasing=3 -Wformat=2 -Warray-bounds=2 -ftree-vrp -Wduplicated-cond -Wnull-dereference -fdelete-null-pointer-checks -Wshift-negative-value -Wshift-overflow=2 -Walloc-zero -Wduplicated-branches -Wformat-overflow=2 -Wformat-truncation=1 -Wrestrict -Warith-conversion -Wdouble-promotion -Wenum-conversion -Wunused-const-variable  CMakeFiles/cmTC_a38ac.dir/CheckSymbolExists.c.o -o cmTC_a38ac 
gmake[1]: Leaving directory '/workspace/build/CMakeFiles/CMakeScratch/TryCompile-PsfaFE'


File CheckSymbolExists.c:
/* */
#include <inttypes.h>
#include <sys/wait.h>
#include <sys/ioctl.h>
#include <sys/param.h>
#include <sys/poll.h>
#include <sys/resource.h>
#include <sys/select.h>
#include <sys/socket.h>
#include <sys/stat.h>
#include <sys/time.h>
#include <sys/types.h>
#include <sys/un.h>
#include <sys/xattr.h>
#include <arpa/inet.h>
#include <fcntl.h>
#include <ifaddrs.h>
#include <libgen.h>
#include <locale.h>
#include <net/if.h>
#include <netdb.h>
#include <netinet/in.h>
#include <netinet/tcp.h>
#include <netinet/udp.h>
#include <poll.h>
#include <pwd.h>
#include <stdatomic.h>
#include <stdbool.h>
#include <stdint.h>
#include <strings.h>
#include <termio.h>
#include <termios.h>
#include <unistd.h>
#include <utime.h>

int main(int argc, char** argv)
{
  (void)argv;
#ifndef gettimeofday
  return ((int*)(&gettimeofday))[argc];
#else
  (void)argc;
  return 0;
#endif
}
Determining if the sigsetjmp exist passed with the following output:
Change Dir: /workspace/build/CMakeFiles/CMakeScratch/TryCompile-bGqjem

Run Build Command(s):/usr/bin/gmake -f Makefile cmTC_94f3e/fast && /usr/bin/gmake  -f CMakeFiles/cmTC_94f3e.dir/build.make CMakeFiles/cmTC_94f3e.dir/build
gmake[1]: Entering directory '/workspace/build/CMakeFiles/CMakeScratch/TryCompile-bGqjem'
Building C object CMakeFiles/cmTC_94f3e.dir/CheckSymbolExists.c.o
/usr/bin/cc   -W -Wall -pedantic -Wbad-function-cast -Wconversion -Winline -Wmissing-declarations -Wmissing-prototypes -Wnested-externs -Wno-long-long -Wno-multichar -Wpointer-arith -Wshadow -Wsign-compare -Wundef -Wunused -Wwrite-strings -Wcast-align -Wdeclaration-after-statement -Wempty-body -Wendif-labels -Wfloat-equal -Wignored-qualifiers -Wno-format-nonliteral -Wno-sign-conversion -Wno-system-headers -Wstrict-prototypes -Wtype-limits -Wvla -Wmissing-parameter-type -Wold-style-declaration -Wstrict-aliasing=3 -Wformat=2 -Warray-bounds=2 -ftree-vrp -Wduplicated-cond -Wnull-dereference -fdelete-null-pointer-checks -Wshift-negative-value -Wshift-overflow=2 -Walloc-zero -Wduplicated-branches -Wformat-overflow=2 -Wformat-truncation=1 -Wrestrict -Warith-conversion -Wdouble-promotion -Wenum-conversion -Wunused-const-variable  -o CMakeFiles/cmTC_94f3e.dir/CheckSymbolExists.c.o -c /workspace/build/CMakeFiles/CMakeScratch/TryCompile-bGqjem/CheckSymbolExists.c
Linking C executable cmTC_94f3e
/usr/bin/cmake -E cmake_link_script CMakeFiles/cmTC_94f3e.dir/link.txt --verbose=1
/usr/bin/cc   -W -Wall -pedantic -Wbad-function-cast -Wconversion -Winline -Wmissing-declarations -Wmissing-prototypes -Wnested-externs -Wno-long-long -Wno-multichar -Wpointer-arith -Wshadow -Wsign-compare -Wundef -Wunused -Wwrite-strings -Wcast-align -Wdeclaration-after-statement -Wempty-body -Wendif-labels -Wfloat-equal -Wignored-qualifiers -Wno-format-nonliteral -Wno-sign-conversion -Wno-system-headers -Wstrict-prototypes -Wtype-limits -Wvla -Wmissing-parameter-type -Wold-style-declaration -Wstrict-aliasing=3 -Wformat=2 -Warray-bounds=2 -ftree-vrp -Wduplicated-cond -Wnull-dereference -fdelete-null-pointer-checks -Wshift-negative-value -Wshift-overflow=2 -Walloc-zero -Wduplicated-branches -Wformat-overflow=2 -Wformat-truncation=1 -Wrestrict -Warith-conversion -Wdouble-promotion -Wenum-conversion -Wunused-const-variable  CMakeFiles/cmTC_94f3e.dir/CheckSymbolExists.c.o -o cmTC_94f3e 
gmake[1]: Leaving directory '/workspace/build/CMakeFiles/CMakeScratch/TryCompile-bGqjem'


File CheckSymbolExists.c:
/* */
#include <inttypes.h>
#include <sys/wait.h>
#include <sys/ioctl.h>
#include <sys/param.h>
#include <sys/poll.h>
#include <sys/resource.h>
#include <sys/select.h>
#include <sys/socket.h>
#include <sys/stat.h>
#include <sys/time.h>
#include <sys/types.h>
#include <sys/un.h>
#include <sys/xattr.h>
#include <arpa/inet.h>
#include <fcntl.h>
#include <ifaddrs.h>
#include <libgen.h>
#include <locale.h>
#include <net/if.h>
#include <netdb.h>
#include <netinet/in.h>
#include <netinet/tcp.h>
#include <netinet/udp.h>
#include <poll.h>
#include <pwd.h>
#include <stdatomic.h>
#include <stdbool.h>
#include <stdint.h>
#include <strings.h>
#include <termio.h>
#include <termios.h>
#include <unistd.h>
#include <utime.h>
#include <setjmp.h>

int main(int argc, char** argv)
{
  (void)argv;
#ifndef sigsetjmp
  return ((int*)(&sigsetjmp))[argc];
#else
  (void)argc;
  return 0;
#endif
}
Determining if the getpwuid exist passed with the following output:
Change Dir: /workspace/build/CMakeFiles/CMakeScratch/TryCompile-crzlkE

Run Build Command(s):/usr/bin/gmake -f Makefile cmTC_23682/fast && /usr/bin/gmake  -f CMakeFiles/cmTC_23682.dir/build.make CMakeFiles/cmTC_23682.dir/build
gmake[1]: Entering directory '/workspace/build/CMakeFiles/CMakeScratch/TryCompile-crzlkE'
Building C object CMakeFiles/cmTC_23682.dir/CheckSymbolExists.c.o
/usr/bin/cc   -W -Wall -pedantic -Wbad-function-cast -Wconversion -Winline -Wmissing-declarations -Wmissing-prototypes -Wnested-externs -Wno-long-long -Wno-multichar -Wpointer-arith -Wshadow -Wsign-compare -Wundef -Wunused -Wwrite-strings -Wcast-align -Wdeclaration-after-statement -Wempty-body -Wendif-labels -Wfloat-equal -Wignored-qualifiers -Wno-format-nonliteral -Wno-sign-conversion -Wno-system-headers -Wstrict-prototypes -Wtype-limits -Wvla -Wmissing-parameter-type -Wold-style-declaration -Wstrict-aliasing=3 -Wformat=2 -Warray-bounds=2 -ftree-vrp -Wduplicated-cond -Wnull-dereference -fdelete-null-pointer-checks -Wshift-negative-value -Wshift-overflow=2 -Walloc-zero -Wduplicated-branches -Wformat-overflow=2 -Wformat-truncation=1 -Wrestrict -Warith-conversion -Wdouble-promotion -Wenum-conversion -Wunused-const-variable  -o CMakeFiles/cmTC_23682.dir/CheckSymbolExists.c.o -c /workspace/build/CMakeFiles/CMakeScratch/TryCompile-crzlkE/CheckSymbolExists.c
/workspace/build/CMakeFiles/CMakeScratch/TryCompile-crzlkE/CheckSymbolExists.c: In function ‘main’:
/workspace/build/CMakeFiles/CMakeScratch/TryCompile-crzlkE/CheckSymbolExists.c:40:11: warning: ISO C forbids conversion of function pointer to object pointer type [-Wpedantic]
   40 |   return ((int*)(&getpwuid))[argc];
      |           ^
Linking C executable cmTC_23682
/usr/bin/cmake -E cmake_link_script CMakeFiles/cmTC_23682.dir/link.txt --verbose=1
/usr/bin/cc   -W -Wall -pedantic -Wbad-function-cast -Wconversion -Winline -Wmissing-declarations -Wmissing-prototypes -Wnested-externs -Wno-long-long -Wno-multichar -Wpointer-arith -Wshadow -Wsign-compare -Wundef -Wunused -Wwrite-strings -Wcast-align -Wdeclaration-after-statement -Wempty-body -Wendif-labels -Wfloat-equal -Wignored-qualifiers -Wno-format-nonliteral -Wno-sign-conversion -Wno-system-headers -Wstrict-prototypes -Wtype-limits -Wvla -Wmissing-parameter-type -Wold-style-declaration -Wstrict-aliasing=3 -Wformat=2 -Warray-bounds=2 -ftree-vrp -Wduplicated-cond -Wnull-dereference -fdelete-null-pointer-checks -Wshift-negative-value -Wshift-overflow=2 -Walloc-zero -Wduplicated-branches -Wformat-overflow=2 -Wformat-truncation=1 -Wrestrict -Warith-conversion -Wdouble-promotion -Wenum-conversion -Wunused-const-variable  CMakeFiles/cmTC_23682.dir/CheckSymbolExists.c.o -o cmTC_23682 
gmake[1]: Leaving directory '/workspace/build/CMakeFiles/CMakeScratch/TryCompile-crzlkE'


File CheckSymbolExists.c:
/* */
#include <inttypes.h>
#include <sys/wait.h>
#include <sys/ioctl.h>
#include <sys/param.h>
#include <sys/poll.h>
#include <sys/resource.h>
#include <sys/select.h>
#include <sys/socket.h>
#include <sys/stat.h>
#include <sys/time.h>
#include <sys/types.h>
#include <sys/un.h>
#include <sys/xattr.h>
#include <arpa/inet.h>
#include <fcntl.h>
#include <ifaddrs.h>
#include <libgen.h>
#include <locale.h>
#include <net/if.h>
#include <netdb.h>
#include <netinet/in.h>
#include <netinet/tcp.h>
#include <netinet/udp.h>
#include <poll.h>
#include <pwd.h>
#include <stdatomic.h>
#include <stdbool.h>
#include <stdint.h>
#include <strings.h>
#include <termio.h>
#include <termios.h>
#include <unistd.h>
#include <utime.h>

int main(int argc, char** argv)
{
  (void)argv;
#ifndef getpwuid
  return ((int*)(&getpwuid))[argc];
#else
  (void)argc;
  return 0;
#endif
}
Determining if the getpwuid_r exist passed with the following output:
Change Dir: /workspace/build/CMakeFiles/CMakeScratch/TryCompile-ju8PP4

Run Build Command(s):/usr/bin/gmake -f Makefile cmTC_7d7e2/fast && /usr/bin/gmake  -f CMakeFiles/cmTC_7d7e2.dir/build.make CMakeFiles/cmTC_7d7e2.dir/build
gmake[1]: Entering directory '/workspace/build/CMakeFiles/CMakeScratch/TryCompile-ju8PP4'
Building C object CMakeFiles/cmTC_7d7e2.dir/CheckSymbolExists.c.o
/usr/bin/cc   -W -Wall -pedantic -Wbad-function-cast -Wconversion -Winline -Wmissing-declarations -Wmissing-prototypes -Wnested-externs -Wno-long-long -Wno-multichar -Wpointer-arith -Wshadow -Wsign-compare -Wundef -Wunused -Wwrite-strings -Wcast-align -Wdeclaration-after-statement -Wempty-body -Wendif-labels -Wfloat-equal -Wignored-qualifiers -Wno-format-nonliteral -Wno-sign-conversion -Wno-system-headers -Wstrict-prototypes -Wtype-limits -Wvla -Wmissing-parameter-type -Wold-style-declaration -Wstrict-aliasing=3 -Wformat=2 -Warray-bounds=2 -ftree-vrp -Wduplicated-cond -Wnull-dereference -fdelete-null-pointer-checks -Wshift-negative-value -Wshift-overflow=2 -Walloc-zero -Wduplicated-branches -Wformat-overflow=2 -Wformat-truncation=1 -Wrestrict -Warith-conversion -Wdouble-promotion -Wenum-conversion -Wunused-const-variable  -o CMakeFiles/cmTC_7d7e2.dir/CheckSymbolExists.c.o -c /workspace/build/CMakeFiles/CMakeScratch/TryCompile-ju8PP4/CheckSymbolExists.c
/workspace/build/CMakeFiles/CMakeScratch/TryCompile-ju8PP4/CheckSymbolExists.c: In function ‘main’:
/workspace/build/CMakeFiles/CMakeScratch/TryCompile-ju8PP4/CheckSymbolExists.c:40:11: warning: ISO C forbids conversion of function pointer to object pointer type [-Wpedantic]
   40 |   return ((int*)(&getpwuid_r))[argc];
      |           ^
Linking C executable cmTC_7d7e2
/usr/bin/cmake -E cmake_link_script CMakeFiles/cmTC_7d7e2.dir/link.txt --verbose=1
/usr/bin/cc   -W -Wall -pedantic -Wbad-function-cast -Wconversion -Winline -Wmissing-declarations -Wmissing-prototypes -Wnested-externs -Wno-long-long -Wno-multichar -Wpointer-arith -Wshadow -Wsign-compare -Wundef -Wunused -Wwrite-strings -Wcast-align -Wdeclaration-after-statement -Wempty-body -Wendif-labels -Wfloat-equal -Wignored-qualifiers -Wno-format-nonliteral -Wno-sign-conversion -Wno-system-headers -Wstrict-prototypes -Wtype-limits -Wvla -Wmissing-parameter-type -Wold-style-declaration -Wstrict-aliasing=3 -Wformat=2 -Warray-bounds=2 -ftree-vrp -Wduplicated-cond -Wnull-dereference -fdelete-null-pointer-checks -Wshift-negative-value -Wshift-overflow=2 -Walloc-zero -Wduplicated-branches -Wformat-overflow=2 -Wformat-truncation=1 -Wrestrict -Warith-conversion -Wdouble-promotion -Wenum-conversion -Wunused-const-variable  CMakeFiles/cmTC_7d7e2.dir/CheckSymbolExists.c.o -o cmTC_7d7e2 
gmake[1]: Leaving directory '/workspace/build/CMakeFiles/CMakeScratch/TryCompile-ju8PP4'


File CheckSymbolExists.c:
/* */
#include <inttypes.h>
#include <sys/wait.h>
#include <sys/ioctl.h>
#include <sys/param.h>
#include <sys/poll.h>
#include <sys/resource.h>
#include <sys/select.h>
#include <sys/socket.h>
#include <sys/stat.h>
#include <sys/time.h>
#include <sys/types.h>
#include <sys/un.h>
#include <sys/xattr.h>
#include <arpa/inet.h>
#include <fcntl.h>
#include <ifaddrs.h>
#include <libgen.h>
#include <locale.h>
#include <net/if.h>
#include <netdb.h>
#include <netinet/in.h>
#include <netinet/tcp.h>
#include <netinet/udp.h>
#include <poll.h>
#include <pwd.h>
#include <stdatomic.h>
#include <stdbool.h>
#include <stdint.h>
#include <strings.h>
#include <termio.h>
#include <termios.h>
#include <unistd.h>
#include <utime.h>

int main(int argc, char** argv)
{
  (void)argv;
#ifndef getpwuid_r
  return ((int*)(&getpwuid_r))[argc];
#else
  (void)argc;
  return 0;
#endif
}
Determining if the geteuid exist passed with the following output:
Change Dir: /workspace/build/CMakeFiles/CMakeScratch/TryCompile-5ivzbz

Run Build Command(s):/usr/bin/gmake -f Makefile cmTC_6ea20/fast && /usr/bin/gmake  -f CMakeFiles/cmTC_6ea20.dir/build.make CMakeFiles/cmTC_6ea20.dir/build
gmake[1]: Entering directory '/workspace/build/CMakeFiles/CMakeScratch/TryCompile-5ivzbz'
Building C object CMakeFiles/cmTC_6ea20.dir/CheckSymbolExists.c.o
/usr/bin/cc   -W -Wall -pedantic -Wbad-function-cast -Wconversion -Winline -Wmissing-declarations -Wmissing-prototypes -Wnested-externs -Wno-long-long -Wno-multichar -Wpointer-arith -Wshadow -Wsign-compare -Wundef -Wunused -Wwrite-strings -Wcast-align -Wdeclaration-after-statement -Wempty-body -Wendif-labels -Wfloat-equal -Wignored-qualifiers -Wno-format-nonliteral -Wno-sign-conversion -Wno-system-headers -Wstrict-prototypes -Wtype-limits -Wvla -Wmissing-parameter-type -Wold-style-declaration -Wstrict-aliasing=3 -Wformat=2 -Warray-bounds=2 -ftree-vrp -Wduplicated-cond -Wnull-dereference -fdelete-null-pointer-checks -Wshift-negative-value -Wshift-overflow=2 -Walloc-zero -Wduplicated-branches -Wformat-overflow=2 -Wformat-truncation=1 -Wrestrict -Warith-conversion -Wdouble-promotion -Wenum-conversion -Wunused-const-variable  -o CMakeFiles/cmTC_6ea20.dir/CheckSymbolExists.c.o -c /workspace/build/CMakeFiles/CMakeScratch/TryCompile-5ivzbz/CheckSymbolExists.c
/workspace/build/CMakeFiles/CMakeScratch/TryCompile-5ivzbz/CheckSymbolExists.c: In function ‘main’:
/workspace/build/CMakeFiles/CMakeScratch/TryCompile-5ivzbz/CheckSymbolExists.c:40:11: warning: ISO C forbids conversion of function pointer to object pointer type [-Wpedantic]
   40 |   return ((int*)(&geteuid))[argc];
      |           ^
Linking C executable cmTC_6ea20
/usr/bin/cmake -E cmake_link_script CMakeFiles/cmTC_6ea20.dir/link.txt --verbose=1
/usr/bin/cc   -W -Wall -pedantic -Wbad-function-cast -Wconversion -Winline -Wmissing-declarations -Wmissing-prototypes -Wnested-externs -Wno-long-long -Wno-multichar -Wpointer-arith -Wshadow -Wsign-compare -Wundef -Wunused -Wwrite-strings -Wcast-align -Wdeclaration-after-statement -Wempty-body -Wendif-labels -Wfloat-equal -Wignored-qualifiers -Wno-format-nonliteral -Wno-sign-conversion -Wno-system-headers -Wstrict-prototypes -Wtype-limits -Wvla -Wmissing-parameter-type -Wold-style-declaration -Wstrict-aliasing=3 -Wformat=2 -Warray-bounds=2 -ftree-vrp -Wduplicated-cond -Wnull-dereference -fdelete-null-pointer-checks -Wshift-negative-value -Wshift-overflow=2 -Walloc-zero -Wduplicated-branches -Wformat-overflow=2 -Wformat-truncation=1 -Wrestrict -Warith-conversion -Wdouble-promotion -Wenum-conversion -Wunused-const-variable  CMakeFiles/cmTC_6ea20.dir/CheckSymbolExists.c.o -o cmTC_6ea20 
gmake[1]: Leaving directory '/workspace/build/CMakeFiles/CMakeScratch/TryCompile-5ivzbz'


File CheckSymbolExists.c:
/* */
#include <inttypes.h>
#include <sys/wait.h>
#include <sys/ioctl.h>
#include <sys/param.h>
#include <sys/poll.h>
#include <sys/resource.h>
#include <sys/select.h>
#include <sys/socket.h>
#include <sys/stat.h>
#include <sys/time.h>
#include <sys/types.h>
#include <sys/un.h>
#include <sys/xattr.h>
#include <arpa/inet.h>
#include <fcntl.h>
#include <ifaddrs.h>
#include <libgen.h>
#include <locale.h>
#include <net/if.h>
#include <netdb.h>
#include <netinet/in.h>
#include <netinet/tcp.h>
#include <netinet/udp.h>
#include <poll.h>
#include <pwd.h>
#include <stdatomic.h>
#include <stdbool.h>
#include <stdint.h>
#include <strings.h>
#include <termio.h>
#include <termios.h>
#include <unistd.h>
#include <utime.h>

int main(int argc, char** argv)
{
  (void)argv;
#ifndef geteuid
  return ((int*)(&geteuid))[argc];
#else
  (void)argc;
  return 0;
#endif
}
Determining if the utime exist passed with the following output:
Change Dir: /workspace/build/CMakeFiles/CMakeScratch/TryCompile-yiyxPi

Run Build Command(s):/usr/bin/gmake -f Makefile cmTC_93785/fast && /usr/bin/gmake  -f CMakeFiles/cmTC_93785.dir/build.make CMakeFiles/cmTC_93785.dir/build
gmake[1]: Entering directory '/workspace/build/CMakeFiles/CMakeScratch/TryCompile-yiyxPi'
Building C object CMakeFiles/cmTC_93785.dir/CheckSymbolExists.c.o
/usr/bin/cc   -W -Wall -pedantic -Wbad-function-cast -Wconversion -Winline -Wmissing-declarations -Wmissing-prototypes -Wnested-externs -Wno-long-long -Wno-multichar -Wpointer-arith -Wshadow -Wsign-compare -Wundef -Wunused -Wwrite-strings -Wcast-align -Wdeclaration-after-statement -Wempty-body -Wendif-labels -Wfloat-equal -Wignored-qualifiers -Wno-format-nonliteral -Wno-sign-conversion -Wno-system-headers -Wstrict-prototypes -Wtype-limits -Wvla -Wmissing-parameter-type -Wold-style-declaration -Wstrict-aliasing=3 -Wformat=2 -Warray-bounds=2 -ftree-vrp -Wduplicated-cond -Wnull-dereference -fdelete-null-pointer-checks -Wshift-negative-value -Wshift-overflow=2 -Walloc-zero -Wduplicated-branches -Wformat-overflow=2 -Wformat-truncation=1 -Wrestrict -Warith-conversion -Wdouble-promotion -Wenum-conversion -Wunused-const-variable  -o CMakeFiles/cmTC_93785.dir/CheckSymbolExists.c.o -c /workspace/build/CMakeFiles/CMakeScratch/TryCompile-yiyxPi/CheckSymbolExists.c
/workspace/build/CMakeFiles/CMakeScratch/TryCompile-yiyxPi/CheckSymbolExists.c: In function ‘main’:
/workspace/build/CMakeFiles/CMakeScratch/TryCompile-yiyxPi/CheckSymbolExists.c:40:11: warning: ISO C forbids conversion of function pointer to object pointer type [-Wpedantic]
   40 |   return ((int*)(&utime))[argc];
      |           ^
Linking C executable cmTC_93785
/usr/bin/cmake -E cmake_link_script CMakeFiles/cmTC_93785.dir/link.txt --verbose=1
/usr/bin/cc   -W -Wall -pedantic -Wbad-function-cast -Wconversion -Winline -Wmissing-declarations -Wmissing-prototypes -Wnested-externs -Wno-long-long -Wno-multichar -Wpointer-arith -Wshadow -Wsign-compare -Wundef -Wunused -Wwrite-strings -Wcast-align -Wdeclaration-after-statement -Wempty-body -Wendif-labels -Wfloat-equal -Wignored-qualifiers -Wno-format-nonliteral -Wno-sign-conversion -Wno-system-headers -Wstrict-prototypes -Wtype-limits -Wvla -Wmissing-parameter-type -Wold-style-declaration -Wstrict-aliasing=3 -Wformat=2 -Warray-bounds=2 -ftree-vrp -Wduplicated-cond -Wnull-dereference -fdelete-null-pointer-checks -Wshift-negative-value -Wshift-overflow=2 -Walloc-zero -Wduplicated-branches -Wformat-overflow=2 -Wformat-truncation=1 -Wrestrict -Warith-conversion -Wdouble-promotion -Wenum-conversion -Wunused-const-variable  CMakeFiles/cmTC_93785.dir/CheckSymbolExists.c.o -o cmTC_93785 
gmake[1]: Leaving directory '/workspace/build/CMakeFiles/CMakeScratch/TryCompile-yiyxPi'


File CheckSymbolExists.c:
/* */
#include <inttypes.h>
#include <sys/wait.h>
#include <sys/ioctl.h>
#include <sys/param.h>
#include <sys/poll.h>
#include <sys/resource.h>
#include <sys/select.h>
#include <sys/socket.h>
#include <sys/stat.h>
#include <sys/time.h>
#include <sys/types.h>
#include <sys/un.h>
#include <sys/xattr.h>
#include <arpa/inet.h>
#include <fcntl.h>
#include <ifaddrs.h>
#include <libgen.h>
#include <locale.h>
#include <net/if.h>
#include <netdb.h>
#include <netinet/in.h>
#include <netinet/tcp.h>
#include <netinet/udp.h>
#include <poll.h>
#include <pwd.h>
#include <stdatomic.h>
#include <stdbool.h>
#include <stdint.h>
#include <strings.h>
#include <termio.h>
#include <termios.h>
#include <unistd.h>
#include <utime.h>

int main(int argc, char** argv)
{
  (void)argv;
#ifndef utime
  return ((int*)(&utime))[argc];
#else
  (void)argc;
  return 0;
#endif
}
Determining if the gmtime_r exist passed with the following output:
Change Dir: /workspace/build/CMakeFiles/CMakeScratch/TryCompile-N7FPvH

Run Build Command(s):/usr/bin/gmake -f Makefile cmTC_c44de/fast && /usr/bin/gmake  -f CMakeFiles/cmTC_c44de.dir/build.make CMakeFiles/cmTC_c44de.dir/build
gmake[1]: Entering directory '/workspace/build/CMakeFiles/CMakeScratch/TryCompile-N7FPvH'
Building C object CMakeFiles/cmTC_c44de.dir/CheckSymbolExists.c.o
/usr/bin/cc   -W -Wall -pedantic -Wbad-function-cast -Wconversion -Winline -Wmissing-declarations -Wmissing-prototypes -Wnested-externs -Wno-long-long -Wno-multichar -Wpointer-arith -Wshadow -Wsign-compare -Wundef -Wunused -Wwrite-strings -Wcast-align -Wdeclaration-after-statement -Wempty-body -Wendif-labels -Wfloat-equal -Wignored-qualifiers -Wno-format-nonliteral -Wno-sign-conversion -Wno-system-headers -Wstrict-prototypes -Wtype-limits -Wvla -Wmissing-parameter-type -Wold-style-declaration -Wstrict-aliasing=3 -Wformat=2 -Warray-bounds=2 -ftree-vrp -Wduplicated-cond -Wnull-dereference -fdelete-null-pointer-checks -Wshift-negative-value -Wshift-overflow=2 -Walloc-zero -Wduplicated-branches -Wformat-overflow=2 -Wformat-truncation=1 -Wrestrict -Warith-conversion -Wdouble-promotion -Wenum-conversion -Wunused-const-variable  -o CMakeFiles/cmTC_c44de.dir/CheckSymbolExists.c.o -c /workspace/build/CMakeFiles/CMakeScratch/TryCompile-N7FPvH/CheckSymbolExists.c
/workspace/build/CMakeFiles/CMakeScratch/TryCompile-N7FPvH/CheckSymbolExists.c: In function ‘main’:
/workspace/build/CMakeFiles/CMakeScratch/TryCompile-N7FPvH/CheckSymbolExists.c:42:11: warning: ISO C forbids conversion of function pointer to object pointer type [-Wpedantic]
   42 |   return ((int*)(&gmtime_r))[argc];
      |           ^
Linking C executable cmTC_c44de
/usr/bin/cmake -E cmake_link_script CMakeFiles/cmTC_c44de.dir/link.txt --verbose=1
/usr/bin/cc   -W -Wall -pedantic -Wbad-function-cast -Wconversion -Winline -Wmissing-declarations -Wmissing-prototypes -Wnested-externs -Wno-long-long -Wno-multichar -Wpointer-arith -Wshadow -Wsign-compare -Wundef -Wunused -Wwrite-strings -Wcast-align -Wdeclaration-after-statement -Wempty-body -Wendif-labels -Wfloat-equal -Wignored-qualifiers -Wno-format-nonliteral -Wno-sign-conversion -Wno-system-headers -Wstrict-prototypes -Wtype-limits -Wvla -Wmissing-parameter-type -Wold-style-declaration -Wstrict-aliasing=3 -Wformat=2 -Warray-bounds=2 -ftree-vrp -Wduplicated-cond -Wnull-dereference -fdelete-null-pointer-checks -Wshift-negative-value -Wshift-overflow=2 -Walloc-zero -Wduplicated-branches -Wformat-overflow=2 -Wformat-truncation=1 -Wrestrict -Warith-conversion -Wdouble-promotion -Wenum-conversion -Wunused-const-variable  CMakeFiles/cmTC_c44de.dir/CheckSymbolExists.c.o -o cmTC_c44de 
gmake[1]: Leaving directory '/workspace/build/CMakeFiles/CMakeScratch/TryCompile-N7FPvH'


File CheckSymbolExists.c:
/* */
#include <inttypes.h>
#include <sys/wait.h>
#include <sys/ioctl.h>
#include <sys/param.h>
#include <sys/poll.h>
#include <sys/resource.h>
#include <sys/select.h>
#include <sys/socket.h>
#include <sys/stat.h>
#include <sys/time.h>
#include <sys/types.h>
#include <sys/un.h>
#include <sys/xattr.h>
#include <arpa/inet.h>
#include <fcntl.h>
#include <ifaddrs.h>
#include <libgen.h>
#include <locale.h>
#include <net/if.h>
#include <netdb.h>
#include <netinet/in.h>
#include <netinet/tcp.h>
#include <netinet/udp.h>
#include <poll.h>
#include <pwd.h>
#include <stdatomic.h>
#include <stdbool.h>
#include <stdint.h>
#include <strings.h>
#include <termio.h>
#include <termios.h>
#include <unistd.h>
#include <utime.h>
#include <stdlib.h>
#include <time.h>

int main(int argc, char** argv)
{
  (void)argv;
#ifndef gmtime_r
  return ((int*)(&gmtime_r))[argc];
#else
  (void)argc;
  return 0;
#endif
}
Determining if the gethostbyname_r exist passed with the following output:
Change Dir: /workspace/build/CMakeFiles/CMakeScratch/TryCompile-ISBBXQ

Run Build Command(s):/usr/bin/gmake -f Makefile cmTC_e3dc9/fast && /usr/bin/gmake  -f CMakeFiles/cmTC_e3dc9.dir/build.make CMakeFiles/cmTC_e3dc9.dir/build
gmake[1]: Entering directory '/workspace/build/CMakeFiles/CMakeScratch/TryCompile-ISBBXQ'
Building C object CMakeFiles/cmTC_e3dc9.dir/CheckSymbolExists.c.o
/usr/bin/cc   -W -Wall -pedantic -Wbad-function-cast -Wconversion -Winline -Wmissing-declarations -Wmissing-prototypes -Wnested-externs -Wno-long-long -Wno-multichar -Wpointer-arith -Wshadow -Wsign-compare -Wundef -Wunused -Wwrite-strings -Wcast-align -Wdeclaration-after-statement -Wempty-body -Wendif-labels -Wfloat-equal -Wignored-qualifiers -Wno-format-nonliteral -Wno-sign-conversion -Wno-system-headers -Wstrict-prototypes -Wtype-limits -Wvla -Wmissing-parameter-type -Wold-style-declaration -Wstrict-aliasing=3 -Wformat=2 -Warray-bounds=2 -ftree-vrp -Wduplicated-cond -Wnull-dereference -fdelete-null-pointer-checks -Wshift-negative-value -Wshift-overflow=2 -Walloc-zero -Wduplicated-branches -Wformat-overflow=2 -Wformat-truncation=1 -Wrestrict -Warith-conversion -Wdouble-promotion -Wenum-conversion -Wunused-const-variable  -o CMakeFiles/cmTC_e3dc9.dir/CheckSymbolExists.c.o -c /workspace/build/CMakeFiles/CMakeScratch/TryCompile-ISBBXQ/CheckSymbolExists.c
/workspace/build/CMakeFiles/CMakeScratch/TryCompile-ISBBXQ/CheckSymbolExists.c: In function ‘main’:
/workspace/build/CMakeFiles/CMakeScratch/TryCompile-ISBBXQ/CheckSymbolExists.c:40:11: warning: ISO C forbids conversion of function pointer to object pointer type [-Wpedantic]
   40 |   return ((int*)(&gethostbyname_r))[argc];
      |           ^
Linking C executable cmTC_e3dc9
/usr/bin/cmake -E cmake_link_script CMakeFiles/cmTC_e3dc9.dir/link.txt --verbose=1
/usr/bin/cc   -W -Wall -pedantic -Wbad-function-cast -Wconversion -Winline -Wmissing-declarations -Wmissing-prototypes -Wnested-externs -Wno-long-long -Wno-multichar -Wpointer-arith -Wshadow -Wsign-compare -Wundef -Wunused -Wwrite-strings -Wcast-align -Wdeclaration-after-statement -Wempty-body -Wendif-labels -Wfloat-equal -Wignored-qualifiers -Wno-format-nonliteral -Wno-sign-conversion -Wno-system-headers -Wstrict-prototypes -Wtype-limits -Wvla -Wmissing-parameter-type -Wold-style-declaration -Wstrict-aliasing=3 -Wformat=2 -Warray-bounds=2 -ftree-vrp -Wduplicated-cond -Wnull-dereference -fdelete-null-pointer-checks -Wshift-negative-value -Wshift-overflow=2 -Walloc-zero -Wduplicated-branches -Wformat-overflow=2 -Wformat-truncation=1 -Wrestrict -Warith-conversion -Wdouble-promotion -Wenum-conversion -Wunused-const-variable  CMakeFiles/cmTC_e3dc9.dir/CheckSymbolExists.c.o -o cmTC_e3dc9 
gmake[1]: Leaving directory '/workspace/build/CMakeFiles/CMakeScratch/TryCompile-ISBBXQ'


File CheckSymbolExists.c:
/* */
#include <inttypes.h>
#include <sys/wait.h>
#include <sys/ioctl.h>
#include <sys/param.h>
#include <sys/poll.h>
#include <sys/resource.h>
#include <sys/select.h>
#include <sys/socket.h>
#include <sys/stat.h>
#include <sys/time.h>
#include <sys/types.h>
#include <sys/un.h>
#include <sys/xattr.h>
#include <arpa/inet.h>
#include <fcntl.h>
#include <ifaddrs.h>
#include <libgen.h>
#include <locale.h>
#include <net/if.h>
#include <netdb.h>
#include <netinet/in.h>
#include <netinet/tcp.h>
#include <netinet/udp.h>
#include <poll.h>
#include <pwd.h>
#include <stdatomic.h>
#include <stdbool.h>
#include <stdint.h>
#include <strings.h>
#include <termio.h>
#include <termios.h>
#include <unistd.h>
#include <utime.h>

int main(int argc, char** argv)
{
  (void)argv;
#ifndef gethostbyname_r
  return ((int*)(&gethostbyname_r))[argc];
#else
  (void)argc;
  return 0;
#endif
}
Determining if the signal exist passed with the following output:
Change Dir: /workspace/build/CMakeFiles/CMakeScratch/TryCompile-usn7z5

Run Build Command(s):/usr/bin/gmake -f Makefile cmTC_1ea28/fast && /usr/bin/gmake  -f CMakeFiles/cmTC_1ea28.dir/build.make CMakeFiles/cmTC_1ea28.dir/build
gmake[1]: Entering directory '/workspace/build/CMakeFiles/CMakeScratch/TryCompile-usn7z5'
Building C object CMakeFiles/cmTC_1ea28.dir/CheckSymbolExists.c.o
/usr/bin/cc   -W -Wall -pedantic -Wbad-function-cast -Wconversion -Winline -Wmissing-declarations -Wmissing-prototypes -Wnested-externs -Wno-long-long -Wno-multichar -Wpointer-arith -Wshadow -Wsign-compare -Wundef -Wunused -Wwrite-strings -Wcast-align -Wdeclaration-after-statement -Wempty-body -Wendif-labels -Wfloat-equal -Wignored-qualifiers -Wno-format-nonliteral -Wno-sign-conversion -Wno-system-headers -Wstrict-prototypes -Wtype-limits -Wvla -Wmissing-parameter-type -Wold-style-declaration -Wstrict-aliasing=3 -Wformat=2 -Warray-bounds=2 -ftree-vrp -Wduplicated-cond -Wnull-dereference -fdelete-null-pointer-checks -Wshift-negative-value -Wshift-overflow=2 -Walloc-zero -Wduplicated-branches -Wformat-overflow=2 -Wformat-truncation=1 -Wrestrict -Warith-conversion -Wdouble-promotion -Wenum-conversion -Wunused-const-variable  -o CMakeFiles/cmTC_1ea28.dir/CheckSymbolExists.c.o -c /workspace/build/CMakeFiles/CMakeScratch/TryCompile-usn7z5/CheckSymbolExists.c
/workspace/build/CMakeFiles/CMakeScratch/TryCompile-usn7z5/CheckSymbolExists.c: In function ‘main’:
/workspace/build/CMakeFiles/CMakeScratch/TryCompile-usn7z5/CheckSymbolExists.c:41:11: warning: ISO C forbids conversion of function pointer to object pointer type [-Wpedantic]
   41 |   return ((int*)(&signal))[argc];
      |           ^
Linking C executable cmTC_1ea28
/usr/bin/cmake -E cmake_link_script CMakeFiles/cmTC_1ea28.dir/link.txt --verbose=1
/usr/bin/cc   -W -Wall -pedantic -Wbad-function-cast -Wconversion -Winline -Wmissing-declarations -Wmissing-prototypes -Wnested-externs -Wno-long-long -Wno-multichar -Wpointer-arith -Wshadow -Wsign-compare -Wundef -Wunused -Wwrite-strings -Wcast-align -Wdeclaration-after-statement -Wempty-body -Wendif-labels -Wfloat-equal -Wignored-qualifiers -Wno-format-nonliteral -Wno-sign-conversion -Wno-system-headers -Wstrict-prototypes -Wtype-limits -Wvla -Wmissing-parameter-type -Wold-style-declaration -Wstrict-aliasing=3 -Wformat=2 -Warray-bounds=2 -ftree-vrp -Wduplicated-cond -Wnull-dereference -fdelete-null-pointer-checks -Wshift-negative-value -Wshift-overflow=2 -Walloc-zero -Wduplicated-branches -Wformat-overflow=2 -Wformat-truncation=1 -Wrestrict -Warith-conversion -Wdouble-promotion -Wenum-conversion -Wunused-const-variable  CMakeFiles/cmTC_1ea28.dir/CheckSymbolExists.c.o -o cmTC_1ea28 
gmake[1]: Leaving directory '/workspace/build/CMakeFiles/CMakeScratch/TryCompile-usn7z5'


File CheckSymbolExists.c:
/* */
#include <inttypes.h>
#include <sys/wait.h>
#include <sys/ioctl.h>
#include <sys/param.h>
#include <sys/poll.h>
#include <sys/resource.h>
#include <sys/select.h>
#include <sys/socket.h>
#include <sys/stat.h>
#include <sys/time.h>
#include <sys/types.h>
#include <sys/un.h>
#include <sys/xattr.h>
#include <arpa/inet.h>
#include <fcntl.h>
#include <ifaddrs.h>
#include <libgen.h>
#include <locale.h>
#include <net/if.h>
#include <netdb.h>
#include <netinet/in.h>
#include <netinet/tcp.h>
#include <netinet/udp.h>
#include <poll.h>
#include <pwd.h>
#include <stdatomic.h>
#include <stdbool.h>
#include <stdint.h>
#include <strings.h>
#include <termio.h>
#include <termios.h>
#include <unistd.h>
#include <utime.h>
#include <signal.h>

int main(int argc, char** argv)
{
  (void)argv;
#ifndef signal
  return ((int*)(&signal))[argc];
#else
  (void)argc;
  return 0;
#endif
}
Determining if the strtoll exist passed with the following output:
Change Dir: /workspace/build/CMakeFiles/CMakeScratch/TryCompile-2GGvcy

Run Build Command(s):/usr/bin/gmake -f Makefile cmTC_a4342/fast && /usr/bin/gmake  -f CMakeFiles/cmTC_a4342.dir/build.make CMakeFiles/cmTC_a4342.dir/build
gmake[1]: Entering directory '/workspace/build/CMakeFiles/CMakeScratch/TryCompile-2GGvcy'
Building C object CMakeFiles/cmTC_a4342.dir/CheckSymbolExists.c.o
/usr/bin/cc   -W -Wall -pedantic -Wbad-function-cast -Wconversion -Winline -Wmissing-declarations -Wmissing-prototypes -Wnested-externs -Wno-long-long -Wno-multichar -Wpointer-arith -Wshadow -Wsign-compare -Wundef -Wunused -Wwrite-strings -Wcast-align -Wdeclaration-after-statement -Wempty-body -Wendif-labels -Wfloat-equal -Wignored-qualifiers -Wno-format-nonliteral -Wno-sign-conversion -Wno-system-headers -Wstrict-prototypes -Wtype-limits -Wvla -Wmissing-parameter-type -Wold-style-declaration -Wstrict-aliasing=3 -Wformat=2 -Warray-bounds=2 -ftree-vrp -Wduplicated-cond -Wnull-dereference -fdelete-null-pointer-checks -Wshift-negative-value -Wshift-overflow=2 -Walloc-zero -Wduplicated-branches -Wformat-overflow=2 -Wformat-truncation=1 -Wrestrict -Warith-conversion -Wdouble-promotion -Wenum-conversion -Wunused-const-variable  -o CMakeFiles/cmTC_a4342.dir/CheckSymbolExists.c.o -c /workspace/build/CMakeFiles/CMakeScratch/TryCompile-2GGvcy/CheckSymbolExists.c
/workspace/build/CMakeFiles/CMakeScratch/TryCompile-2GGvcy/CheckSymbolExists.c: In function ‘main’:
/workspace/build/CMakeFiles/CMakeScratch/TryCompile-2GGvcy/CheckSymbolExists.c:41:11: warning: ISO C forbids conversion of function pointer to object pointer type [-Wpedantic]
   41 |   return ((int*)(&strtoll))[argc];
      |           ^
Linking C executable cmTC_a4342
/usr/bin/cmake -E cmake_link_script CMakeFiles/cmTC_a4342.dir/link.txt --verbose=1
/usr/bin/cc   -W -Wall -pedantic -Wbad-function-cast -Wconversion -Winline -Wmissing-declarations -Wmissing-prototypes -Wnested-externs -Wno-long-long -Wno-multichar -Wpointer-arith -Wshadow -Wsign-compare -Wundef -Wunused -Wwrite-strings -Wcast-align -Wdeclaration-after-statement -Wempty-body -Wendif-labels -Wfloat-equal -Wignored-qualifiers -Wno-format-nonliteral -Wno-sign-conversion -Wno-system-headers -Wstrict-prototypes -Wtype-limits -Wvla -Wmissing-parameter-type -Wold-style-declaration -Wstrict-aliasing=3 -Wformat=2 -Warray-bounds=2 -ftree-vrp -Wduplicated-cond -Wnull-dereference -fdelete-null-pointer-checks -Wshift-negative-value -Wshift-overflow=2 -Walloc-zero -Wduplicated-branches -Wformat-overflow=2 -Wformat-truncation=1 -Wrestrict -Warith-conversion -Wdouble-promotion -Wenum-conversion -Wunused-const-variable  CMakeFiles/cmTC_a4342.dir/CheckSymbolExists.c.o -o cmTC_a4342 
gmake[1]: Leaving directory '/workspace/build/CMakeFiles/CMakeScratch/TryCompile-2GGvcy'


File CheckSymbolExists.c:
/* */
#include <inttypes.h>
#include <sys/wait.h>
#include <sys/ioctl.h>
#include <sys/param.h>
#include <sys/poll.h>
#include <sys/resource.h>
#include <sys/select.h>
#include <sys/socket.h>
#include <sys/stat.h>
#include <sys/time.h>
#include <sys/types.h>
#include <sys/un.h>
#include <sys/xattr.h>
#include <arpa/inet.h>
#include <fcntl.h>
#include <ifaddrs.h>
#include <libgen.h>
#include <locale.h>
#include <net/if.h>
#include <netdb.h>
#include <netinet/in.h>
#include <netinet/tcp.h>
#include <netinet/udp.h>
#include <poll.h>
#include <pwd.h>
#include <stdatomic.h>
#include <stdbool.h>
#include <stdint.h>
#include <strings.h>
#include <termio.h>
#include <termios.h>
#include <unistd.h>
#include <utime.h>
#include <stdlib.h>

int main(int argc, char** argv)
{
  (void)argv;
#ifndef strtoll
  return ((int*)(&strtoll))[argc];
#else
  (void)argc;
  return 0;
#endif
}
Determining if the strerror_r exist passed with the following output:
Change Dir: /workspace/build/CMakeFiles/CMakeScratch/TryCompile-T4qAhV

Run Build Command(s):/usr/bin/gmake -f Makefile cmTC_110ba/fast && /usr/bin/gmake  -f CMakeFiles/cmTC_110ba.dir/build.make CMakeFiles/cmTC_110ba.dir/build
gmake[1]: Entering directory '/workspace/build/CMakeFiles/CMakeScratch/TryCompile-T4qAhV'
Building C object CMakeFiles/cmTC_110ba.dir/CheckSymbolExists.c.o
/usr/bin/cc   -W -Wall -pedantic -Wbad-function-cast -Wconversion -Winline -Wmissing-declarations -Wmissing-prototypes -Wnested-externs -Wno-long-long -Wno-multichar -Wpointer-arith -Wshadow -Wsign-compare -Wundef -Wunused -Wwrite-strings -Wcast-align -Wdeclaration-after-statement -Wempty-body -Wendif-labels -Wfloat-equal -Wignored-qualifiers -Wno-format-nonliteral -Wno-sign-conversion -Wno-system-headers -Wstrict-prototypes -Wtype-limits -Wvla -Wmissing-parameter-type -Wold-style-declaration -Wstrict-aliasing=3 -Wformat=2 -Warray-bounds=2 -ftree-vrp -Wduplicated-cond -Wnull-dereference -fdelete-null-pointer-checks -Wshift-negative-value -Wshift-overflow=2 -Walloc-zero -Wduplicated-branches -Wformat-overflow=2 -Wformat-truncation=1 -Wrestrict -Warith-conversion -Wdouble-promotion -Wenum-conversion -Wunused-const-variable  -o CMakeFiles/cmTC_110ba.dir/CheckSymbolExists.c.o -c /workspace/build/CMakeFiles/CMakeScratch/TryCompile-T4qAhV/CheckSymbolExists.c
/workspace/build/CMakeFiles/CMakeScratch/TryCompile-T4qAhV/CheckSymbolExists.c: In function ‘main’:
/workspace/build/CMakeFiles/CMakeScratch/TryCompile-T4qAhV/CheckSymbolExists.c:42:11: warning: ISO C forbids conversion of function pointer to object pointer type [-Wpedantic]
   42 |   return ((int*)(&strerror_r))[argc];
      |           ^
Linking C executable cmTC_110ba
/usr/bin/cmake -E cmake_link_script CMakeFiles/cmTC_110ba.dir/link.txt --verbose=1
/usr/bin/cc   -W -Wall -pedantic -Wbad-function-cast -Wconversion -Winline -Wmissing-declarations -Wmissing-prototypes -Wnested-externs -Wno-long-long -Wno-multichar -Wpointer-arith -Wshadow -Wsign-compare -Wundef -Wunused -Wwrite-strings -Wcast-align -Wdeclaration-after-statement -Wempty-body -Wendif-labels -Wfloat-equal -Wignored-qualifiers -Wno-format-nonliteral -Wno-sign-conversion -Wno-system-headers -Wstrict-prototypes -Wtype-limits -Wvla -Wmissing-parameter-type -Wold-style-declaration -Wstrict-aliasing=3 -Wformat=2 -Warray-bounds=2 -ftree-vrp -Wduplicated-cond -Wnull-dereference -fdelete-null-pointer-checks -Wshift-negative-value -Wshift-overflow=2 -Walloc-zero -Wduplicated-branches -Wformat-overflow=2 -Wformat-truncation=1 -Wrestrict -Warith-conversion -Wdouble-promotion -Wenum-conversion -Wunused-const-variable  CMakeFiles/cmTC_110ba.dir/CheckSymbolExists.c.o -o cmTC_110ba 
gmake[1]: Leaving directory '/workspace/build/CMakeFiles/CMakeScratch/TryCompile-T4qAhV'


File CheckSymbolExists.c:
/* */
#include <inttypes.h>
#include <sys/wait.h>
#include <sys/ioctl.h>
#include <sys/param.h>
#include <sys/poll.h>
#include <sys/resource.h>
#include <sys/select.h>
#include <sys/socket.h>
#include <sys/stat.h>
#include <sys/time.h>
#include <sys/types.h>
#include <sys/un.h>
#include <sys/xattr.h>
#include <arpa/inet.h>
#include <fcntl.h>
#include <ifaddrs.h>
#include <libgen.h>
#include <locale.h>
#include <net/if.h>
#include <netdb.h>
#include <netinet/in.h>
#include <netinet/tcp.h>
#include <netinet/udp.h>
#include <poll.h>
#include <pwd.h>
#include <stdatomic.h>
#include <stdbool.h>
#include <stdint.h>
#include <strings.h>
#include <termio.h>
#include <termios.h>
#include <unistd.h>
#include <utime.h>
#include <stdlib.h>
#include <string.h>

int main(int argc, char** argv)
{
  (void)argv;
#ifndef strerror_r
  return ((int*)(&strerror_r))[argc];
#else
  (void)argc;
  return 0;
#endif
}
Determining if the siginterrupt exist passed with the following output:
Change Dir: /workspace/build/CMakeFiles/CMakeScratch/TryCompile-G2gCPY

Run Build Command(s):/usr/bin/gmake -f Makefile cmTC_4ce38/fast && /usr/bin/gmake  -f CMakeFiles/cmTC_4ce38.dir/build.make CMakeFiles/cmTC_4ce38.dir/build
gmake[1]: Entering directory '/workspace/build/CMakeFiles/CMakeScratch/TryCompile-G2gCPY'
Building C object CMakeFiles/cmTC_4ce38.dir/CheckSymbolExists.c.o
/usr/bin/cc   -W -Wall -pedantic -Wbad-function-cast -Wconversion -Winline -Wmissing-declarations -Wmissing-prototypes -Wnested-externs -Wno-long-long -Wno-multichar -Wpointer-arith -Wshadow -Wsign-compare -Wundef -Wunused -Wwrite-strings -Wcast-align -Wdeclaration-after-statement -Wempty-body -Wendif-labels -Wfloat-equal -Wignored-qualifiers -Wno-format-nonliteral -Wno-sign-conversion -Wno-system-headers -Wstrict-prototypes -Wtype-limits -Wvla -Wmissing-parameter-type -Wold-style-declaration -Wstrict-aliasing=3 -Wformat=2 -Warray-bounds=2 -ftree-vrp -Wduplicated-cond -Wnull-dereference -fdelete-null-pointer-checks -Wshift-negative-value -Wshift-overflow=2 -Walloc-zero -Wduplicated-branches -Wformat-overflow=2 -Wformat-truncation=1 -Wrestrict -Warith-conversion -Wdouble-promotion -Wenum-conversion -Wunused-const-variable  -o CMakeFiles/cmTC_4ce38.dir/CheckSymbolExists.c.o -c /workspace/build/CMakeFiles/CMakeScratch/TryCompile-G2gCPY/CheckSymbolExists.c
/workspace/build/CMakeFiles/CMakeScratch/TryCompile-G2gCPY/CheckSymbolExists.c: In function ‘main’:
/workspace/build/CMakeFiles/CMakeScratch/TryCompile-G2gCPY/CheckSymbolExists.c:41:3: warning: ‘siginterrupt’ is deprecated: Use sigaction with SA_RESTART instead [-Wdeprecated-declarations]
   41 |   return ((int*)(&siginterrupt))[argc];
      |   ^~~~~~
In file included from /usr/include/x86_64-linux-gnu/sys/wait.h:36,
                 from /workspace/build/CMakeFiles/CMakeScratch/TryCompile-G2gCPY/CheckSymbolExists.c:3:
/usr/include/signal.h:324:12: note: declared here
  324 | extern int siginterrupt (int __sig, int __interrupt) __THROW
      |            ^~~~~~~~~~~~
/workspace/build/CMakeFiles/CMakeScratch/TryCompile-G2gCPY/CheckSymbolExists.c:41:11: warning: ISO C forbids conversion of function pointer to object pointer type [-Wpedantic]
   41 |   return ((int*)(&siginterrupt))[argc];
      |           ^
Linking C executable cmTC_4ce38
/usr/bin/cmake -E cmake_link_script CMakeFiles/cmTC_4ce38.dir/link.txt --verbose=1
/usr/bin/cc   -W -Wall -pedantic -Wbad-function-cast -Wconversion -Winline -Wmissing-declarations -Wmissing-prototypes -Wnested-externs -Wno-long-long -Wno-multichar -Wpointer-arith -Wshadow -Wsign-compare -Wundef -Wunused -Wwrite-strings -Wcast-align -Wdeclaration-after-statement -Wempty-body -Wendif-labels -Wfloat-equal -Wignored-qualifiers -Wno-format-nonliteral -Wno-sign-conversion -Wno-system-headers -Wstrict-prototypes -Wtype-limits -Wvla -Wmissing-parameter-type -Wold-style-declaration -Wstrict-aliasing=3 -Wformat=2 -Warray-bounds=2 -ftree-vrp -Wduplicated-cond -Wnull-dereference -fdelete-null-pointer-checks -Wshift-negative-value -Wshift-overflow=2 -Walloc-zero -Wduplicated-branches -Wformat-overflow=2 -Wformat-truncation=1 -Wrestrict -Warith-conversion -Wdouble-promotion -Wenum-conversion -Wunused-const-variable  CMakeFiles/cmTC_4ce38.dir/CheckSymbolExists.c.o -o cmTC_4ce38 
gmake[1]: Leaving directory '/workspace/build/CMakeFiles/CMakeScratch/TryCompile-G2gCPY'


File CheckSymbolExists.c:
/* */
#include <inttypes.h>
#include <sys/wait.h>
#include <sys/ioctl.h>
#include <sys/param.h>
#include <sys/poll.h>
#include <sys/resource.h>
#include <sys/select.h>
#include <sys/socket.h>
#include <sys/stat.h>
#include <sys/time.h>
#include <sys/types.h>
#include <sys/un.h>
#include <sys/xattr.h>
#include <arpa/inet.h>
#include <fcntl.h>
#include <ifaddrs.h>
#include <libgen.h>
#include <locale.h>
#include <net/if.h>
#include <netdb.h>
#include <netinet/in.h>
#include <netinet/tcp.h>
#include <netinet/udp.h>
#include <poll.h>
#include <pwd.h>
#include <stdatomic.h>
#include <stdbool.h>
#include <stdint.h>
#include <strings.h>
#include <termio.h>
#include <termios.h>
#include <unistd.h>
#include <utime.h>
#include <signal.h>

int main(int argc, char** argv)
{
  (void)argv;
#ifndef siginterrupt
  return ((int*)(&siginterrupt))[argc];
#else
  (void)argc;
  return 0;
#endif
}
Determining if the getaddrinfo exist passed with the following output:
Change Dir: /workspace/build/CMakeFiles/CMakeScratch/TryCompile-72BMMq

Run Build Command(s):/usr/bin/gmake -f Makefile cmTC_e4ed4/fast && /usr/bin/gmake  -f CMakeFiles/cmTC_e4ed4.dir/build.make CMakeFiles/cmTC_e4ed4.dir/build
gmake[1]: Entering directory '/workspace/build/CMakeFiles/CMakeScratch/TryCompile-72BMMq'
Building C object CMakeFiles/cmTC_e4ed4.dir/CheckSymbolExists.c.o
/usr/bin/cc   -W -Wall -pedantic -Wbad-function-cast -Wconversion -Winline -Wmissing-declarations -Wmissing-prototypes -Wnested-externs -Wno-long-long -Wno-multichar -Wpointer-arith -Wshadow -Wsign-compare -Wundef -Wunused -Wwrite-strings -Wcast-align -Wdeclaration-after-statement -Wempty-body -Wendif-labels -Wfloat-equal -Wignored-qualifiers -Wno-format-nonliteral -Wno-sign-conversion -Wno-system-headers -Wstrict-prototypes -Wtype-limits -Wvla -Wmissing-parameter-type -Wold-style-declaration -Wstrict-aliasing=3 -Wformat=2 -Warray-bounds=2 -ftree-vrp -Wduplicated-cond -Wnull-dereference -fdelete-null-pointer-checks -Wshift-negative-value -Wshift-overflow=2 -Walloc-zero -Wduplicated-branches -Wformat-overflow=2 -Wformat-truncation=1 -Wrestrict -Warith-conversion -Wdouble-promotion -Wenum-conversion -Wunused-const-variable  -o CMakeFiles/cmTC_e4ed4.dir/CheckSymbolExists.c.o -c /workspace/build/CMakeFiles/CMakeScratch/TryCompile-72BMMq/CheckSymbolExists.c
/workspace/build/CMakeFiles/CMakeScratch/TryCompile-72BMMq/CheckSymbolExists.c: In function ‘main’:
/workspace/build/CMakeFiles/CMakeScratch/TryCompile-72BMMq/CheckSymbolExists.c:42:11: warning: ISO C forbids conversion of function pointer to object pointer type [-Wpedantic]
   42 |   return ((int*)(&getaddrinfo))[argc];
      |           ^
Linking C executable cmTC_e4ed4
/usr/bin/cmake -E cmake_link_script CMakeFiles/cmTC_e4ed4.dir/link.txt --verbose=1
/usr/bin/cc   -W -Wall -pedantic -Wbad-function-cast -Wconversion -Winline -Wmissing-declarations -Wmissing-prototypes -Wnested-externs -Wno-long-long -Wno-multichar -Wpointer-arith -Wshadow -Wsign-compare -Wundef -Wunused -Wwrite-strings -Wcast-align -Wdeclaration-after-statement -Wempty-body -Wendif-labels -Wfloat-equal -Wignored-qualifiers -Wno-format-nonliteral -Wno-sign-conversion -Wno-system-headers -Wstrict-prototypes -Wtype-limits -Wvla -Wmissing-parameter-type -Wold-style-declaration -Wstrict-aliasing=3 -Wformat=2 -Warray-bounds=2 -ftree-vrp -Wduplicated-cond -Wnull-dereference -fdelete-null-pointer-checks -Wshift-negative-value -Wshift-overflow=2 -Walloc-zero -Wduplicated-branches -Wformat-overflow=2 -Wformat-truncation=1 -Wrestrict -Warith-conversion -Wdouble-promotion -Wenum-conversion -Wunused-const-variable  CMakeFiles/cmTC_e4ed4.dir/CheckSymbolExists.c.o -o cmTC_e4ed4 
gmake[1]: Leaving directory '/workspace/build/CMakeFiles/CMakeScratch/TryCompile-72BMMq'


File CheckSymbolExists.c:
/* */
#include <inttypes.h>
#include <sys/wait.h>
#include <sys/ioctl.h>
#include <sys/param.h>
#include <sys/poll.h>
#include <sys/resource.h>
#include <sys/select.h>
#include <sys/socket.h>
#include <sys/stat.h>
#include <sys/time.h>
#include <sys/types.h>
#include <sys/un.h>
#include <sys/xattr.h>
#include <arpa/inet.h>
#include <fcntl.h>
#include <ifaddrs.h>
#include <libgen.h>
#include <locale.h>
#include <net/if.h>
#include <netdb.h>
#include <netinet/in.h>
#include <netinet/tcp.h>
#include <netinet/udp.h>
#include <poll.h>
#include <pwd.h>
#include <stdatomic.h>
#include <stdbool.h>
#include <stdint.h>
#include <strings.h>
#include <termio.h>
#include <termios.h>
#include <unistd.h>
#include <utime.h>
#include <stdlib.h>
#include <string.h>

int main(int argc, char** argv)
{
  (void)argv;
#ifndef getaddrinfo
  return ((int*)(&getaddrinfo))[argc];
#else
  (void)argc;
  return 0;
#endif
}
Determining if the getifaddrs exist passed with the following output:
Change Dir: /workspace/build/CMakeFiles/CMakeScratch/TryCompile-LWe8Ue

Run Build Command(s):/usr/bin/gmake -f Makefile cmTC_bfa76/fast && /usr/bin/gmake  -f CMakeFiles/cmTC_bfa76.dir/build.make CMakeFiles/cmTC_bfa76.dir/build
gmake[1]: Entering directory '/workspace/build/CMakeFiles/CMakeScratch/TryCompile-LWe8Ue'
Building C object CMakeFiles/cmTC_bfa76.dir/CheckSymbolExists.c.o
/usr/bin/cc   -W -Wall -pedantic -Wbad-function-cast -Wconversion -Winline -Wmissing-declarations -Wmissing-prototypes -Wnested-externs -Wno-long-long -Wno-multichar -Wpointer-arith -Wshadow -Wsign-compare -Wundef -Wunused -Wwrite-strings -Wcast-align -Wdeclaration-after-statement -Wempty-body -Wendif-labels -Wfloat-equal -Wignored-qualifiers -Wno-format-nonliteral -Wno-sign-conversion -Wno-system-headers -Wstrict-prototypes -Wtype-limits -Wvla -Wmissing-parameter-type -Wold-style-declaration -Wstrict-aliasing=3 -Wformat=2 -Warray-bounds=2 -ftree-vrp -Wduplicated-cond -Wnull-dereference -fdelete-null-pointer-checks -Wshift-negative-value -Wshift-overflow=2 -Walloc-zero -Wduplicated-branches -Wformat-overflow=2 -Wformat-truncation=1 -Wrestrict -Warith-conversion -Wdouble-promotion -Wenum-conversion -Wunused-const-variable  -o CMakeFiles/cmTC_bfa76.dir/CheckSymbolExists.c.o -c /workspace/build/CMakeFiles/CMakeScratch/TryCompile-LWe8Ue/CheckSymbolExists.c
/workspace/build/CMakeFiles/CMakeScratch/TryCompile-LWe8Ue/CheckSymbolExists.c: In function ‘main’:
/workspace/build/CMakeFiles/CMakeScratch/TryCompile-LWe8Ue/CheckSymbolExists.c:41:11: warning: ISO C forbids conversion of function pointer to object pointer type [-Wpedantic]
   41 |   return ((int*)(&getifaddrs))[argc];
      |           ^
Linking C executable cmTC_bfa76
/usr/bin/cmake -E cmake_link_script CMakeFiles/cmTC_bfa76.dir/link.txt --verbose=1
/usr/bin/cc   -W -Wall -pedantic -Wbad-function-cast -Wconversion -Winline -Wmissing-declarations -Wmissing-prototypes -Wnested-externs -Wno-long-long -Wno-multichar -Wpointer-arith -Wshadow -Wsign-compare -Wundef -Wunused -Wwrite-strings -Wcast-align -Wdeclaration-after-statement -Wempty-body -Wendif-labels -Wfloat-equal -Wignored-qualifiers -Wno-format-nonliteral -Wno-sign-conversion -Wno-system-headers -Wstrict-prototypes -Wtype-limits -Wvla -Wmissing-parameter-type -Wold-style-declaration -Wstrict-aliasing=3 -Wformat=2 -Warray-bounds=2 -ftree-vrp -Wduplicated-cond -Wnull-dereference -fdelete-null-pointer-checks -Wshift-negative-value -Wshift-overflow=2 -Walloc-zero -Wduplicated-branches -Wformat-overflow=2 -Wformat-truncation=1 -Wrestrict -Warith-conversion -Wdouble-promotion -Wenum-conversion -Wunused-const-variable  CMakeFiles/cmTC_bfa76.dir/CheckSymbolExists.c.o -o cmTC_bfa76 
gmake[1]: Leaving directory '/workspace/build/CMakeFiles/CMakeScratch/TryCompile-LWe8Ue'


File CheckSymbolExists.c:
/* */
#include <inttypes.h>
#include <sys/wait.h>
#include <sys/ioctl.h>
#include <sys/param.h>
#include <sys/poll.h>
#include <sys/resource.h>
#include <sys/select.h>
#include <sys/socket.h>
#include <sys/stat.h>
#include <sys/time.h>
#include <sys/types.h>
#include <sys/un.h>
#include <sys/xattr.h>
#include <arpa/inet.h>
#include <fcntl.h>
#include <ifaddrs.h>
#include <libgen.h>
#include <locale.h>
#include <net/if.h>
#include <netdb.h>
#include <netinet/in.h>
#include <netinet/tcp.h>
#include <netinet/udp.h>
#include <poll.h>
#include <pwd.h>
#include <stdatomic.h>
#include <stdbool.h>
#include <stdint.h>
#include <strings.h>
#include <termio.h>
#include <termios.h>
#include <unistd.h>
#include <utime.h>
#include <stdlib.h>

int main(int argc, char** argv)
{
  (void)argv;
#ifndef getifaddrs
  return ((int*)(&getifaddrs))[argc];
#else
  (void)argc;
  return 0;
#endif
}
Determining if the freeaddrinfo exist passed with the following output:
Change Dir: /workspace/build/CMakeFiles/CMakeScratch/TryCompile-Ri4Ni6

Run Build Command(s):/usr/bin/gmake -f Makefile cmTC_020ba/fast && /usr/bin/gmake  -f CMakeFiles/cmTC_020ba.dir/build.make CMakeFiles/cmTC_020ba.dir/build
gmake[1]: Entering directory '/workspace/build/CMakeFiles/CMakeScratch/TryCompile-Ri4Ni6'
Building C object CMakeFiles/cmTC_020ba.dir/CheckSymbolExists.c.o
/usr/bin/cc   -W -Wall -pedantic -Wbad-function-cast -Wconversion -Winline -Wmissing-declarations -Wmissing-prototypes -Wnested-externs -Wno-long-long -Wno-multichar -Wpointer-arith -Wshadow -Wsign-compare -Wundef -Wunused -Wwrite-strings -Wcast-align -Wdeclaration-after-statement -Wempty-body -Wendif-labels -Wfloat-equal -Wignored-qualifiers -Wno-format-nonliteral -Wno-sign-conversion -Wno-system-headers -Wstrict-prototypes -Wtype-limits -Wvla -Wmissing-parameter-type -Wold-style-declaration -Wstrict-aliasing=3 -Wformat=2 -Warray-bounds=2 -ftree-vrp -Wduplicated-cond -Wnull-dereference -fdelete-null-pointer-checks -Wshift-negative-value -Wshift-overflow=2 -Walloc-zero -Wduplicated-branches -Wformat-overflow=2 -Wformat-truncation=1 -Wrestrict -Warith-conversion -Wdouble-promotion -Wenum-conversion -Wunused-const-variable  -o CMakeFiles/cmTC_020ba.dir/CheckSymbolExists.c.o -c /workspace/build/CMakeFiles/CMakeScratch/TryCompile-Ri4Ni6/CheckSymbolExists.c
/workspace/build/CMakeFiles/CMakeScratch/TryCompile-Ri4Ni6/CheckSymbolExists.c: In function ‘main’:
/workspace/build/CMakeFiles/CMakeScratch/TryCompile-Ri4Ni6/CheckSymbolExists.c:40:11: warning: ISO C forbids conversion of function pointer to object pointer type [-Wpedantic]
   40 |   return ((int*)(&freeaddrinfo))[argc];
      |           ^
Linking C executable cmTC_020ba
/usr/bin/cmake -E cmake_link_script CMakeFiles/cmTC_020ba.dir/link.txt --verbose=1
/usr/bin/cc   -W -Wall -pedantic -Wbad-function-cast -Wconversion -Winline -Wmissing-declarations -Wmissing-prototypes -Wnested-externs -Wno-long-long -Wno-multichar -Wpointer-arith -Wshadow -Wsign-compare -Wundef -Wunused -Wwrite-strings -Wcast-align -Wdeclaration-after-statement -Wempty-body -Wendif-labels -Wfloat-equal -Wignored-qualifiers -Wno-format-nonliteral -Wno-sign-conversion -Wno-system-headers -Wstrict-prototypes -Wtype-limits -Wvla -Wmissing-parameter-type -Wold-style-declaration -Wstrict-aliasing=3 -Wformat=2 -Warray-bounds=2 -ftree-vrp -Wduplicated-cond -Wnull-dereference -fdelete-null-pointer-checks -Wshift-negative-value -Wshift-overflow=2 -Walloc-zero -Wduplicated-branches -Wformat-overflow=2 -Wformat-truncation=1 -Wrestrict -Warith-conversion -Wdouble-promotion -Wenum-conversion -Wunused-const-variable  CMakeFiles/cmTC_020ba.dir/CheckSymbolExists.c.o -o cmTC_020ba 
gmake[1]: Leaving directory '/workspace/build/CMakeFiles/CMakeScratch/TryCompile-Ri4Ni6'


File CheckSymbolExists.c:
/* */
#include <inttypes.h>
#include <sys/wait.h>
#include <sys/ioctl.h>
#include <sys/param.h>
#include <sys/poll.h>
#include <sys/resource.h>
#include <sys/select.h>
#include <sys/socket.h>
#include <sys/stat.h>
#include <sys/time.h>
#include <sys/types.h>
#include <sys/un.h>
#include <sys/xattr.h>
#include <arpa/inet.h>
#include <fcntl.h>
#include <ifaddrs.h>
#include <libgen.h>
#include <locale.h>
#include <net/if.h>
#include <netdb.h>
#include <netinet/in.h>
#include <netinet/tcp.h>
#include <netinet/udp.h>
#include <poll.h>
#include <pwd.h>
#include <stdatomic.h>
#include <stdbool.h>
#include <stdint.h>
#include <strings.h>
#include <termio.h>
#include <termios.h>
#include <unistd.h>
#include <utime.h>

int main(int argc, char** argv)
{
  (void)argv;
#ifndef freeaddrinfo
  return ((int*)(&freeaddrinfo))[argc];
#else
  (void)argc;
  return 0;
#endif
}
Determining if the pipe exist passed with the following output:
Change Dir: /workspace/build/CMakeFiles/CMakeScratch/TryCompile-3hexqZ

Run Build Command(s):/usr/bin/gmake -f Makefile cmTC_5e136/fast && /usr/bin/gmake  -f CMakeFiles/cmTC_5e136.dir/build.make CMakeFiles/cmTC_5e136.dir/build
gmake[1]: Entering directory '/workspace/build/CMakeFiles/CMakeScratch/TryCompile-3hexqZ'
Building C object CMakeFiles/cmTC_5e136.dir/CheckSymbolExists.c.o
/usr/bin/cc   -W -Wall -pedantic -Wbad-function-cast -Wconversion -Winline -Wmissing-declarations -Wmissing-prototypes -Wnested-externs -Wno-long-long -Wno-multichar -Wpointer-arith -Wshadow -Wsign-compare -Wundef -Wunused -Wwrite-strings -Wcast-align -Wdeclaration-after-statement -Wempty-body -Wendif-labels -Wfloat-equal -Wignored-qualifiers -Wno-format-nonliteral -Wno-sign-conversion -Wno-system-headers -Wstrict-prototypes -Wtype-limits -Wvla -Wmissing-parameter-type -Wold-style-declaration -Wstrict-aliasing=3 -Wformat=2 -Warray-bounds=2 -ftree-vrp -Wduplicated-cond -Wnull-dereference -fdelete-null-pointer-checks -Wshift-negative-value -Wshift-overflow=2 -Walloc-zero -Wduplicated-branches -Wformat-overflow=2 -Wformat-truncation=1 -Wrestrict -Warith-conversion -Wdouble-promotion -Wenum-conversion -Wunused-const-variable  -o CMakeFiles/cmTC_5e136.dir/CheckSymbolExists.c.o -c /workspace/build/CMakeFiles/CMakeScratch/TryCompile-3hexqZ/CheckSymbolExists.c
/workspace/build/CMakeFiles/CMakeScratch/TryCompile-3hexqZ/CheckSymbolExists.c: In function ‘main’:
/workspace/build/CMakeFiles/CMakeScratch/TryCompile-3hexqZ/CheckSymbolExists.c:40:11: warning: ISO C forbids conversion of function pointer to object pointer type [-Wpedantic]
   40 |   return ((int*)(&pipe))[argc];
      |           ^
Linking C executable cmTC_5e136
/usr/bin/cmake -E cmake_link_script CMakeFiles/cmTC_5e136.dir/link.txt --verbose=1
/usr/bin/cc   -W -Wall -pedantic -Wbad-function-cast -Wconversion -Winline -Wmissing-declarations -Wmissing-prototypes -Wnested-externs -Wno-long-long -Wno-multichar -Wpointer-arith -Wshadow -Wsign-compare -Wundef -Wunused -Wwrite-strings -Wcast-align -Wdeclaration-after-statement -Wempty-body -Wendif-labels -Wfloat-equal -Wignored-qualifiers -Wno-format-nonliteral -Wno-sign-conversion -Wno-system-headers -Wstrict-prototypes -Wtype-limits -Wvla -Wmissing-parameter-type -Wold-style-declaration -Wstrict-aliasing=3 -Wformat=2 -Warray-bounds=2 -ftree-vrp -Wduplicated-cond -Wnull-dereference -fdelete-null-pointer-checks -Wshift-negative-value -Wshift-overflow=2 -Walloc-zero -Wduplicated-branches -Wformat-overflow=2 -Wformat-truncation=1 -Wrestrict -Warith-conversion -Wdouble-promotion -Wenum-conversion -Wunused-const-variable  CMakeFiles/cmTC_5e136.dir/CheckSymbolExists.c.o -o cmTC_5e136 
gmake[1]: Leaving directory '/workspace/build/CMakeFiles/CMakeScratch/TryCompile-3hexqZ'


File CheckSymbolExists.c:
/* */
#include <inttypes.h>
#include <sys/wait.h>
#include <sys/ioctl.h>
#include <sys/param.h>
#include <sys/poll.h>
#include <sys/resource.h>
#include <sys/select.h>
#include <sys/socket.h>
#include <sys/stat.h>
#include <sys/time.h>
#include <sys/types.h>
#include <sys/un.h>
#include <sys/xattr.h>
#include <arpa/inet.h>
#include <fcntl.h>
#include <ifaddrs.h>
#include <libgen.h>
#include <locale.h>
#include <net/if.h>
#include <netdb.h>
#include <netinet/in.h>
#include <netinet/tcp.h>
#include <netinet/udp.h>
#include <poll.h>
#include <pwd.h>
#include <stdatomic.h>
#include <stdbool.h>
#include <stdint.h>
#include <strings.h>
#include <termio.h>
#include <termios.h>
#include <unistd.h>
#include <utime.h>

int main(int argc, char** argv)
{
  (void)argv;
#ifndef pipe
  return ((int*)(&pipe))[argc];
#else
  (void)argc;
  return 0;
#endif
}
Determining if the ftruncate exist passed with the following output:
Change Dir: /workspace/build/CMakeFiles/CMakeScratch/TryCompile-00Lji0

Run Build Command(s):/usr/bin/gmake -f Makefile cmTC_2056e/fast && /usr/bin/gmake  -f CMakeFiles/cmTC_2056e.dir/build.make CMakeFiles/cmTC_2056e.dir/build
gmake[1]: Entering directory '/workspace/build/CMakeFiles/CMakeScratch/TryCompile-00Lji0'
Building C object CMakeFiles/cmTC_2056e.dir/CheckSymbolExists.c.o
/usr/bin/cc   -W -Wall -pedantic -Wbad-function-cast -Wconversion -Winline -Wmissing-declarations -Wmissing-prototypes -Wnested-externs -Wno-long-long -Wno-multichar -Wpointer-arith -Wshadow -Wsign-compare -Wundef -Wunused -Wwrite-strings -Wcast-align -Wdeclaration-after-statement -Wempty-body -Wendif-labels -Wfloat-equal -Wignored-qualifiers -Wno-format-nonliteral -Wno-sign-conversion -Wno-system-headers -Wstrict-prototypes -Wtype-limits -Wvla -Wmissing-parameter-type -Wold-style-declaration -Wstrict-aliasing=3 -Wformat=2 -Warray-bounds=2 -ftree-vrp -Wduplicated-cond -Wnull-dereference -fdelete-null-pointer-checks -Wshift-negative-value -Wshift-overflow=2 -Walloc-zero -Wduplicated-branches -Wformat-overflow=2 -Wformat-truncation=1 -Wrestrict -Warith-conversion -Wdouble-promotion -Wenum-conversion -Wunused-const-variable  -o CMakeFiles/cmTC_2056e.dir/CheckSymbolExists.c.o -c /workspace/build/CMakeFiles/CMakeScratch/TryCompile-00Lji0/CheckSymbolExists.c
/workspace/build/CMakeFiles/CMakeScratch/TryCompile-00Lji0/CheckSymbolExists.c: In function ‘main’:
/workspace/build/CMakeFiles/CMakeScratch/TryCompile-00Lji0/CheckSymbolExists.c:40:11: warning: ISO C forbids conversion of function pointer to object pointer type [-Wpedantic]
   40 |   return ((int*)(&ftruncate))[argc];
      |           ^
Linking C executable cmTC_2056e
/usr/bin/cmake -E cmake_link_script CMakeFiles/cmTC_2056e.dir/link.txt --verbose=1
/usr/bin/cc   -W -Wall -pedantic -Wbad-function-cast -Wconversion -Winline -Wmissing-declarations -Wmissing-prototypes -Wnested-externs -Wno-long-long -Wno-multichar -Wpointer-arith -Wshadow -Wsign-compare -Wundef -Wunused -Wwrite-strings -Wcast-align -Wdeclaration-after-statement -Wempty-body -Wendif-labels -Wfloat-equal -Wignored-qualifiers -Wno-format-nonliteral -Wno-sign-conversion -Wno-system-headers -Wstrict-prototypes -Wtype-limits -Wvla -Wmissing-parameter-type -Wold-style-declaration -Wstrict-aliasing=3 -Wformat=2 -Warray-bounds=2 -ftree-vrp -Wduplicated-cond -Wnull-dereference -fdelete-null-pointer-checks -Wshift-negative-value -Wshift-overflow=2 -Walloc-zero -Wduplicated-branches -Wformat-overflow=2 -Wformat-truncation=1 -Wrestrict -Warith-conversion -Wdouble-promotion -Wenum-conversion -Wunused-const-variable  CMakeFiles/cmTC_2056e.dir/CheckSymbolExists.c.o -o cmTC_2056e 
gmake[1]: Leaving directory '/workspace/build/CMakeFiles/CMakeScratch/TryCompile-00Lji0'


File CheckSymbolExists.c:
/* */
#include <inttypes.h>
#include <sys/wait.h>
#include <sys/ioctl.h>
#include <sys/param.h>
#include <sys/poll.h>
#include <sys/resource.h>
#include <sys/select.h>
#include <sys/socket.h>
#include <sys/stat.h>
#include <sys/time.h>
#include <sys/types.h>
#include <sys/un.h>
#include <sys/xattr.h>
#include <arpa/inet.h>
#include <fcntl.h>
#include <ifaddrs.h>
#include <libgen.h>
#include <locale.h>
#include <net/if.h>
#include <netdb.h>
#include <netinet/in.h>
#include <netinet/tcp.h>
#include <netinet/udp.h>
#include <poll.h>
#include <pwd.h>
#include <stdatomic.h>
#include <stdbool.h>
#include <stdint.h>
#include <strings.h>
#include <termio.h>
#include <termios.h>
#include <unistd.h>
#include <utime.h>

int main(int argc, char** argv)
{
  (void)argv;
#ifndef ftruncate
  return ((int*)(&ftruncate))[argc];
#else
  (void)argc;
  return 0;
#endif
}
Determining if the getpeername exist passed with the following output:
Change Dir: /workspace/build/CMakeFiles/CMakeScratch/TryCompile-LdXOpv

Run Build Command(s):/usr/bin/gmake -f Makefile cmTC_3f314/fast && /usr/bin/gmake  -f CMakeFiles/cmTC_3f314.dir/build.make CMakeFiles/cmTC_3f314.dir/build
gmake[1]: Entering directory '/workspace/build/CMakeFiles/CMakeScratch/TryCompile-LdXOpv'
Building C object CMakeFiles/cmTC_3f314.dir/CheckSymbolExists.c.o
/usr/bin/cc   -W -Wall -pedantic -Wbad-function-cast -Wconversion -Winline -Wmissing-declarations -Wmissing-prototypes -Wnested-externs -Wno-long-long -Wno-multichar -Wpointer-arith -Wshadow -Wsign-compare -Wundef -Wunused -Wwrite-strings -Wcast-align -Wdeclaration-after-statement -Wempty-body -Wendif-labels -Wfloat-equal -Wignored-qualifiers -Wno-format-nonliteral -Wno-sign-conversion -Wno-system-headers -Wstrict-prototypes -Wtype-limits -Wvla -Wmissing-parameter-type -Wold-style-declaration -Wstrict-aliasing=3 -Wformat=2 -Warray-bounds=2 -ftree-vrp -Wduplicated-cond -Wnull-dereference -fdelete-null-pointer-checks -Wshift-negative-value -Wshift-overflow=2 -Walloc-zero -Wduplicated-branches -Wformat-overflow=2 -Wformat-truncation=1 -Wrestrict -Warith-conversion -Wdouble-promotion -Wenum-conversion -Wunused-const-variable  -o CMakeFiles/cmTC_3f314.dir/CheckSymbolExists.c.o -c /workspace/build/CMakeFiles/CMakeScratch/TryCompile-LdXOpv/CheckSymbolExists.c
/workspace/build/CMakeFiles/CMakeScratch/TryCompile-LdXOpv/CheckSymbolExists.c: In function ‘main’:
/workspace/build/CMakeFiles/CMakeScratch/TryCompile-LdXOpv/CheckSymbolExists.c:40:11: warning: ISO C forbids conversion of function pointer to object pointer type [-Wpedantic]
   40 |   return ((int*)(&getpeername))[argc];
      |           ^
Linking C executable cmTC_3f314
/usr/bin/cmake -E cmake_link_script CMakeFiles/cmTC_3f314.dir/link.txt --verbose=1
/usr/bin/cc   -W -Wall -pedantic -Wbad-function-cast -Wconversion -Winline -Wmissing-declarations -Wmissing-prototypes -Wnested-externs -Wno-long-long -Wno-multichar -Wpointer-arith -Wshadow -Wsign-compare -Wundef -Wunused -Wwrite-strings -Wcast-align -Wdeclaration-after-statement -Wempty-body -Wendif-labels -Wfloat-equal -Wignored-qualifiers -Wno-format-nonliteral -Wno-sign-conversion -Wno-system-headers -Wstrict-prototypes -Wtype-limits -Wvla -Wmissing-parameter-type -Wold-style-declaration -Wstrict-aliasing=3 -Wformat=2 -Warray-bounds=2 -ftree-vrp -Wduplicated-cond -Wnull-dereference -fdelete-null-pointer-checks -Wshift-negative-value -Wshift-overflow=2 -Walloc-zero -Wduplicated-branches -Wformat-overflow=2 -Wformat-truncation=1 -Wrestrict -Warith-conversion -Wdouble-promotion -Wenum-conversion -Wunused-const-variable  CMakeFiles/cmTC_3f314.dir/CheckSymbolExists.c.o -o cmTC_3f314 
gmake[1]: Leaving directory '/workspace/build/CMakeFiles/CMakeScratch/TryCompile-LdXOpv'


File CheckSymbolExists.c:
/* */
#include <inttypes.h>
#include <sys/wait.h>
#include <sys/ioctl.h>
#include <sys/param.h>
#include <sys/poll.h>
#include <sys/resource.h>
#include <sys/select.h>
#include <sys/socket.h>
#include <sys/stat.h>
#include <sys/time.h>
#include <sys/types.h>
#include <sys/un.h>
#include <sys/xattr.h>
#include <arpa/inet.h>
#include <fcntl.h>
#include <ifaddrs.h>
#include <libgen.h>
#include <locale.h>
#include <net/if.h>
#include <netdb.h>
#include <netinet/in.h>
#include <netinet/tcp.h>
#include <netinet/udp.h>
#include <poll.h>
#include <pwd.h>
#include <stdatomic.h>
#include <stdbool.h>
#include <stdint.h>
#include <strings.h>
#include <termio.h>
#include <termios.h>
#include <unistd.h>
#include <utime.h>

int main(int argc, char** argv)
{
  (void)argv;
#ifndef getpeername
  return ((int*)(&getpeername))[argc];
#else
  (void)argc;
  return 0;
#endif
}
Determining if the getsockname exist passed with the following output:
Change Dir: /workspace/build/CMakeFiles/CMakeScratch/TryCompile-CpMKLP

Run Build Command(s):/usr/bin/gmake -f Makefile cmTC_d0792/fast && /usr/bin/gmake  -f CMakeFiles/cmTC_d0792.dir/build.make CMakeFiles/cmTC_d0792.dir/build
gmake[1]: Entering directory '/workspace/build/CMakeFiles/CMakeScratch/TryCompile-CpMKLP'
Building C object CMakeFiles/cmTC_d0792.dir/CheckSymbolExists.c.o
/usr/bin/cc   -W -Wall -pedantic -Wbad-function-cast -Wconversion -Winline -Wmissing-declarations -Wmissing-prototypes -Wnested-externs -Wno-long-long -Wno-multichar -Wpointer-arith -Wshadow -Wsign-compare -Wundef -Wunused -Wwrite-strings -Wcast-align -Wdeclaration-after-statement -Wempty-body -Wendif-labels -Wfloat-equal -Wignored-qualifiers -Wno-format-nonliteral -Wno-sign-conversion -Wno-system-headers -Wstrict-prototypes -Wtype-limits -Wvla -Wmissing-parameter-type -Wold-style-declaration -Wstrict-aliasing=3 -Wformat=2 -Warray-bounds=2 -ftree-vrp -Wduplicated-cond -Wnull-dereference -fdelete-null-pointer-checks -Wshift-negative-value -Wshift-overflow=2 -Walloc-zero -Wduplicated-branches -Wformat-overflow=2 -Wformat-truncation=1 -Wrestrict -Warith-conversion -Wdouble-promotion -Wenum-conversion -Wunused-const-variable  -o CMakeFiles/cmTC_d0792.dir/CheckSymbolExists.c.o -c /workspace/build/CMakeFiles/CMakeScratch/TryCompile-CpMKLP/CheckSymbolExists.c
/workspace/build/CMakeFiles/CMakeScratch/TryCompile-CpMKLP/CheckSymbolExists.c: In function ‘main’:
/workspace/build/CMakeFiles/CMakeScratch/TryCompile-CpMKLP/CheckSymbolExists.c:40:11: warning: ISO C forbids conversion of function pointer to object pointer type [-Wpedantic]
   40 |   return ((int*)(&getsockname))[argc];
      |           ^
Linking C executable cmTC_d0792
/usr/bin/cmake -E cmake_link_script CMakeFiles/cmTC_d0792.dir/link.txt --verbose=1
/usr/bin/cc   -W -Wall -pedantic -Wbad-function-cast -Wconversion -Winline -Wmissing-declarations -Wmissing-prototypes -Wnested-externs -Wno-long-long -Wno-multichar -Wpointer-arith -Wshadow -Wsign-compare -Wundef -Wunused -Wwrite-strings -Wcast-align -Wdeclaration-after-statement -Wempty-body -Wendif-labels -Wfloat-equal -Wignored-qualifiers -Wno-format-nonliteral -Wno-sign-conversion -Wno-system-headers -Wstrict-prototypes -Wtype-limits -Wvla -Wmissing-parameter-type -Wold-style-declaration -Wstrict-aliasing=3 -Wformat=2 -Warray-bounds=2 -ftree-vrp -Wduplicated-cond -Wnull-dereference -fdelete-null-pointer-checks -Wshift-negative-value -Wshift-overflow=2 -Walloc-zero -Wduplicated-branches -Wformat-overflow=2 -Wformat-truncation=1 -Wrestrict -Warith-conversion -Wdouble-promotion -Wenum-conversion -Wunused-const-variable  CMakeFiles/cmTC_d0792.dir/CheckSymbolExists.c.o -o cmTC_d0792 
gmake[1]: Leaving directory '/workspace/build/CMakeFiles/CMakeScratch/TryCompile-CpMKLP'


File CheckSymbolExists.c:
/* */
#include <inttypes.h>
#include <sys/wait.h>
#include <sys/ioctl.h>
#include <sys/param.h>
#include <sys/poll.h>
#include <sys/resource.h>
#include <sys/select.h>
#include <sys/socket.h>
#include <sys/stat.h>
#include <sys/time.h>
#include <sys/types.h>
#include <sys/un.h>
#include <sys/xattr.h>
#include <arpa/inet.h>
#include <fcntl.h>
#include <ifaddrs.h>
#include <libgen.h>
#include <locale.h>
#include <net/if.h>
#include <netdb.h>
#include <netinet/in.h>
#include <netinet/tcp.h>
#include <netinet/udp.h>
#include <poll.h>
#include <pwd.h>
#include <stdatomic.h>
#include <stdbool.h>
#include <stdint.h>
#include <strings.h>
#include <termio.h>
#include <termios.h>
#include <unistd.h>
#include <utime.h>

int main(int argc, char** argv)
{
  (void)argv;
#ifndef getsockname
  return ((int*)(&getsockname))[argc];
#else
  (void)argc;
  return 0;
#endif
}
Determining if the if_nametoindex exist passed with the following output:
Change Dir: /workspace/build/CMakeFiles/CMakeScratch/TryCompile-w8EAJT

Run Build Command(s):/usr/bin/gmake -f Makefile cmTC_fc127/fast && /usr/bin/gmake  -f CMakeFiles/cmTC_fc127.dir/build.make CMakeFiles/cmTC_fc127.dir/build
gmake[1]: Entering directory '/workspace/build/CMakeFiles/CMakeScratch/TryCompile-w8EAJT'
Building C object CMakeFiles/cmTC_fc127.dir/CheckSymbolExists.c.o
/usr/bin/cc   -W -Wall -pedantic -Wbad-function-cast -Wconversion -Winline -Wmissing-declarations -Wmissing-prototypes -Wnested-externs -Wno-long-long -Wno-multichar -Wpointer-arith -Wshadow -Wsign-compare -Wundef -Wunused -Wwrite-strings -Wcast-align -Wdeclaration-after-statement -Wempty-body -Wendif-labels -Wfloat-equal -Wignored-qualifiers -Wno-format-nonliteral -Wno-sign-conversion -Wno-system-headers -Wstrict-prototypes -Wtype-limits -Wvla -Wmissing-parameter-type -Wold-style-declaration -Wstrict-aliasing=3 -Wformat=2 -Warray-bounds=2 -ftree-vrp -Wduplicated-cond -Wnull-dereference -fdelete-null-pointer-checks -Wshift-negative-value -Wshift-overflow=2 -Walloc-zero -Wduplicated-branches -Wformat-overflow=2 -Wformat-truncation=1 -Wrestrict -Warith-conversion -Wdouble-promotion -Wenum-conversion -Wunused-const-variable  -o CMakeFiles/cmTC_fc127.dir/CheckSymbolExists.c.o -c /workspace/build/CMakeFiles/CMakeScratch/TryCompile-w8EAJT/CheckSymbolExists.c
/workspace/build/CMakeFiles/CMakeScratch/TryCompile-w8EAJT/CheckSymbolExists.c: In function ‘main’:
/workspace/build/CMakeFiles/CMakeScratch/TryCompile-w8EAJT/CheckSymbolExists.c:40:11: warning: ISO C forbids conversion of function pointer to object pointer type [-Wpedantic]
   40 |   return ((int*)(&if_nametoindex))[argc];
      |           ^
Linking C executable cmTC_fc127
/usr/bin/cmake -E cmake_link_script CMakeFiles/cmTC_fc127.dir/link.txt --verbose=1
/usr/bin/cc   -W -Wall -pedantic -Wbad-function-cast -Wconversion -Winline -Wmissing-declarations -Wmissing-prototypes -Wnested-externs -Wno-long-long -Wno-multichar -Wpointer-arith -Wshadow -Wsign-compare -Wundef -Wunused -Wwrite-strings -Wcast-align -Wdeclaration-after-statement -Wempty-body -Wendif-labels -Wfloat-equal -Wignored-qualifiers -Wno-format-nonliteral -Wno-sign-conversion -Wno-system-headers -Wstrict-prototypes -Wtype-limits -Wvla -Wmissing-parameter-type -Wold-style-declaration -Wstrict-aliasing=3 -Wformat=2 -Warray-bounds=2 -ftree-vrp -Wduplicated-cond -Wnull-dereference -fdelete-null-pointer-checks -Wshift-negative-value -Wshift-overflow=2 -Walloc-zero -Wduplicated-branches -Wformat-overflow=2 -Wformat-truncation=1 -Wrestrict -Warith-conversion -Wdouble-promotion -Wenum-conversion -Wunused-const-variable  CMakeFiles/cmTC_fc127.dir/CheckSymbolExists.c.o -o cmTC_fc127 
gmake[1]: Leaving directory '/workspace/build/CMakeFiles/CMakeScratch/TryCompile-w8EAJT'


File CheckSymbolExists.c:
/* */
#include <inttypes.h>
#include <sys/wait.h>
#include <sys/ioctl.h>
#include <sys/param.h>
#include <sys/poll.h>
#include <sys/resource.h>
#include <sys/select.h>
#include <sys/socket.h>
#include <sys/stat.h>
#include <sys/time.h>
#include <sys/types.h>
#include <sys/un.h>
#include <sys/xattr.h>
#include <arpa/inet.h>
#include <fcntl.h>
#include <ifaddrs.h>
#include <libgen.h>
#include <locale.h>
#include <net/if.h>
#include <netdb.h>
#include <netinet/in.h>
#include <netinet/tcp.h>
#include <netinet/udp.h>
#include <poll.h>
#include <pwd.h>
#include <stdatomic.h>
#include <stdbool.h>
#include <stdint.h>
#include <strings.h>
#include <termio.h>
#include <termios.h>
#include <unistd.h>
#include <utime.h>

int main(int argc, char** argv)
{
  (void)argv;
#ifndef if_nametoindex
  return ((int*)(&if_nametoindex))[argc];
#else
  (void)argc;
  return 0;
#endif
}
Determining if the getrlimit exist passed with the following output:
Change Dir: /workspace/build/CMakeFiles/CMakeScratch/TryCompile-jlAs7t

Run Build Command(s):/usr/bin/gmake -f Makefile cmTC_709dd/fast && /usr/bin/gmake  -f CMakeFiles/cmTC_709dd.dir/build.make CMakeFiles/cmTC_709dd.dir/build
gmake[1]: Entering directory '/workspace/build/CMakeFiles/CMakeScratch/TryCompile-jlAs7t'
Building C object CMakeFiles/cmTC_709dd.dir/CheckSymbolExists.c.o
/usr/bin/cc   -W -Wall -pedantic -Wbad-function-cast -Wconversion -Winline -Wmissing-declarations -Wmissing-prototypes -Wnested-externs -Wno-long-long -Wno-multichar -Wpointer-arith -Wshadow -Wsign-compare -Wundef -Wunused -Wwrite-strings -Wcast-align -Wdeclaration-after-statement -Wempty-body -Wendif-labels -Wfloat-equal -Wignored-qualifiers -Wno-format-nonliteral -Wno-sign-conversion -Wno-system-headers -Wstrict-prototypes -Wtype-limits -Wvla -Wmissing-parameter-type -Wold-style-declaration -Wstrict-aliasing=3 -Wformat=2 -Warray-bounds=2 -ftree-vrp -Wduplicated-cond -Wnull-dereference -fdelete-null-pointer-checks -Wshift-negative-value -Wshift-overflow=2 -Walloc-zero -Wduplicated-branches -Wformat-overflow=2 -Wformat-truncation=1 -Wrestrict -Warith-conversion -Wdouble-promotion -Wenum-conversion -Wunused-const-variable  -o CMakeFiles/cmTC_709dd.dir/CheckSymbolExists.c.o -c /workspace/build/CMakeFiles/CMakeScratch/TryCompile-jlAs7t/CheckSymbolExists.c
/workspace/build/CMakeFiles/CMakeScratch/TryCompile-jlAs7t/CheckSymbolExists.c: In function ‘main’:
/workspace/build/CMakeFiles/CMakeScratch/TryCompile-jlAs7t/CheckSymbolExists.c:40:11: warning: ISO C forbids conversion of function pointer to object pointer type [-Wpedantic]
   40 |   return ((int*)(&getrlimit))[argc];
      |           ^
Linking C executable cmTC_709dd
/usr/bin/cmake -E cmake_link_script CMakeFiles/cmTC_709dd.dir/link.txt --verbose=1
/usr/bin/cc   -W -Wall -pedantic -Wbad-function-cast -Wconversion -Winline -Wmissing-declarations -Wmissing-prototypes -Wnested-externs -Wno-long-long -Wno-multichar -Wpointer-arith -Wshadow -Wsign-compare -Wundef -Wunused -Wwrite-strings -Wcast-align -Wdeclaration-after-statement -Wempty-body -Wendif-labels -Wfloat-equal -Wignored-qualifiers -Wno-format-nonliteral -Wno-sign-conversion -Wno-system-headers -Wstrict-prototypes -Wtype-limits -Wvla -Wmissing-parameter-type -Wold-style-declaration -Wstrict-aliasing=3 -Wformat=2 -Warray-bounds=2 -ftree-vrp -Wduplicated-cond -Wnull-dereference -fdelete-null-pointer-checks -Wshift-negative-value -Wshift-overflow=2 -Walloc-zero -Wduplicated-branches -Wformat-overflow=2 -Wformat-truncation=1 -Wrestrict -Warith-conversion -Wdouble-promotion -Wenum-conversion -Wunused-const-variable  CMakeFiles/cmTC_709dd.dir/CheckSymbolExists.c.o -o cmTC_709dd 
gmake[1]: Leaving directory '/workspace/build/CMakeFiles/CMakeScratch/TryCompile-jlAs7t'


File CheckSymbolExists.c:
/* */
#include <inttypes.h>
#include <sys/wait.h>
#include <sys/ioctl.h>
#include <sys/param.h>
#include <sys/poll.h>
#include <sys/resource.h>
#include <sys/select.h>
#include <sys/socket.h>
#include <sys/stat.h>
#include <sys/time.h>
#include <sys/types.h>
#include <sys/un.h>
#include <sys/xattr.h>
#include <arpa/inet.h>
#include <fcntl.h>
#include <ifaddrs.h>
#include <libgen.h>
#include <locale.h>
#include <net/if.h>
#include <netdb.h>
#include <netinet/in.h>
#include <netinet/tcp.h>
#include <netinet/udp.h>
#include <poll.h>
#include <pwd.h>
#include <stdatomic.h>
#include <stdbool.h>
#include <stdint.h>
#include <strings.h>
#include <termio.h>
#include <termios.h>
#include <unistd.h>
#include <utime.h>

int main(int argc, char** argv)
{
  (void)argv;
#ifndef getrlimit
  return ((int*)(&getrlimit))[argc];
#else
  (void)argc;
  return 0;
#endif
}
Determining if the setlocale exist passed with the following output:
Change Dir: /workspace/build/CMakeFiles/CMakeScratch/TryCompile-K4lInJ

Run Build Command(s):/usr/bin/gmake -f Makefile cmTC_316c1/fast && /usr/bin/gmake  -f CMakeFiles/cmTC_316c1.dir/build.make CMakeFiles/cmTC_316c1.dir/build
gmake[1]: Entering directory '/workspace/build/CMakeFiles/CMakeScratch/TryCompile-K4lInJ'
Building C object CMakeFiles/cmTC_316c1.dir/CheckSymbolExists.c.o
/usr/bin/cc   -W -Wall -pedantic -Wbad-function-cast -Wconversion -Winline -Wmissing-declarations -Wmissing-prototypes -Wnested-externs -Wno-long-long -Wno-multichar -Wpointer-arith -Wshadow -Wsign-compare -Wundef -Wunused -Wwrite-strings -Wcast-align -Wdeclaration-after-statement -Wempty-body -Wendif-labels -Wfloat-equal -Wignored-qualifiers -Wno-format-nonliteral -Wno-sign-conversion -Wno-system-headers -Wstrict-prototypes -Wtype-limits -Wvla -Wmissing-parameter-type -Wold-style-declaration -Wstrict-aliasing=3 -Wformat=2 -Warray-bounds=2 -ftree-vrp -Wduplicated-cond -Wnull-dereference -fdelete-null-pointer-checks -Wshift-negative-value -Wshift-overflow=2 -Walloc-zero -Wduplicated-branches -Wformat-overflow=2 -Wformat-truncation=1 -Wrestrict -Warith-conversion -Wdouble-promotion -Wenum-conversion -Wunused-const-variable  -o CMakeFiles/cmTC_316c1.dir/CheckSymbolExists.c.o -c /workspace/build/CMakeFiles/CMakeScratch/TryCompile-K4lInJ/CheckSymbolExists.c
/workspace/build/CMakeFiles/CMakeScratch/TryCompile-K4lInJ/CheckSymbolExists.c: In function ‘main’:
/workspace/build/CMakeFiles/CMakeScratch/TryCompile-K4lInJ/CheckSymbolExists.c:40:11: warning: ISO C forbids conversion of function pointer to object pointer type [-Wpedantic]
   40 |   return ((int*)(&setlocale))[argc];
      |           ^
Linking C executable cmTC_316c1
/usr/bin/cmake -E cmake_link_script CMakeFiles/cmTC_316c1.dir/link.txt --verbose=1
/usr/bin/cc   -W -Wall -pedantic -Wbad-function-cast -Wconversion -Winline -Wmissing-declarations -Wmissing-prototypes -Wnested-externs -Wno-long-long -Wno-multichar -Wpointer-arith -Wshadow -Wsign-compare -Wundef -Wunused -Wwrite-strings -Wcast-align -Wdeclaration-after-statement -Wempty-body -Wendif-labels -Wfloat-equal -Wignored-qualifiers -Wno-format-nonliteral -Wno-sign-conversion -Wno-system-headers -Wstrict-prototypes -Wtype-limits -Wvla -Wmissing-parameter-type -Wold-style-declaration -Wstrict-aliasing=3 -Wformat=2 -Warray-bounds=2 -ftree-vrp -Wduplicated-cond -Wnull-dereference -fdelete-null-pointer-checks -Wshift-negative-value -Wshift-overflow=2 -Walloc-zero -Wduplicated-branches -Wformat-overflow=2 -Wformat-truncation=1 -Wrestrict -Warith-conversion -Wdouble-promotion -Wenum-conversion -Wunused-const-variable  CMakeFiles/cmTC_316c1.dir/CheckSymbolExists.c.o -o cmTC_316c1 
gmake[1]: Leaving directory '/workspace/build/CMakeFiles/CMakeScratch/TryCompile-K4lInJ'


File CheckSymbolExists.c:
/* */
#include <inttypes.h>
#include <sys/wait.h>
#include <sys/ioctl.h>
#include <sys/param.h>
#include <sys/poll.h>
#include <sys/resource.h>
#include <sys/select.h>
#include <sys/socket.h>
#include <sys/stat.h>
#include <sys/time.h>
#include <sys/types.h>
#include <sys/un.h>
#include <sys/xattr.h>
#include <arpa/inet.h>
#include <fcntl.h>
#include <ifaddrs.h>
#include <libgen.h>
#include <locale.h>
#include <net/if.h>
#include <netdb.h>
#include <netinet/in.h>
#include <netinet/tcp.h>
#include <netinet/udp.h>
#include <poll.h>
#include <pwd.h>
#include <stdatomic.h>
#include <stdbool.h>
#include <stdint.h>
#include <strings.h>
#include <termio.h>
#include <termios.h>
#include <unistd.h>
#include <utime.h>

int main(int argc, char** argv)
{
  (void)argv;
#ifndef setlocale
  return ((int*)(&setlocale))[argc];
#else
  (void)argc;
  return 0;
#endif
}
Determining if the setrlimit exist passed with the following output:
Change Dir: /workspace/build/CMakeFiles/CMakeScratch/TryCompile-g9vv4Y

Run Build Command(s):/usr/bin/gmake -f Makefile cmTC_7c5ba/fast && /usr/bin/gmake  -f CMakeFiles/cmTC_7c5ba.dir/build.make CMakeFiles/cmTC_7c5ba.dir/build
gmake[1]: Entering directory '/workspace/build/CMakeFiles/CMakeScratch/TryCompile-g9vv4Y'
Building C object CMakeFiles/cmTC_7c5ba.dir/CheckSymbolExists.c.o
/usr/bin/cc   -W -Wall -pedantic -Wbad-function-cast -Wconversion -Winline -Wmissing-declarations -Wmissing-prototypes -Wnested-externs -Wno-long-long -Wno-multichar -Wpointer-arith -Wshadow -Wsign-compare -Wundef -Wunused -Wwrite-strings -Wcast-align -Wdeclaration-after-statement -Wempty-body -Wendif-labels -Wfloat-equal -Wignored-qualifiers -Wno-format-nonliteral -Wno-sign-conversion -Wno-system-headers -Wstrict-prototypes -Wtype-limits -Wvla -Wmissing-parameter-type -Wold-style-declaration -Wstrict-aliasing=3 -Wformat=2 -Warray-bounds=2 -ftree-vrp -Wduplicated-cond -Wnull-dereference -fdelete-null-pointer-checks -Wshift-negative-value -Wshift-overflow=2 -Walloc-zero -Wduplicated-branches -Wformat-overflow=2 -Wformat-truncation=1 -Wrestrict -Warith-conversion -Wdouble-promotion -Wenum-conversion -Wunused-const-variable  -o CMakeFiles/cmTC_7c5ba.dir/CheckSymbolExists.c.o -c /workspace/build/CMakeFiles/CMakeScratch/TryCompile-g9vv4Y/CheckSymbolExists.c
/workspace/build/CMakeFiles/CMakeScratch/TryCompile-g9vv4Y/CheckSymbolExists.c: In function ‘main’:
/workspace/build/CMakeFiles/CMakeScratch/TryCompile-g9vv4Y/CheckSymbolExists.c:40:11: warning: ISO C forbids conversion of function pointer to object pointer type [-Wpedantic]
   40 |   return ((int*)(&setrlimit))[argc];
      |           ^
Linking C executable cmTC_7c5ba
/usr/bin/cmake -E cmake_link_script CMakeFiles/cmTC_7c5ba.dir/link.txt --verbose=1
/usr/bin/cc   -W -Wall -pedantic -Wbad-function-cast -Wconversion -Winline -Wmissing-declarations -Wmissing-prototypes -Wnested-externs -Wno-long-long -Wno-multichar -Wpointer-arith -Wshadow -Wsign-compare -Wundef -Wunused -Wwrite-strings -Wcast-align -Wdeclaration-after-statement -Wempty-body -Wendif-labels -Wfloat-equal -Wignored-qualifiers -Wno-format-nonliteral -Wno-sign-conversion -Wno-system-headers -Wstrict-prototypes -Wtype-limits -Wvla -Wmissing-parameter-type -Wold-style-declaration -Wstrict-aliasing=3 -Wformat=2 -Warray-bounds=2 -ftree-vrp -Wduplicated-cond -Wnull-dereference -fdelete-null-pointer-checks -Wshift-negative-value -Wshift-overflow=2 -Walloc-zero -Wduplicated-branches -Wformat-overflow=2 -Wformat-truncation=1 -Wrestrict -Warith-conversion -Wdouble-promotion -Wenum-conversion -Wunused-const-variable  CMakeFiles/cmTC_7c5ba.dir/CheckSymbolExists.c.o -o cmTC_7c5ba 
gmake[1]: Leaving directory '/workspace/build/CMakeFiles/CMakeScratch/TryCompile-g9vv4Y'


File CheckSymbolExists.c:
/* */
#include <inttypes.h>
#include <sys/wait.h>
#include <sys/ioctl.h>
#include <sys/param.h>
#include <sys/poll.h>
#include <sys/resource.h>
#include <sys/select.h>
#include <sys/socket.h>
#include <sys/stat.h>
#include <sys/time.h>
#include <sys/types.h>
#include <sys/un.h>
#include <sys/xattr.h>
#include <arpa/inet.h>
#include <fcntl.h>
#include <ifaddrs.h>
#include <libgen.h>
#include <locale.h>
#include <net/if.h>
#include <netdb.h>
#include <netinet/in.h>
#include <netinet/tcp.h>
#include <netinet/udp.h>
#include <poll.h>
#include <pwd.h>
#include <stdatomic.h>
#include <stdbool.h>
#include <stdint.h>
#include <strings.h>
#include <termio.h>
#include <termios.h>
#include <unistd.h>
#include <utime.h>

int main(int argc, char** argv)
{
  (void)argv;
#ifndef setrlimit
  return ((int*)(&setrlimit))[argc];
#else
  (void)argc;
  return 0;
#endif
}
Determining if the snprintf exist passed with the following output:
Change Dir: /workspace/build/CMakeFiles/CMakeScratch/TryCompile-m2pF8n

Run Build Command(s):/usr/bin/gmake -f Makefile cmTC_96d40/fast && /usr/bin/gmake  -f CMakeFiles/cmTC_96d40.dir/build.make CMakeFiles/cmTC_96d40.dir/build
gmake[1]: Entering directory '/workspace/build/CMakeFiles/CMakeScratch/TryCompile-m2pF8n'
Building C object CMakeFiles/cmTC_96d40.dir/CheckSymbolExists.c.o
/usr/bin/cc   -W -Wall -pedantic -Wbad-function-cast -Wconversion -Winline -Wmissing-declarations -Wmissing-prototypes -Wnested-externs -Wno-long-long -Wno-multichar -Wpointer-arith -Wshadow -Wsign-compare -Wundef -Wunused -Wwrite-strings -Wcast-align -Wdeclaration-after-statement -Wempty-body -Wendif-labels -Wfloat-equal -Wignored-qualifiers -Wno-format-nonliteral -Wno-sign-conversion -Wno-system-headers -Wstrict-prototypes -Wtype-limits -Wvla -Wmissing-parameter-type -Wold-style-declaration -Wstrict-aliasing=3 -Wformat=2 -Warray-bounds=2 -ftree-vrp -Wduplicated-cond -Wnull-dereference -fdelete-null-pointer-checks -Wshift-negative-value -Wshift-overflow=2 -Walloc-zero -Wduplicated-branches -Wformat-overflow=2 -Wformat-truncation=1 -Wrestrict -Warith-conversion -Wdouble-promotion -Wenum-conversion -Wunused-const-variable  -o CMakeFiles/cmTC_96d40.dir/CheckSymbolExists.c.o -c /workspace/build/CMakeFiles/CMakeScratch/TryCompile-m2pF8n/CheckSymbolExists.c
/workspace/build/CMakeFiles/CMakeScratch/TryCompile-m2pF8n/CheckSymbolExists.c: In function ‘main’:
/workspace/build/CMakeFiles/CMakeScratch/TryCompile-m2pF8n/CheckSymbolExists.c:8:11: warning: ISO C forbids conversion of function pointer to object pointer type [-Wpedantic]
    8 |   return ((int*)(&snprintf))[argc];
      |           ^
Linking C executable cmTC_96d40
/usr/bin/cmake -E cmake_link_script CMakeFiles/cmTC_96d40.dir/link.txt --verbose=1
/usr/bin/cc   -W -Wall -pedantic -Wbad-function-cast -Wconversion -Winline -Wmissing-declarations -Wmissing-prototypes -Wnested-externs -Wno-long-long -Wno-multichar -Wpointer-arith -Wshadow -Wsign-compare -Wundef -Wunused -Wwrite-strings -Wcast-align -Wdeclaration-after-statement -Wempty-body -Wendif-labels -Wfloat-equal -Wignored-qualifiers -Wno-format-nonliteral -Wno-sign-conversion -Wno-system-headers -Wstrict-prototypes -Wtype-limits -Wvla -Wmissing-parameter-type -Wold-style-declaration -Wstrict-aliasing=3 -Wformat=2 -Warray-bounds=2 -ftree-vrp -Wduplicated-cond -Wnull-dereference -fdelete-null-pointer-checks -Wshift-negative-value -Wshift-overflow=2 -Walloc-zero -Wduplicated-branches -Wformat-overflow=2 -Wformat-truncation=1 -Wrestrict -Warith-conversion -Wdouble-promotion -Wenum-conversion -Wunused-const-variable  CMakeFiles/cmTC_96d40.dir/CheckSymbolExists.c.o -o cmTC_96d40 
gmake[1]: Leaving directory '/workspace/build/CMakeFiles/CMakeScratch/TryCompile-m2pF8n'


File CheckSymbolExists.c:
/* */
#include <stdio.h>

int main(int argc, char** argv)
{
  (void)argv;
#ifndef snprintf
  return ((int*)(&snprintf))[argc];
#else
  (void)argc;
  return 0;
#endif
}
Determining if the inet_ntop exist passed with the following output:
Change Dir: /workspace/build/CMakeFiles/CMakeScratch/TryCompile-67XCJm

Run Build Command(s):/usr/bin/gmake -f Makefile cmTC_d5264/fast && /usr/bin/gmake  -f CMakeFiles/cmTC_d5264.dir/build.make CMakeFiles/cmTC_d5264.dir/build
gmake[1]: Entering directory '/workspace/build/CMakeFiles/CMakeScratch/TryCompile-67XCJm'
Building C object CMakeFiles/cmTC_d5264.dir/CheckSymbolExists.c.o
/usr/bin/cc   -W -Wall -pedantic -Wbad-function-cast -Wconversion -Winline -Wmissing-declarations -Wmissing-prototypes -Wnested-externs -Wno-long-long -Wno-multichar -Wpointer-arith -Wshadow -Wsign-compare -Wundef -Wunused -Wwrite-strings -Wcast-align -Wdeclaration-after-statement -Wempty-body -Wendif-labels -Wfloat-equal -Wignored-qualifiers -Wno-format-nonliteral -Wno-sign-conversion -Wno-system-headers -Wstrict-prototypes -Wtype-limits -Wvla -Wmissing-parameter-type -Wold-style-declaration -Wstrict-aliasing=3 -Wformat=2 -Warray-bounds=2 -ftree-vrp -Wduplicated-cond -Wnull-dereference -fdelete-null-pointer-checks -Wshift-negative-value -Wshift-overflow=2 -Walloc-zero -Wduplicated-branches -Wformat-overflow=2 -Wformat-truncation=1 -Wrestrict -Warith-conversion -Wdouble-promotion -Wenum-conversion -Wunused-const-variable  -o CMakeFiles/cmTC_d5264.dir/CheckSymbolExists.c.o -c /workspace/build/CMakeFiles/CMakeScratch/TryCompile-67XCJm/CheckSymbolExists.c
/workspace/build/CMakeFiles/CMakeScratch/TryCompile-67XCJm/CheckSymbolExists.c: In function ‘main’:
/workspace/build/CMakeFiles/CMakeScratch/TryCompile-67XCJm/CheckSymbolExists.c:42:11: warning: ISO C forbids conversion of function pointer to object pointer type [-Wpedantic]
   42 |   return ((int*)(&inet_ntop))[argc];
      |           ^
Linking C executable cmTC_d5264
/usr/bin/cmake -E cmake_link_script CMakeFiles/cmTC_d5264.dir/link.txt --verbose=1
/usr/bin/cc   -W -Wall -pedantic -Wbad-function-cast -Wconversion -Winline -Wmissing-declarations -Wmissing-prototypes -Wnested-externs -Wno-long-long -Wno-multichar -Wpointer-arith -Wshadow -Wsign-compare -Wundef -Wunused -Wwrite-strings -Wcast-align -Wdeclaration-after-statement -Wempty-body -Wendif-labels -Wfloat-equal -Wignored-qualifiers -Wno-format-nonliteral -Wno-sign-conversion -Wno-system-headers -Wstrict-prototypes -Wtype-limits -Wvla -Wmissing-parameter-type -Wold-style-declaration -Wstrict-aliasing=3 -Wformat=2 -Warray-bounds=2 -ftree-vrp -Wduplicated-cond -Wnull-dereference -fdelete-null-pointer-checks -Wshift-negative-value -Wshift-overflow=2 -Walloc-zero -Wduplicated-branches -Wformat-overflow=2 -Wformat-truncation=1 -Wrestrict -Warith-conversion -Wdouble-promotion -Wenum-conversion -Wunused-const-variable  CMakeFiles/cmTC_d5264.dir/CheckSymbolExists.c.o -o cmTC_d5264 
gmake[1]: Leaving directory '/workspace/build/CMakeFiles/CMakeScratch/TryCompile-67XCJm'


File CheckSymbolExists.c:
/* */
#include <inttypes.h>
#include <sys/wait.h>
#include <sys/ioctl.h>
#include <sys/param.h>
#include <sys/poll.h>
#include <sys/resource.h>
#include <sys/select.h>
#include <sys/socket.h>
#include <sys/stat.h>
#include <sys/time.h>
#include <sys/types.h>
#include <sys/un.h>
#include <sys/xattr.h>
#include <arpa/inet.h>
#include <fcntl.h>
#include <ifaddrs.h>
#include <libgen.h>
#include <locale.h>
#include <net/if.h>
#include <netdb.h>
#include <netinet/in.h>
#include <netinet/tcp.h>
#include <netinet/udp.h>
#include <poll.h>
#include <pwd.h>
#include <stdatomic.h>
#include <stdbool.h>
#include <stdint.h>
#include <strings.h>
#include <termio.h>
#include <termios.h>
#include <unistd.h>
#include <utime.h>
#include <stdlib.h>
#include <string.h>

int main(int argc, char** argv)
{
  (void)argv;
#ifndef inet_ntop
  return ((int*)(&inet_ntop))[argc];
#else
  (void)argc;
  return 0;
#endif
}
Determining if the inet_pton exist passed with the following output:
Change Dir: /workspace/build/CMakeFiles/CMakeScratch/TryCompile-YYHZUj

Run Build Command(s):/usr/bin/gmake -f Makefile cmTC_66a63/fast && /usr/bin/gmake  -f CMakeFiles/cmTC_66a63.dir/build.make CMakeFiles/cmTC_66a63.dir/build
gmake[1]: Entering directory '/workspace/build/CMakeFiles/CMakeScratch/TryCompile-YYHZUj'
Building C object CMakeFiles/cmTC_66a63.dir/CheckSymbolExists.c.o
/usr/bin/cc   -W -Wall -pedantic -Wbad-function-cast -Wconversion -Winline -Wmissing-declarations -Wmissing-prototypes -Wnested-externs -Wno-long-long -Wno-multichar -Wpointer-arith -Wshadow -Wsign-compare -Wundef -Wunused -Wwrite-strings -Wcast-align -Wdeclaration-after-statement -Wempty-body -Wendif-labels -Wfloat-equal -Wignored-qualifiers -Wno-format-nonliteral -Wno-sign-conversion -Wno-system-headers -Wstrict-prototypes -Wtype-limits -Wvla -Wmissing-parameter-type -Wold-style-declaration -Wstrict-aliasing=3 -Wformat=2 -Warray-bounds=2 -ftree-vrp -Wduplicated-cond -Wnull-dereference -fdelete-null-pointer-checks -Wshift-negative-value -Wshift-overflow=2 -Walloc-zero -Wduplicated-branches -Wformat-overflow=2 -Wformat-truncation=1 -Wrestrict -Warith-conversion -Wdouble-promotion -Wenum-conversion -Wunused-const-variable  -o CMakeFiles/cmTC_66a63.dir/CheckSymbolExists.c.o -c /workspace/build/CMakeFiles/CMakeScratch/TryCompile-YYHZUj/CheckSymbolExists.c
/workspace/build/CMakeFiles/CMakeScratch/TryCompile-YYHZUj/CheckSymbolExists.c: In function ‘main’:
/workspace/build/CMakeFiles/CMakeScratch/TryCompile-YYHZUj/CheckSymbolExists.c:42:11: warning: ISO C forbids conversion of function pointer to object pointer type [-Wpedantic]
   42 |   return ((int*)(&inet_pton))[argc];
      |           ^
Linking C executable cmTC_66a63
/usr/bin/cmake -E cmake_link_script CMakeFiles/cmTC_66a63.dir/link.txt --verbose=1
/usr/bin/cc   -W -Wall -pedantic -Wbad-function-cast -Wconversion -Winline -Wmissing-declarations -Wmissing-prototypes -Wnested-externs -Wno-long-long -Wno-multichar -Wpointer-arith -Wshadow -Wsign-compare -Wundef -Wunused -Wwrite-strings -Wcast-align -Wdeclaration-after-statement -Wempty-body -Wendif-labels -Wfloat-equal -Wignored-qualifiers -Wno-format-nonliteral -Wno-sign-conversion -Wno-system-headers -Wstrict-prototypes -Wtype-limits -Wvla -Wmissing-parameter-type -Wold-style-declaration -Wstrict-aliasing=3 -Wformat=2 -Warray-bounds=2 -ftree-vrp -Wduplicated-cond -Wnull-dereference -fdelete-null-pointer-checks -Wshift-negative-value -Wshift-overflow=2 -Walloc-zero -Wduplicated-branches -Wformat-overflow=2 -Wformat-truncation=1 -Wrestrict -Warith-conversion -Wdouble-promotion -Wenum-conversion -Wunused-const-variable  CMakeFiles/cmTC_66a63.dir/CheckSymbolExists.c.o -o cmTC_66a63 
gmake[1]: Leaving directory '/workspace/build/CMakeFiles/CMakeScratch/TryCompile-YYHZUj'


File CheckSymbolExists.c:
/* */
#include <inttypes.h>
#include <sys/wait.h>
#include <sys/ioctl.h>
#include <sys/param.h>
#include <sys/poll.h>
#include <sys/resource.h>
#include <sys/select.h>
#include <sys/socket.h>
#include <sys/stat.h>
#include <sys/time.h>
#include <sys/types.h>
#include <sys/un.h>
#include <sys/xattr.h>
#include <arpa/inet.h>
#include <fcntl.h>
#include <ifaddrs.h>
#include <libgen.h>
#include <locale.h>
#include <net/if.h>
#include <netdb.h>
#include <netinet/in.h>
#include <netinet/tcp.h>
#include <netinet/udp.h>
#include <poll.h>
#include <pwd.h>
#include <stdatomic.h>
#include <stdbool.h>
#include <stdint.h>
#include <strings.h>
#include <termio.h>
#include <termios.h>
#include <unistd.h>
#include <utime.h>
#include <stdlib.h>
#include <string.h>

int main(int argc, char** argv)
{
  (void)argv;
#ifndef inet_pton
  return ((int*)(&inet_pton))[argc];
#else
  (void)argc;
  return 0;
#endif
}
Determining if the fsetxattr exist passed with the following output:
Change Dir: /workspace/build/CMakeFiles/CMakeScratch/TryCompile-4esmac

Run Build Command(s):/usr/bin/gmake -f Makefile cmTC_c4948/fast && /usr/bin/gmake  -f CMakeFiles/cmTC_c4948.dir/build.make CMakeFiles/cmTC_c4948.dir/build
gmake[1]: Entering directory '/workspace/build/CMakeFiles/CMakeScratch/TryCompile-4esmac'
Building C object CMakeFiles/cmTC_c4948.dir/CheckSymbolExists.c.o
/usr/bin/cc   -W -Wall -pedantic -Wbad-function-cast -Wconversion -Winline -Wmissing-declarations -Wmissing-prototypes -Wnested-externs -Wno-long-long -Wno-multichar -Wpointer-arith -Wshadow -Wsign-compare -Wundef -Wunused -Wwrite-strings -Wcast-align -Wdeclaration-after-statement -Wempty-body -Wendif-labels -Wfloat-equal -Wignored-qualifiers -Wno-format-nonliteral -Wno-sign-conversion -Wno-system-headers -Wstrict-prototypes -Wtype-limits -Wvla -Wmissing-parameter-type -Wold-style-declaration -Wstrict-aliasing=3 -Wformat=2 -Warray-bounds=2 -ftree-vrp -Wduplicated-cond -Wnull-dereference -fdelete-null-pointer-checks -Wshift-negative-value -Wshift-overflow=2 -Walloc-zero -Wduplicated-branches -Wformat-overflow=2 -Wformat-truncation=1 -Wrestrict -Warith-conversion -Wdouble-promotion -Wenum-conversion -Wunused-const-variable  -o CMakeFiles/cmTC_c4948.dir/CheckSymbolExists.c.o -c /workspace/build/CMakeFiles/CMakeScratch/TryCompile-4esmac/CheckSymbolExists.c
/workspace/build/CMakeFiles/CMakeScratch/TryCompile-4esmac/CheckSymbolExists.c: In function ‘main’:
/workspace/build/CMakeFiles/CMakeScratch/TryCompile-4esmac/CheckSymbolExists.c:40:11: warning: ISO C forbids conversion of function pointer to object pointer type [-Wpedantic]
   40 |   return ((int*)(&fsetxattr))[argc];
      |           ^
Linking C executable cmTC_c4948
/usr/bin/cmake -E cmake_link_script CMakeFiles/cmTC_c4948.dir/link.txt --verbose=1
/usr/bin/cc   -W -Wall -pedantic -Wbad-function-cast -Wconversion -Winline -Wmissing-declarations -Wmissing-prototypes -Wnested-externs -Wno-long-long -Wno-multichar -Wpointer-arith -Wshadow -Wsign-compare -Wundef -Wunused -Wwrite-strings -Wcast-align -Wdeclaration-after-statement -Wempty-body -Wendif-labels -Wfloat-equal -Wignored-qualifiers -Wno-format-nonliteral -Wno-sign-conversion -Wno-system-headers -Wstrict-prototypes -Wtype-limits -Wvla -Wmissing-parameter-type -Wold-style-declaration -Wstrict-aliasing=3 -Wformat=2 -Warray-bounds=2 -ftree-vrp -Wduplicated-cond -Wnull-dereference -fdelete-null-pointer-checks -Wshift-negative-value -Wshift-overflow=2 -Walloc-zero -Wduplicated-branches -Wformat-overflow=2 -Wformat-truncation=1 -Wrestrict -Warith-conversion -Wdouble-promotion -Wenum-conversion -Wunused-const-variable  CMakeFiles/cmTC_c4948.dir/CheckSymbolExists.c.o -o cmTC_c4948 
gmake[1]: Leaving directory '/workspace/build/CMakeFiles/CMakeScratch/TryCompile-4esmac'


File CheckSymbolExists.c:
/* */
#include <inttypes.h>
#include <sys/wait.h>
#include <sys/ioctl.h>
#include <sys/param.h>
#include <sys/poll.h>
#include <sys/resource.h>
#include <sys/select.h>
#include <sys/socket.h>
#include <sys/stat.h>
#include <sys/time.h>
#include <sys/types.h>
#include <sys/un.h>
#include <sys/xattr.h>
#include <arpa/inet.h>
#include <fcntl.h>
#include <ifaddrs.h>
#include <libgen.h>
#include <locale.h>
#include <net/if.h>
#include <netdb.h>
#include <netinet/in.h>
#include <netinet/tcp.h>
#include <netinet/udp.h>
#include <poll.h>
#include <pwd.h>
#include <stdatomic.h>
#include <stdbool.h>
#include <stdint.h>
#include <strings.h>
#include <termio.h>
#include <termios.h>
#include <unistd.h>
#include <utime.h>

int main(int argc, char** argv)
{
  (void)argv;
#ifndef fsetxattr
  return ((int*)(&fsetxattr))[argc];
#else
  (void)argc;
  return 0;
#endif
}
Performing Curl Test HAVE_FSETXATTR_5 passed with the following output:
Change Dir: /workspace/build/CMakeFiles/CMakeTmp

Run Build Command(s):/usr/bin/gmake -f Makefile cmTC_68b1b/fast && /usr/bin/gmake  -f CMakeFiles/cmTC_68b1b.dir/build.make CMakeFiles/cmTC_68b1b.dir/build
gmake[1]: Entering directory '/workspace/build/CMakeFiles/CMakeTmp'
Building C object CMakeFiles/cmTC_68b1b.dir/CurlTests.c.o
/usr/bin/cc   -W -Wall -pedantic -Wbad-function-cast -Wconversion -Winline -Wmissing-declarations -Wmissing-prototypes -Wnested-externs -Wno-long-long -Wno-multichar -Wpointer-arith -Wshadow -Wsign-compare -Wundef -Wunused -Wwrite-strings -Wcast-align -Wdeclaration-after-statement -Wempty-body -Wendif-labels -Wfloat-equal -Wignored-qualifiers -Wno-format-nonliteral -Wno-sign-conversion -Wno-system-headers -Wstrict-prototypes -Wtype-limits -Wvla -Wmissing-parameter-type -Wold-style-declaration -Wstrict-aliasing=3 -Wformat=2 -Warray-bounds=2 -ftree-vrp -Wduplicated-cond -Wnull-dereference -fdelete-null-pointer-checks -Wshift-negative-value -Wshift-overflow=2 -Walloc-zero -Wduplicated-branches -Wformat-overflow=2 -Wformat-truncation=1 -Wrestrict -Warith-conversion -Wdouble-promotion -Wenum-conversion -Wunused-const-variable -DHAVE_FSETXATTR_5  -DHAVE_INTTYPES_H -DHAVE_SYS_WAIT_H -DHAVE_SYS_IOCTL_H -DHAVE_SYS_PARAM_H -DHAVE_SYS_POLL_H -DHAVE_SYS_RESOURCE_H -DHAVE_SYS_SELECT_H -DHAVE_SYS_SOCKET_H -DHAVE_SYS_STAT_H -DHAVE_SYS_TIME_H -DHAVE_SYS_TYPES_H -DHAVE_SYS_UN_H -DHAVE_SYS_XATTR_H -DHAVE_ARPA_INET_H -DHAVE_FCNTL_H -DHAVE_IFADDRS_H -DHAVE_LIBGEN_H -DHAVE_LOCALE_H -DHAVE_NET_IF_H -DHAVE_NETDB_H -DHAVE_NETINET_IN_H -DHAVE_NETINET_TCP_H -DHAVE_NETINET_UDP_H -DHAVE_POLL_H -DHAVE_PWD_H -DHAVE_STDATOMIC_H -DHAVE_STDBOOL_H -DHAVE_STDINT_H -DHAVE_STRINGS_H -DHAVE_TERMIO_H -DHAVE_TERMIOS_H -DHAVE_UNISTD_H -DHAVE_UTIME_H -o CMakeFiles/cmTC_68b1b.dir/CurlTests.c.o -c /workspace/build/_deps/curl-src/CMake/CurlTests.c
/workspace/build/_deps/curl-src/CMake/CurlTests.c:413:1: warning: function declaration isn’t a prototype [-Wstrict-prototypes]
  413 | main() {
      | ^~~~
Linking C executable cmTC_68b1b
/usr/bin/cmake -E cmake_link_script CMakeFiles/cmTC_68b1b.dir/link.txt --verbose=1
/usr/bin/cc   -W -Wall -pedantic -Wbad-function-cast -Wconversion -Winline -Wmissing-declarations -Wmissing-prototypes -Wnested-externs -Wno-long-long -Wno-multichar -Wpointer-arith -Wshadow -Wsign-compare -Wundef -Wunused -Wwrite-strings -Wcast-align -Wdeclaration-after-statement -Wempty-body -Wendif-labels -Wfloat-equal -Wignored-qualifiers -Wno-format-nonliteral -Wno-sign-conversion -Wno-system-headers -Wstrict-prototypes -Wtype-limits -Wvla -Wmissing-parameter-type -Wold-style-declaration -Wstrict-aliasing=3 -Wformat=2 -Warray-bounds=2 -ftree-vrp -Wduplicated-cond -Wnull-dereference -fdelete-null-pointer-checks -Wshift-negative-value -Wshift-overflow=2 -Walloc-zero -Wduplicated-branches -Wformat-overflow=2 -Wformat-truncation=1 -Wrestrict -Warith-conversion -Wdouble-promotion -Wenum-conversion -Wunused-const-variable -DHAVE_FSETXATTR_5  -DHAVE_INTTYPES_H -DHAVE_SYS_WAIT_H -DHAVE_SYS_IOCTL_H -DHAVE_SYS_PARAM_H -DHAVE_SYS_POLL_H -DHAVE_SYS_RESOURCE_H -DHAVE_SYS_SELECT_H -DHAVE_SYS_SOCKET_H -DHAVE_SYS_STAT_H -DHAVE_SYS_TIME_H -DHAVE_SYS_TYPES_H -DHAVE_SYS_UN_H -DHAVE_SYS_XATTR_H -DHAVE_ARPA_INET_H -DHAVE_FCNTL_H -DHAVE_IFADDRS_H -DHAVE_LIBGEN_H -DHAVE_LOCALE_H -DHAVE_NET_IF_H -DHAVE_NETDB_H -DHAVE_NETINET_IN_H -DHAVE_NETINET_TCP_H -DHAVE_NETINET_UDP_H -DHAVE_POLL_H -DHAVE_PWD_H -DHAVE_STDATOMIC_H -DHAVE_STDBOOL_H -DHAVE_STDINT_H -DHAVE_STRINGS_H -DHAVE_TERMIO_H -DHAVE_TERMIOS_H -DHAVE_UNISTD_H -DHAVE_UTIME_H CMakeFiles/cmTC_68b1b.dir/CurlTests.c.o -o cmTC_68b1b 
gmake[1]: Leaving directory '/workspace/build/CMakeFiles/CMakeTmp'


Determining size of sa_family_t passed with the following output:
Change Dir: /workspace/build/CMakeFiles/CMakeScratch/TryCompile-TnhSM4

Run Build Command(s):/usr/bin/gmake -f Makefile cmTC_4e423/fast && /usr/bin/gmake  -f CMakeFiles/cmTC_4e423.dir/build.make CMakeFiles/cmTC_4e423.dir/build
gmake[1]: Entering directory '/workspace/build/CMakeFiles/CMakeScratch/TryCompile-TnhSM4'
Building C object CMakeFiles/cmTC_4e423.dir/SIZEOF_SA_FAMILY_T.c.o
/usr/bin/cc   -W -Wall -pedantic -Wbad-function-cast -Wconversion -Winline -Wmissing-declarations -Wmissing-prototypes -Wnested-externs -Wno-long-long -Wno-multichar -Wpointer-arith -Wshadow -Wsign-compare -Wundef -Wunused -Wwrite-strings -Wcast-align -Wdeclaration-after-statement -Wempty-body -Wendif-labels -Wfloat-equal -Wignored-qualifiers -Wno-format-nonliteral -Wno-sign-conversion -Wno-system-headers -Wstrict-prototypes -Wtype-limits -Wvla -Wmissing-parameter-type -Wold-style-declaration -Wstrict-aliasing=3 -Wformat=2 -Warray-bounds=2 -ftree-vrp -Wduplicated-cond -Wnull-dereference -fdelete-null-pointer-checks -Wshift-negative-value -Wshift-overflow=2 -Walloc-zero -Wduplicated-branches -Wformat-overflow=2 -Wformat-truncation=1 -Wrestrict -Warith-conversion -Wdouble-promotion -Wenum-conversion -Wunused-const-variable  -o CMakeFiles/cmTC_4e423.dir/SIZEOF_SA_FAMILY_T.c.o -c /workspace/build/CMakeFiles/CMakeScratch/TryCompile-TnhSM4/SIZEOF_SA_FAMILY_T.c
Linking C executable cmTC_4e423
/usr/bin/cmake -E cmake_link_script CMakeFiles/cmTC_4e423.dir/link.txt --verbose=1
/usr/bin/cc   -W -Wall -pedantic -Wbad-function-cast -Wconversion -Winline -Wmissing-declarations -Wmissing-prototypes -Wnested-externs -Wno-long-long -Wno-multichar -Wpointer-arith -Wshadow -Wsign-compare -Wundef -Wunused -Wwrite-strings -Wcast-align -Wdeclaration-after-statement -Wempty-body -Wendif-labels -Wfloat-equal -Wignored-qualifiers -Wno-format-nonliteral -Wno-sign-conversion -Wno-system-headers -Wstrict-prototypes -Wtype-limits -Wvla -Wmissing-parameter-type -Wold-style-declaration -Wstrict-aliasing=3 -Wformat=2 -Warray-bounds=2 -ftree-vrp -Wduplicated-cond -Wnull-dereference -fdelete-null-pointer-checks -Wshift-negative-value -Wshift-overflow=2 -Walloc-zero -Wduplicated-branches -Wformat-overflow=2 -Wformat-truncation=1 -Wrestrict -Warith-conversion -Wdouble-promotion -Wenum-conversion -Wunused-const-variable  CMakeFiles/cmTC_4e423.dir/SIZEOF_SA_FAMILY_T.c.o -o cmTC_4e423 
gmake[1]: Leaving directory '/workspace/build/CMakeFiles/CMakeScratch/TryCompile-TnhSM4'



Determining if the sigaction exist passed with the following output:
Change Dir: /workspace/build/CMakeFiles/CMakeScratch/TryCompile-UyTyXT

Run Build Command(s):/usr/bin/gmake -f Makefile cmTC_3a672/fast && /usr/bin/gmake  -f CMakeFiles/cmTC_3a672.dir/build.make CMakeFiles/cmTC_3a672.dir/build
gmake[1]: Entering directory '/workspace/build/CMakeFiles/CMakeScratch/TryCompile-UyTyXT'
Building C object CMakeFiles/cmTC_3a672.dir/CheckSymbolExists.c.o
/usr/bin/cc   -W -Wall -pedantic -Wbad-function-cast -Wconversion -Winline -Wmissing-declarations -Wmissing-prototypes -Wnested-externs -Wno-long-long -Wno-multichar -Wpointer-arith -Wshadow -Wsign-compare -Wundef -Wunused -Wwrite-strings -Wcast-align -Wdeclaration-after-statement -Wempty-body -Wendif-labels -Wfloat-equal -Wignored-qualifiers -Wno-format-nonliteral -Wno-sign-conversion -Wno-system-headers -Wstrict-prototypes -Wtype-limits -Wvla -Wmissing-parameter-type -Wold-style-declaration -Wstrict-aliasing=3 -Wformat=2 -Warray-bounds=2 -ftree-vrp -Wduplicated-cond -Wnull-dereference -fdelete-null-pointer-checks -Wshift-negative-value -Wshift-overflow=2 -Walloc-zero -Wduplicated-branches -Wformat-overflow=2 -Wformat-truncation=1 -Wrestrict -Warith-conversion -Wdouble-promotion -Wenum-conversion -Wunused-const-variable  -o CMakeFiles/cmTC_3a672.dir/CheckSymbolExists.c.o -c /workspace/build/CMakeFiles/CMakeScratch/TryCompile-UyTyXT/CheckSymbolExists.c
/workspace/build/CMakeFiles/CMakeScratch/TryCompile-UyTyXT/CheckSymbolExists.c: In function ‘main’:
/workspace/build/CMakeFiles/CMakeScratch/TryCompile-UyTyXT/CheckSymbolExists.c:8:11: warning: ISO C forbids conversion of function pointer to object pointer type [-Wpedantic]
    8 |   return ((int*)(&sigaction))[argc];
      |           ^
Linking C executable cmTC_3a672
/usr/bin/cmake -E cmake_link_script CMakeFiles/cmTC_3a672.dir/link.txt --verbose=1
/usr/bin/cc   -W -Wall -pedantic -Wbad-function-cast -Wconversion -Winline -Wmissing-declarations -Wmissing-prototypes -Wnested-externs -Wno-long-long -Wno-multichar -Wpointer-arith -Wshadow -Wsign-compare -Wundef -Wunused -Wwrite-strings -Wcast-align -Wdeclaration-after-statement -Wempty-body -Wendif-labels -Wfloat-equal -Wignored-qualifiers -Wno-format-nonliteral -Wno-sign-conversion -Wno-system-headers -Wstrict-prototypes -Wtype-limits -Wvla -Wmissing-parameter-type -Wold-style-declaration -Wstrict-aliasing=3 -Wformat=2 -Warray-bounds=2 -ftree-vrp -Wduplicated-cond -Wnull-dereference -fdelete-null-pointer-checks -Wshift-negative-value -Wshift-overflow=2 -Walloc-zero -Wduplicated-branches -Wformat-overflow=2 -Wformat-truncation=1 -Wrestrict -Warith-conversion -Wdouble-promotion -Wenum-conversion -Wunused-const-variable  CMakeFiles/cmTC_3a672.dir/CheckSymbolExists.c.o -o cmTC_3a672 
gmake[1]: Leaving directory '/workspace/build/CMakeFiles/CMakeScratch/TryCompile-UyTyXT'


File CheckSymbolExists.c:
/* */
#include <signal.h>

int main(int argc, char** argv)
{
  (void)argv;
#ifndef sigaction
  return ((int*)(&sigaction))[argc];
#else
  (void)argc;
  return 0;
#endif
}
Performing Curl Test HAVE_FCNTL_O_NONBLOCK passed with the following output:
Change Dir: /workspace/build/CMakeFiles/CMakeTmp

Run Build Command(s):/usr/bin/gmake -f Makefile cmTC_f8078/fast && /usr/bin/gmake  -f CMakeFiles/cmTC_f8078.dir/build.make CMakeFiles/cmTC_f8078.dir/build
gmake[1]: Entering directory '/workspace/build/CMakeFiles/CMakeTmp'
Building C object CMakeFiles/cmTC_f8078.dir/CurlTests.c.o
/usr/bin/cc   -W -Wall -pedantic -Wbad-function-cast -Wconversion -Winline -Wmissing-declarations -Wmissing-prototypes -Wnested-externs -Wno-long-long -Wno-multichar -Wpointer-arith -Wshadow -Wsign-compare -Wundef -Wunused -Wwrite-strings -Wcast-align -Wdeclaration-after-statement -Wempty-body -Wendif-labels -Wfloat-equal -Wignored-qualifiers -Wno-format-nonliteral -Wno-sign-conversion -Wno-system-headers -Wstrict-prototypes -Wtype-limits -Wvla -Wmissing-parameter-type -Wold-style-declaration -Wstrict-aliasing=3 -Wformat=2 -Warray-bounds=2 -ftree-vrp -Wduplicated-cond -Wnull-dereference -fdelete-null-pointer-checks -Wshift-negative-value -Wshift-overflow=2 -Walloc-zero -Wduplicated-branches -Wformat-overflow=2 -Wformat-truncation=1 -Wrestrict -Warith-conversion -Wdouble-promotion -Wenum-conversion -Wunused-const-variable -DHAVE_FCNTL_O_NONBLOCK  -DHAVE_INTTYPES_H -DHAVE_SYS_WAIT_H -DHAVE_SYS_IOCTL_H -DHAVE_SYS_PARAM_H -DHAVE_SYS_POLL_H -DHAVE_SYS_RESOURCE_H -DHAVE_SYS_SELECT_H -DHAVE_SYS_SOCKET_H -DHAVE_SYS_STAT_H -DHAVE_SYS_TIME_H -DHAVE_SYS_TYPES_H -DHAVE_SYS_UN_H -DHAVE_SYS_XATTR_H -DHAVE_ARPA_INET_H -DHAVE_FCNTL_H -DHAVE_IFADDRS_H -DHAVE_LIBGEN_H -DHAVE_LOCALE_H -DHAVE_NET_IF_H -DHAVE_NETDB_H -DHAVE_NETINET_IN_H -DHAVE_NETINET_TCP_H -DHAVE_NETINET_UDP_H -DHAVE_POLL_H -DHAVE_PWD_H -DHAVE_STDATOMIC_H -DHAVE_STDBOOL_H -DHAVE_STDINT_H -DHAVE_STRINGS_H -DHAVE_TERMIO_H -DHAVE_TERMIOS_H -DHAVE_UNISTD_H -DHAVE_UTIME_H -o CMakeFiles/cmTC_f8078.dir/CurlTests.c.o -c /workspace/build/_deps/curl-src/CMake/CurlTests.c
/workspace/build/_deps/curl-src/CMake/CurlTests.c:49:1: warning: function declaration isn’t a prototype [-Wstrict-prototypes]
   49 | main ()
      | ^~~~
Linking C executable cmTC_f8078
/usr/bin/cmake -E cmake_link_script CMakeFiles/cmTC_f8078.dir/link.txt --verbose=1
/usr/bin/cc   -W -Wall -pedantic -Wbad-function-cast -Wconversion -Winline -Wmissing-declarations -Wmissing-prototypes -Wnested-externs -Wno-long-long -Wno-multichar -Wpointer-arith -Wshadow -Wsign-compare -Wundef -Wunused -Wwrite-strings -Wcast-align -Wdeclaration-after-statement -Wempty-body -Wendif-labels -Wfloat-equal -Wignored-qualifiers -Wno-format-nonliteral -Wno-sign-conversion -Wno-system-headers -Wstrict-prototypes -Wtype-limits -Wvla -Wmissing-parameter-type -Wold-style-declaration -Wstrict-aliasing=3 -Wformat=2 -Warray-bounds=2 -ftree-vrp -Wduplicated-cond -Wnull-dereference -fdelete-null-pointer-checks -Wshift-negative-value -Wshift-overflow=2 -Walloc-zero -Wduplicated-branches -Wformat-overflow=2 -Wformat-truncation=1 -Wrestrict -Warith-conversion -Wdouble-promotion -Wenum-conversion -Wunused-const-variable -DHAVE_FCNTL_O_NONBLOCK  -DHAVE_INTTYPES_H -DHAVE_SYS_WAIT_H -DHAVE_SYS_IOCTL_H -DHAVE_SYS_PARAM_H -DHAVE_SYS_POLL_H -DHAVE_SYS_RESOURCE_H -DHAVE_SYS_SELECT_H -DHAVE_SYS_SOCKET_H -DHAVE_SYS_STAT_H -DHAVE_SYS_TIME_H -DHAVE_SYS_TYPES_H -DHAVE_SYS_UN_H -DHAVE_SYS_XATTR_H -DHAVE_ARPA_INET_H -DHAVE_FCNTL_H -DHAVE_IFADDRS_H -DHAVE_LIBGEN_H -DHAVE_LOCALE_H -DHAVE_NET_IF_H -DHAVE_NETDB_H -DHAVE_NETINET_IN_H -DHAVE_NETINET_TCP_H -DHAVE_NETINET_UDP_H -DHAVE_POLL_H -DHAVE_PWD_H -DHAVE_STDATOMIC_H -DHAVE_STDBOOL_H -DHAVE_STDINT_H -DHAVE_STRINGS_H -DHAVE_TERMIO_H -DHAVE_TERMIOS_H -DHAVE_UNISTD_H -DHAVE_UTIME_H CMakeFiles/cmTC_f8078.dir/CurlTests.c.o -o cmTC_f8078 
gmake[1]: Leaving directory '/workspace/build/CMakeFiles/CMakeTmp'


Performing Curl Test HAVE_IOCTL_FIONBIO passed with the following output:
Change Dir: /workspace/build/CMakeFiles/CMakeTmp

Run Build Command(s):/usr/bin/gmake -f Makefile cmTC_2c339/fast && /usr/bin/gmake  -f CMakeFiles/cmTC_2c339.dir/build.make CMakeFiles/cmTC_2c339.dir/build
gmake[1]: Entering directory '/workspace/build/CMakeFiles/CMakeTmp'
Building C object CMakeFiles/cmTC_2c339.dir/CurlTests.c.o
/usr/bin/cc   -W -Wall -pedantic -Wbad-function-cast -Wconversion -Winline -Wmissing-declarations -Wmissing-prototypes -Wnested-externs -Wno-long-long -Wno-multichar -Wpointer-arith -Wshadow -Wsign-compare -Wundef -Wunused -Wwrite-strings -Wcast-align -Wdeclaration-after-statement -Wempty-body -Wendif-labels -Wfloat-equal -Wignored-qualifiers -Wno-format-nonliteral -Wno-sign-conversion -Wno-system-headers -Wstrict-prototypes -Wtype-limits -Wvla -Wmissing-parameter-type -Wold-style-declaration -Wstrict-aliasing=3 -Wformat=2 -Warray-bounds=2 -ftree-vrp -Wduplicated-cond -Wnull-dereference -fdelete-null-pointer-checks -Wshift-negative-value -Wshift-overflow=2 -Walloc-zero -Wduplicated-branches -Wformat-overflow=2 -Wformat-truncation=1 -Wrestrict -Warith-conversion -Wdouble-promotion -Wenum-conversion -Wunused-const-variable -DHAVE_IOCTL_FIONBIO  -DHAVE_INTTYPES_H -DHAVE_SYS_WAIT_H -DHAVE_SYS_IOCTL_H -DHAVE_SYS_PARAM_H -DHAVE_SYS_POLL_H -DHAVE_SYS_RESOURCE_H -DHAVE_SYS_SELECT_H -DHAVE_SYS_SOCKET_H -DHAVE_SYS_STAT_H -DHAVE_SYS_TIME_H -DHAVE_SYS_TYPES_H -DHAVE_SYS_UN_H -DHAVE_SYS_XATTR_H -DHAVE_ARPA_INET_H -DHAVE_FCNTL_H -DHAVE_IFADDRS_H -DHAVE_LIBGEN_H -DHAVE_LOCALE_H -DHAVE_NET_IF_H -DHAVE_NETDB_H -DHAVE_NETINET_IN_H -DHAVE_NETINET_TCP_H -DHAVE_NETINET_UDP_H -DHAVE_POLL_H -DHAVE_PWD_H -DHAVE_STDATOMIC_H -DHAVE_STDBOOL_H -DHAVE_STDINT_H -DHAVE_STRINGS_H -DHAVE_TERMIO_H -DHAVE_TERMIOS_H -DHAVE_UNISTD_H -DHAVE_UTIME_H -o CMakeFiles/cmTC_2c339.dir/CurlTests.c.o -c /workspace/build/_deps/curl-src/CMake/CurlTests.c
/workspace/build/_deps/curl-src/CMake/CurlTests.c:302:1: warning: function declaration isn’t a prototype [-Wstrict-prototypes]
  302 | main ()
      | ^~~~
Linking C executable cmTC_2c339
/usr/bin/cmake -E cmake_link_script CMakeFiles/cmTC_2c339.dir/link.txt --verbose=1
/usr/bin/cc   -W -Wall -pedantic -Wbad-function-cast -Wconversion -Winline -Wmissing-declarations -Wmissing-prototypes -Wnested-externs -Wno-long-long -Wno-multichar -Wpointer-arith -Wshadow -Wsign-compare -Wundef -Wunused -Wwrite-strings -Wcast-align -Wdeclaration-after-statement -Wempty-body -Wendif-labels -Wfloat-equal -Wignored-qualifiers -Wno-format-nonliteral -Wno-sign-conversion -Wno-system-headers -Wstrict-prototypes -Wtype-limits -Wvla -Wmissing-parameter-type -Wold-style-declaration -Wstrict-aliasing=3 -Wformat=2 -Warray-bounds=2 -ftree-vrp -Wduplicated-cond -Wnull-dereference -fdelete-null-pointer-checks -Wshift-negative-value -Wshift-overflow=2 -Walloc-zero -Wduplicated-branches -Wformat-overflow=2 -Wformat-truncation=1 -Wrestrict -Warith-conversion -Wdouble-promotion -Wenum-conversion -Wunused-const-variable -DHAVE_IOCTL_FIONBIO  -DHAVE_INTTYPES_H -DHAVE_SYS_WAIT_H -DHAVE_SYS_IOCTL_H -DHAVE_SYS_PARAM_H -DHAVE_SYS_POLL_H -DHAVE_SYS_RESOURCE_H -DHAVE_SYS_SELECT_H -DHAVE_SYS_SOCKET_H -DHAVE_SYS_STAT_H -DHAVE_SYS_TIME_H -DHAVE_SYS_TYPES_H -DHAVE_SYS_UN_H -DHAVE_SYS_XATTR_H -DHAVE_ARPA_INET_H -DHAVE_FCNTL_H -DHAVE_IFADDRS_H -DHAVE_LIBGEN_H -DHAVE_LOCALE_H -DHAVE_NET_IF_H -DHAVE_NETDB_H -DHAVE_NETINET_IN_H -DHAVE_NETINET_TCP_H -DHAVE_NETINET_UDP_H -DHAVE_POLL_H -DHAVE_PWD_H -DHAVE_STDATOMIC_H -DHAVE_STDBOOL_H -DHAVE_STDINT_H -DHAVE_STRINGS_H -DHAVE_TERMIO_H -DHAVE_TERMIOS_H -DHAVE_UNISTD_H -DHAVE_UTIME_H CMakeFiles/cmTC_2c339.dir/CurlTests.c.o -o cmTC_2c339 
gmake[1]: Leaving directory '/workspace/build/CMakeFiles/CMakeTmp'


Performing Curl Test HAVE_IOCTL_SIOCGIFADDR passed with the following output:
Change Dir: /workspace/build/CMakeFiles/CMakeTmp

Run Build Command(s):/usr/bin/gmake -f Makefile cmTC_80f60/fast && /usr/bin/gmake  -f CMakeFiles/cmTC_80f60.dir/build.make CMakeFiles/cmTC_80f60.dir/build
gmake[1]: Entering directory '/workspace/build/CMakeFiles/CMakeTmp'
Building C object CMakeFiles/cmTC_80f60.dir/CurlTests.c.o
/usr/bin/cc   -W -Wall -pedantic -Wbad-function-cast -Wconversion -Winline -Wmissing-declarations -Wmissing-prototypes -Wnested-externs -Wno-long-long -Wno-multichar -Wpointer-arith -Wshadow -Wsign-compare -Wundef -Wunused -Wwrite-strings -Wcast-align -Wdeclaration-after-statement -Wempty-body -Wendif-labels -Wfloat-equal -Wignored-qualifiers -Wno-format-nonliteral -Wno-sign-conversion -Wno-system-headers -Wstrict-prototypes -Wtype-limits -Wvla -Wmissing-parameter-type -Wold-style-declaration -Wstrict-aliasing=3 -Wformat=2 -Warray-bounds=2 -ftree-vrp -Wduplicated-cond -Wnull-dereference -fdelete-null-pointer-checks -Wshift-negative-value -Wshift-overflow=2 -Walloc-zero -Wduplicated-branches -Wformat-overflow=2 -Wformat-truncation=1 -Wrestrict -Warith-conversion -Wdouble-promotion -Wenum-conversion -Wunused-const-variable -DHAVE_IOCTL_SIOCGIFADDR  -DHAVE_INTTYPES_H -DHAVE_SYS_WAIT_H -DHAVE_SYS_IOCTL_H -DHAVE_SYS_PARAM_H -DHAVE_SYS_POLL_H -DHAVE_SYS_RESOURCE_H -DHAVE_SYS_SELECT_H -DHAVE_SYS_SOCKET_H -DHAVE_SYS_STAT_H -DHAVE_SYS_TIME_H -DHAVE_SYS_TYPES_H -DHAVE_SYS_UN_H -DHAVE_SYS_XATTR_H -DHAVE_ARPA_INET_H -DHAVE_FCNTL_H -DHAVE_IFADDRS_H -DHAVE_LIBGEN_H -DHAVE_LOCALE_H -DHAVE_NET_IF_H -DHAVE_NETDB_H -DHAVE_NETINET_IN_H -DHAVE_NETINET_TCP_H -DHAVE_NETINET_UDP_H -DHAVE_POLL_H -DHAVE_PWD_H -DHAVE_STDATOMIC_H -DHAVE_STDBOOL_H -DHAVE_STDINT_H -DHAVE_STRINGS_H -DHAVE_TERMIO_H -DHAVE_TERMIOS_H -DHAVE_UNISTD_H -DHAVE_UTIME_H -o CMakeFiles/cmTC_80f60.dir/CurlTests.c.o -c /workspace/build/_deps/curl-src/CMake/CurlTests.c
/workspace/build/_deps/curl-src/CMake/CurlTests.c:334:1: warning: function declaration isn’t a prototype [-Wstrict-prototypes]
  334 | main ()
      | ^~~~
Linking C executable cmTC_80f60
/usr/bin/cmake -E cmake_link_script CMakeFiles/cmTC_80f60.dir/link.txt --verbose=1
/usr/bin/cc   -W -Wall -pedantic -Wbad-function-cast -Wconversion -Winline -Wmissing-declarations -Wmissing-prototypes -Wnested-externs -Wno-long-long -Wno-multichar -Wpointer-arith -Wshadow -Wsign-compare -Wundef -Wunused -Wwrite-strings -Wcast-align -Wdeclaration-after-statement -Wempty-body -Wendif-labels -Wfloat-equal -Wignored-qualifiers -Wno-format-nonliteral -Wno-sign-conversion -Wno-system-headers -Wstrict-prototypes -Wtype-limits -Wvla -Wmissing-parameter-type -Wold-style-declaration -Wstrict-aliasing=3 -Wformat=2 -Warray-bounds=2 -ftree-vrp -Wduplicated-cond -Wnull-dereference -fdelete-null-pointer-checks -Wshift-negative-value -Wshift-overflow=2 -Walloc-zero -Wduplicated-branches -Wformat-overflow=2 -Wformat-truncation=1 -Wrestrict -Warith-conversion -Wdouble-promotion -Wenum-conversion -Wunused-const-variable -DHAVE_IOCTL_SIOCGIFADDR  -DHAVE_INTTYPES_H -DHAVE_SYS_WAIT_H -DHAVE_SYS_IOCTL_H -DHAVE_SYS_PARAM_H -DHAVE_SYS_POLL_H -DHAVE_SYS_RESOURCE_H -DHAVE_SYS_SELECT_H -DHAVE_SYS_SOCKET_H -DHAVE_SYS_STAT_H -DHAVE_SYS_TIME_H -DHAVE_SYS_TYPES_H -DHAVE_SYS_UN_H -DHAVE_SYS_XATTR_H -DHAVE_ARPA_INET_H -DHAVE_FCNTL_H -DHAVE_IFADDRS_H -DHAVE_LIBGEN_H -DHAVE_LOCALE_H -DHAVE_NET_IF_H -DHAVE_NETDB_H -DHAVE_NETINET_IN_H -DHAVE_NETINET_TCP_H -DHAVE_NETINET_UDP_H -DHAVE_POLL_H -DHAVE_PWD_H -DHAVE_STDATOMIC_H -DHAVE_STDBOOL_H -DHAVE_STDINT_H -DHAVE_STRINGS_H -DHAVE_TERMIO_H -DHAVE_TERMIOS_H -DHAVE_UNISTD_H -DHAVE_UTIME_H CMakeFiles/cmTC_80f60.dir/CurlTests.c.o -o cmTC_80f60 
gmake[1]: Leaving directory '/workspace/build/CMakeFiles/CMakeTmp'


Performing Curl Test HAVE_GETHOSTBYNAME_R_6 passed with the following output:
Change Dir: /workspace/build/CMakeFiles/CMakeTmp

Run Build Command(s):/usr/bin/gmake -f Makefile cmTC_39289/fast && /usr/bin/gmake  -f CMakeFiles/cmTC_39289.dir/build.make CMakeFiles/cmTC_39289.dir/build
gmake[1]: Entering directory '/workspace/build/CMakeFiles/CMakeTmp'
Building C object CMakeFiles/cmTC_39289.dir/CurlTests.c.o
/usr/bin/cc   -W -Wall -pedantic -Wbad-function-cast -Wconversion -Winline -Wmissing-declarations -Wmissing-prototypes -Wnested-externs -Wno-long-long -Wno-multichar -Wpointer-arith -Wshadow -Wsign-compare -Wundef -Wunused -Wwrite-strings -Wcast-align -Wdeclaration-after-statement -Wempty-body -Wendif-labels -Wfloat-equal -Wignored-qualifiers -Wno-format-nonliteral -Wno-sign-conversion -Wno-system-headers -Wstrict-prototypes -Wtype-limits -Wvla -Wmissing-parameter-type -Wold-style-declaration -Wstrict-aliasing=3 -Wformat=2 -Warray-bounds=2 -ftree-vrp -Wduplicated-cond -Wnull-dereference -fdelete-null-pointer-checks -Wshift-negative-value -Wshift-overflow=2 -Walloc-zero -Wduplicated-branches -Wformat-overflow=2 -Wformat-truncation=1 -Wrestrict -Warith-conversion -Wdouble-promotion -Wenum-conversion -Wunused-const-variable -DHAVE_GETHOSTBYNAME_R_6  -DHAVE_INTTYPES_H -DHAVE_SYS_WAIT_H -DHAVE_SYS_IOCTL_H -DHAVE_SYS_PARAM_H -DHAVE_SYS_POLL_H -DHAVE_SYS_RESOURCE_H -DHAVE_SYS_SELECT_H -DHAVE_SYS_SOCKET_H -DHAVE_SYS_STAT_H -DHAVE_SYS_TIME_H -DHAVE_SYS_TYPES_H -DHAVE_SYS_UN_H -DHAVE_SYS_XATTR_H -DHAVE_ARPA_INET_H -DHAVE_FCNTL_H -DHAVE_IFADDRS_H -DHAVE_LIBGEN_H -DHAVE_LOCALE_H -DHAVE_NET_IF_H -DHAVE_NETDB_H -DHAVE_NETINET_IN_H -DHAVE_NETINET_TCP_H -DHAVE_NETINET_UDP_H -DHAVE_POLL_H -DHAVE_PWD_H -DHAVE_STDATOMIC_H -DHAVE_STDBOOL_H -DHAVE_STDINT_H -DHAVE_STRINGS_H -DHAVE_TERMIO_H -DHAVE_TERMIOS_H -DHAVE_UNISTD_H -DHAVE_UTIME_H -o CMakeFiles/cmTC_39289.dir/CurlTests.c.o -c /workspace/build/_deps/curl-src/CMake/CurlTests.c
/workspace/build/_deps/curl-src/CMake/CurlTests.c: In function ‘main’:
/workspace/build/_deps/curl-src/CMake/CurlTests.c:75:19: warning: initialization discards ‘const’ qualifier from pointer target type [-Wdiscarded-qualifiers]
   75 |   char *address = "example.com";
      |                   ^~~~~~~~~~~~~
Linking C executable cmTC_39289
/usr/bin/cmake -E cmake_link_script CMakeFiles/cmTC_39289.dir/link.txt --verbose=1
/usr/bin/cc   -W -Wall -pedantic -Wbad-function-cast -Wconversion -Winline -Wmissing-declarations -Wmissing-prototypes -Wnested-externs -Wno-long-long -Wno-multichar -Wpointer-arith -Wshadow -Wsign-compare -Wundef -Wunused -Wwrite-strings -Wcast-align -Wdeclaration-after-statement -Wempty-body -Wendif-labels -Wfloat-equal -Wignored-qualifiers -Wno-format-nonliteral -Wno-sign-conversion -Wno-system-headers -Wstrict-prototypes -Wtype-limits -Wvla -Wmissing-parameter-type -Wold-style-declaration -Wstrict-aliasing=3 -Wformat=2 -Warray-bounds=2 -ftree-vrp -Wduplicated-cond -Wnull-dereference -fdelete-null-pointer-checks -Wshift-negative-value -Wshift-overflow=2 -Walloc-zero -Wduplicated-branches -Wformat-overflow=2 -Wformat-truncation=1 -Wrestrict -Warith-conversion -Wdouble-promotion -Wenum-conversion -Wunused-const-variable -DHAVE_GETHOSTBYNAME_R_6  -DHAVE_INTTYPES_H -DHAVE_SYS_WAIT_H -DHAVE_SYS_IOCTL_H -DHAVE_SYS_PARAM_H -DHAVE_SYS_POLL_H -DHAVE_SYS_RESOURCE_H -DHAVE_SYS_SELECT_H -DHAVE_SYS_SOCKET_H -DHAVE_SYS_STAT_H -DHAVE_SYS_TIME_H -DHAVE_SYS_TYPES_H -DHAVE_SYS_UN_H -DHAVE_SYS_XATTR_H -DHAVE_ARPA_INET_H -DHAVE_FCNTL_H -DHAVE_IFADDRS_H -DHAVE_LIBGEN_H -DHAVE_LOCALE_H -DHAVE_NET_IF_H -DHAVE_NETDB_H -DHAVE_NETINET_IN_H -DHAVE_NETINET_TCP_H -DHAVE_NETINET_UDP_H -DHAVE_POLL_H -DHAVE_PWD_H -DHAVE_STDATOMIC_H -DHAVE_STDBOOL_H -DHAVE_STDINT_H -DHAVE_STRINGS_H -DHAVE_TERMIO_H -DHAVE_TERMIOS_H -DHAVE_UNISTD_H -DHAVE_UTIME_H CMakeFiles/cmTC_39289.dir/CurlTests.c.o -o cmTC_39289 
gmake[1]: Leaving directory '/workspace/build/CMakeFiles/CMakeTmp'


Performing Curl Test HAVE_GETHOSTBYNAME_R_6_REENTRANT passed with the following output:
Change Dir: /workspace/build/CMakeFiles/CMakeTmp

Run Build Command(s):/usr/bin/gmake -f Makefile cmTC_79379/fast && /usr/bin/gmake  -f CMakeFiles/cmTC_79379.dir/build.make CMakeFiles/cmTC_79379.dir/build
gmake[1]: Entering directory '/workspace/build/CMakeFiles/CMakeTmp'
Building C object CMakeFiles/cmTC_79379.dir/CurlTests.c.o
/usr/bin/cc   -W -Wall -pedantic -Wbad-function-cast -Wconversion -Winline -Wmissing-declarations -Wmissing-prototypes -Wnested-externs -Wno-long-long -Wno-multichar -Wpointer-arith -Wshadow -Wsign-compare -Wundef -Wunused -Wwrite-strings -Wcast-align -Wdeclaration-after-statement -Wempty-body -Wendif-labels -Wfloat-equal -Wignored-qualifiers -Wno-format-nonliteral -Wno-sign-conversion -Wno-system-headers -Wstrict-prototypes -Wtype-limits -Wvla -Wmissing-parameter-type -Wold-style-declaration -Wstrict-aliasing=3 -Wformat=2 -Warray-bounds=2 -ftree-vrp -Wduplicated-cond -Wnull-dereference -fdelete-null-pointer-checks -Wshift-negative-value -Wshift-overflow=2 -Walloc-zero -Wduplicated-branches -Wformat-overflow=2 -Wformat-truncation=1 -Wrestrict -Warith-conversion -Wdouble-promotion -Wenum-conversion -Wunused-const-variable -DHAVE_GETHOSTBYNAME_R_6_REENTRANT  -DHAVE_INTTYPES_H -DHAVE_SYS_WAIT_H -DHAVE_SYS_IOCTL_H -DHAVE_SYS_PARAM_H -DHAVE_SYS_POLL_H -DHAVE_SYS_RESOURCE_H -DHAVE_SYS_SELECT_H -DHAVE_SYS_SOCKET_H -DHAVE_SYS_STAT_H -DHAVE_SYS_TIME_H -DHAVE_SYS_TYPES_H -DHAVE_SYS_UN_H -DHAVE_SYS_XATTR_H -DHAVE_ARPA_INET_H -DHAVE_FCNTL_H -DHAVE_IFADDRS_H -DHAVE_LIBGEN_H -DHAVE_LOCALE_H -DHAVE_NET_IF_H -DHAVE_NETDB_H -DHAVE_NETINET_IN_H -DHAVE_NETINET_TCP_H -DHAVE_NETINET_UDP_H -DHAVE_POLL_H -DHAVE_PWD_H -DHAVE_STDATOMIC_H -DHAVE_STDBOOL_H -DHAVE_STDINT_H -DHAVE_STRINGS_H -DHAVE_TERMIO_H -DHAVE_TERMIOS_H -DHAVE_UNISTD_H -DHAVE_UTIME_H -o CMakeFiles/cmTC_79379.dir/CurlTests.c.o -c /workspace/build/_deps/curl-src/CMake/CurlTests.c
/workspace/build/_deps/curl-src/CMake/CurlTests.c: In function ‘main’:
/workspace/build/_deps/curl-src/CMake/CurlTests.c:75:19: warning: initialization discards ‘const’ qualifier from pointer target type [-Wdiscarded-qualifiers]
   75 |   char *address = "example.com";
      |                   ^~~~~~~~~~~~~
Linking C executable cmTC_79379
/usr/bin/cmake -E cmake_link_script CMakeFiles/cmTC_79379.dir/link.txt --verbose=1
/usr/bin/cc   -W -Wall -pedantic -Wbad-function-cast -Wconversion -Winline -Wmissing-declarations -Wmissing-prototypes -Wnested-externs -Wno-long-long -Wno-multichar -Wpointer-arith -Wshadow -Wsign-compare -Wundef -Wunused -Wwrite-strings -Wcast-align -Wdeclaration-after-statement -Wempty-body -Wendif-labels -Wfloat-equal -Wignored-qualifiers -Wno-format-nonliteral -Wno-sign-conversion -Wno-system-headers -Wstrict-prototypes -Wtype-limits -Wvla -Wmissing-parameter-type -Wold-style-declaration -Wstrict-aliasing=3 -Wformat=2 -Warray-bounds=2 -ftree-vrp -Wduplicated-cond -Wnull-dereference -fdelete-null-pointer-checks -Wshift-negative-value -Wshift-overflow=2 -Walloc-zero -Wduplicated-branches -Wformat-overflow=2 -Wformat-truncation=1 -Wrestrict -Warith-conversion -Wdouble-promotion -Wenum-conversion -Wunused-const-variable -DHAVE_GETHOSTBYNAME_R_6_REENTRANT  -DHAVE_INTTYPES_H -DHAVE_SYS_WAIT_H -DHAVE_SYS_IOCTL_H -DHAVE_SYS_PARAM_H -DHAVE_SYS_POLL_H -DHAVE_SYS_RESOURCE_H -DHAVE_SYS_SELECT_H -DHAVE_SYS_SOCKET_H -DHAVE_SYS_STAT_H -DHAVE_SYS_TIME_H -DHAVE_SYS_TYPES_H -DHAVE_SYS_UN_H -DHAVE_SYS_XATTR_H -DHAVE_ARPA_INET_H -DHAVE_FCNTL_H -DHAVE_IFADDRS_H -DHAVE_LIBGEN_H -DHAVE_LOCALE_H -DHAVE_NET_IF_H -DHAVE_NETDB_H -DHAVE_NETINET_IN_H -DHAVE_NETINET_TCP_H -DHAVE_NETINET_UDP_H -DHAVE_POLL_H -DHAVE_PWD_H -DHAVE_STDATOMIC_H -DHAVE_STDBOOL_H -DHAVE_STDINT_H -DHAVE_STRINGS_H -DHAVE_TERMIO_H -DHAVE_TERMIOS_H -DHAVE_UNISTD_H -DHAVE_UTIME_H CMakeFiles/cmTC_79379.dir/CurlTests.c.o -o cmTC_79379 
gmake[1]: Leaving directory '/workspace/build/CMakeFiles/CMakeTmp'


Performing Curl Test HAVE_IN_ADDR_T passed with the following output:
Change Dir: /workspace/build/CMakeFiles/CMakeTmp

Run Build Command(s):/usr/bin/gmake -f Makefile cmTC_ae623/fast && /usr/bin/gmake  -f CMakeFiles/cmTC_ae623.dir/build.make CMakeFiles/cmTC_ae623.dir/build
gmake[1]: Entering directory '/workspace/build/CMakeFiles/CMakeTmp'
Building C object CMakeFiles/cmTC_ae623.dir/CurlTests.c.o
/usr/bin/cc   -W -Wall -pedantic -Wbad-function-cast -Wconversion -Winline -Wmissing-declarations -Wmissing-prototypes -Wnested-externs -Wno-long-long -Wno-multichar -Wpointer-arith -Wshadow -Wsign-compare -Wundef -Wunused -Wwrite-strings -Wcast-align -Wdeclaration-after-statement -Wempty-body -Wendif-labels -Wfloat-equal -Wignored-qualifiers -Wno-format-nonliteral -Wno-sign-conversion -Wno-system-headers -Wstrict-prototypes -Wtype-limits -Wvla -Wmissing-parameter-type -Wold-style-declaration -Wstrict-aliasing=3 -Wformat=2 -Warray-bounds=2 -ftree-vrp -Wduplicated-cond -Wnull-dereference -fdelete-null-pointer-checks -Wshift-negative-value -Wshift-overflow=2 -Walloc-zero -Wduplicated-branches -Wformat-overflow=2 -Wformat-truncation=1 -Wrestrict -Warith-conversion -Wdouble-promotion -Wenum-conversion -Wunused-const-variable -DHAVE_IN_ADDR_T  -DHAVE_INTTYPES_H -DHAVE_SYS_WAIT_H -DHAVE_SYS_IOCTL_H -DHAVE_SYS_PARAM_H -DHAVE_SYS_POLL_H -DHAVE_SYS_RESOURCE_H -DHAVE_SYS_SELECT_H -DHAVE_SYS_SOCKET_H -DHAVE_SYS_STAT_H -DHAVE_SYS_TIME_H -DHAVE_SYS_TYPES_H -DHAVE_SYS_UN_H -DHAVE_SYS_XATTR_H -DHAVE_ARPA_INET_H -DHAVE_FCNTL_H -DHAVE_IFADDRS_H -DHAVE_LIBGEN_H -DHAVE_LOCALE_H -DHAVE_NET_IF_H -DHAVE_NETDB_H -DHAVE_NETINET_IN_H -DHAVE_NETINET_TCP_H -DHAVE_NETINET_UDP_H -DHAVE_POLL_H -DHAVE_PWD_H -DHAVE_STDATOMIC_H -DHAVE_STDBOOL_H -DHAVE_STDINT_H -DHAVE_STRINGS_H -DHAVE_TERMIO_H -DHAVE_TERMIOS_H -DHAVE_UNISTD_H -DHAVE_UTIME_H -o CMakeFiles/cmTC_ae623.dir/CurlTests.c.o -c /workspace/build/_deps/curl-src/CMake/CurlTests.c
/workspace/build/_deps/curl-src/CMake/CurlTests.c:135:1: warning: function declaration isn’t a prototype [-Wstrict-prototypes]
  135 | main ()
      | ^~~~
Linking C executable cmTC_ae623
/usr/bin/cmake -E cmake_link_script CMakeFiles/cmTC_ae623.dir/link.txt --verbose=1
/usr/bin/cc   -W -Wall -pedantic -Wbad-function-cast -Wconversion -Winline -Wmissing-declarations -Wmissing-prototypes -Wnested-externs -Wno-long-long -Wno-multichar -Wpointer-arith -Wshadow -Wsign-compare -Wundef -Wunused -Wwrite-strings -Wcast-align -Wdeclaration-after-statement -Wempty-body -Wendif-labels -Wfloat-equal -Wignored-qualifiers -Wno-format-nonliteral -Wno-sign-conversion -Wno-system-headers -Wstrict-prototypes -Wtype-limits -Wvla -Wmissing-parameter-type -Wold-style-declaration -Wstrict-aliasing=3 -Wformat=2 -Warray-bounds=2 -ftree-vrp -Wduplicated-cond -Wnull-dereference -fdelete-null-pointer-checks -Wshift-negative-value -Wshift-overflow=2 -Walloc-zero -Wduplicated-branches -Wformat-overflow=2 -Wformat-truncation=1 -Wrestrict -Warith-conversion -Wdouble-promotion -Wenum-conversion -Wunused-const-variable -DHAVE_IN_ADDR_T  -DHAVE_INTTYPES_H -DHAVE_SYS_WAIT_H -DHAVE_SYS_IOCTL_H -DHAVE_SYS_PARAM_H -DHAVE_SYS_POLL_H -DHAVE_SYS_RESOURCE_H -DHAVE_SYS_SELECT_H -DHAVE_SYS_SOCKET_H -DHAVE_SYS_STAT_H -DHAVE_SYS_TIME_H -DHAVE_SYS_TYPES_H -DHAVE_SYS_UN_H -DHAVE_SYS_XATTR_H -DHAVE_ARPA_INET_H -DHAVE_FCNTL_H -DHAVE_IFADDRS_H -DHAVE_LIBGEN_H -DHAVE_LOCALE_H -DHAVE_NET_IF_H -DHAVE_NETDB_H -DHAVE_NETINET_IN_H -DHAVE_NETINET_TCP_H -DHAVE_NETINET_UDP_H -DHAVE_POLL_H -DHAVE_PWD_H -DHAVE_STDATOMIC_H -DHAVE_STDBOOL_H -DHAVE_STDINT_H -DHAVE_STRINGS_H -DHAVE_TERMIO_H -DHAVE_TERMIOS_H -DHAVE_UNISTD_H -DHAVE_UTIME_H CMakeFiles/cmTC_ae623.dir/CurlTests.c.o -o cmTC_ae623 
gmake[1]: Leaving directory '/workspace/build/CMakeFiles/CMakeTmp'


Performing Curl Test HAVE_BOOL_T passed with the following output:
Change Dir: /workspace/build/CMakeFiles/CMakeTmp

Run Build Command(s):/usr/bin/gmake -f Makefile cmTC_60194/fast && /usr/bin/gmake  -f CMakeFiles/cmTC_60194.dir/build.make CMakeFiles/cmTC_60194.dir/build
gmake[1]: Entering directory '/workspace/build/CMakeFiles/CMakeTmp'
Building C object CMakeFiles/cmTC_60194.dir/CurlTests.c.o
/usr/bin/cc   -W -Wall -pedantic -Wbad-function-cast -Wconversion -Winline -Wmissing-declarations -Wmissing-prototypes -Wnested-externs -Wno-long-long -Wno-multichar -Wpointer-arith -Wshadow -Wsign-compare -Wundef -Wunused -Wwrite-strings -Wcast-align -Wdeclaration-after-statement -Wempty-body -Wendif-labels -Wfloat-equal -Wignored-qualifiers -Wno-format-nonliteral -Wno-sign-conversion -Wno-system-headers -Wstrict-prototypes -Wtype-limits -Wvla -Wmissing-parameter-type -Wold-style-declaration -Wstrict-aliasing=3 -Wformat=2 -Warray-bounds=2 -ftree-vrp -Wduplicated-cond -Wnull-dereference -fdelete-null-pointer-checks -Wshift-negative-value -Wshift-overflow=2 -Walloc-zero -Wduplicated-branches -Wformat-overflow=2 -Wformat-truncation=1 -Wrestrict -Warith-conversion -Wdouble-promotion -Wenum-conversion -Wunused-const-variable -DHAVE_BOOL_T  -DHAVE_INTTYPES_H -DHAVE_SYS_WAIT_H -DHAVE_SYS_IOCTL_H -DHAVE_SYS_PARAM_H -DHAVE_SYS_POLL_H -DHAVE_SYS_RESOURCE_H -DHAVE_SYS_SELECT_H -DHAVE_SYS_SOCKET_H -DHAVE_SYS_STAT_H -DHAVE_SYS_TIME_H -DHAVE_SYS_TYPES_H -DHAVE_SYS_UN_H -DHAVE_SYS_XATTR_H -DHAVE_ARPA_INET_H -DHAVE_FCNTL_H -DHAVE_IFADDRS_H -DHAVE_LIBGEN_H -DHAVE_LOCALE_H -DHAVE_NET_IF_H -DHAVE_NETDB_H -DHAVE_NETINET_IN_H -DHAVE_NETINET_TCP_H -DHAVE_NETINET_UDP_H -DHAVE_POLL_H -DHAVE_PWD_H -DHAVE_STDATOMIC_H -DHAVE_STDBOOL_H -DHAVE_STDINT_H -DHAVE_STRINGS_H -DHAVE_TERMIO_H -DHAVE_TERMIOS_H -DHAVE_UNISTD_H -DHAVE_UTIME_H -o CMakeFiles/cmTC_60194.dir/CurlTests.c.o -c /workspace/build/_deps/curl-src/CMake/CurlTests.c
/workspace/build/_deps/curl-src/CMake/CurlTests.c:154:1: warning: function declaration isn’t a prototype [-Wstrict-prototypes]
  154 | main ()
      | ^~~~
Linking C executable cmTC_60194
/usr/bin/cmake -E cmake_link_script CMakeFiles/cmTC_60194.dir/link.txt --verbose=1
/usr/bin/cc   -W -Wall -pedantic -Wbad-function-cast -Wconversion -Winline -Wmissing-declarations -Wmissing-prototypes -Wnested-externs -Wno-long-long -Wno-multichar -Wpointer-arith -Wshadow -Wsign-compare -Wundef -Wunused -Wwrite-strings -Wcast-align -Wdeclaration-after-statement -Wempty-body -Wendif-labels -Wfloat-equal -Wignored-qualifiers -Wno-format-nonliteral -Wno-sign-conversion -Wno-system-headers -Wstrict-prototypes -Wtype-limits -Wvla -Wmissing-parameter-type -Wold-style-declaration -Wstrict-aliasing=3 -Wformat=2 -Warray-bounds=2 -ftree-vrp -Wduplicated-cond -Wnull-dereference -fdelete-null-pointer-checks -Wshift-negative-value -Wshift-overflow=2 -Walloc-zero -Wduplicated-branches -Wformat-overflow=2 -Wformat-truncation=1 -Wrestrict -Warith-conversion -Wdouble-promotion -Wenum-conversion -Wunused-const-variable -DHAVE_BOOL_T  -DHAVE_INTTYPES_H -DHAVE_SYS_WAIT_H -DHAVE_SYS_IOCTL_H -DHAVE_SYS_PARAM_H -DHAVE_SYS_POLL_H -DHAVE_SYS_RESOURCE_H -DHAVE_SYS_SELECT_H -DHAVE_SYS_SOCKET_H -DHAVE_SYS_STAT_H -DHAVE_SYS_TIME_H -DHAVE_SYS_TYPES_H -DHAVE_SYS_UN_H -DHAVE_SYS_XATTR_H -DHAVE_ARPA_INET_H -DHAVE_FCNTL_H -DHAVE_IFADDRS_H -DHAVE_LIBGEN_H -DHAVE_LOCALE_H -DHAVE_NET_IF_H -DHAVE_NETDB_H -DHAVE_NETINET_IN_H -DHAVE_NETINET_TCP_H -DHAVE_NETINET_UDP_H -DHAVE_POLL_H -DHAVE_PWD_H -DHAVE_STDATOMIC_H -DHAVE_STDBOOL_H -DHAVE_STDINT_H -DHAVE_STRINGS_H -DHAVE_TERMIO_H -DHAVE_TERMIOS_H -DHAVE_UNISTD_H -DHAVE_UTIME_H CMakeFiles/cmTC_60194.dir/CurlTests.c.o -o cmTC_60194 
gmake[1]: Leaving directory '/workspace/build/CMakeFiles/CMakeTmp'


Performing Curl Test STDC_HEADERS passed with the following output:
Change Dir: /workspace/build/CMakeFiles/CMakeTmp

Run Build Command(s):/usr/bin/gmake -f Makefile cmTC_1f395/fast && /usr/bin/gmake  -f CMakeFiles/cmTC_1f395.dir/build.make CMakeFiles/cmTC_1f395.dir/build
gmake[1]: Entering directory '/workspace/build/CMakeFiles/CMakeTmp'
Building C object CMakeFiles/cmTC_1f395.dir/CurlTests.c.o
/usr/bin/cc   -W -Wall -pedantic -Wbad-function-cast -Wconversion -Winline -Wmissing-declarations -Wmissing-prototypes -Wnested-externs -Wno-long-long -Wno-multichar -Wpointer-arith -Wshadow -Wsign-compare -Wundef -Wunused -Wwrite-strings -Wcast-align -Wdeclaration-after-statement -Wempty-body -Wendif-labels -Wfloat-equal -Wignored-qualifiers -Wno-format-nonliteral -Wno-sign-conversion -Wno-system-headers -Wstrict-prototypes -Wtype-limits -Wvla -Wmissing-parameter-type -Wold-style-declaration -Wstrict-aliasing=3 -Wformat=2 -Warray-bounds=2 -ftree-vrp -Wduplicated-cond -Wnull-dereference -fdelete-null-pointer-checks -Wshift-negative-value -Wshift-overflow=2 -Walloc-zero -Wduplicated-branches -Wformat-overflow=2 -Wformat-truncation=1 -Wrestrict -Warith-conversion -Wdouble-promotion -Wenum-conversion -Wunused-const-variable -DSTDC_HEADERS  -DHAVE_INTTYPES_H -DHAVE_SYS_WAIT_H -DHAVE_SYS_IOCTL_H -DHAVE_SYS_PARAM_H -DHAVE_SYS_POLL_H -DHAVE_SYS_RESOURCE_H -DHAVE_SYS_SELECT_H -DHAVE_SYS_SOCKET_H -DHAVE_SYS_STAT_H -DHAVE_SYS_TIME_H -DHAVE_SYS_TYPES_H -DHAVE_SYS_UN_H -DHAVE_SYS_XATTR_H -DHAVE_ARPA_INET_H -DHAVE_FCNTL_H -DHAVE_IFADDRS_H -DHAVE_LIBGEN_H -DHAVE_LOCALE_H -DHAVE_NET_IF_H -DHAVE_NETDB_H -DHAVE_NETINET_IN_H -DHAVE_NETINET_TCP_H -DHAVE_NETINET_UDP_H -DHAVE_POLL_H -DHAVE_PWD_H -DHAVE_STDATOMIC_H -DHAVE_STDBOOL_H -DHAVE_STDINT_H -DHAVE_STRINGS_H -DHAVE_TERMIO_H -DHAVE_TERMIOS_H -DHAVE_UNISTD_H -DHAVE_UTIME_H -o CMakeFiles/cmTC_1f395.dir/CurlTests.c.o -c /workspace/build/_deps/curl-src/CMake/CurlTests.c
/workspace/build/_deps/curl-src/CMake/CurlTests.c:168:5: warning: function declaration isn’t a prototype [-Wstrict-prototypes]
  168 | int main() { return 0; }
      |     ^~~~
Linking C executable cmTC_1f395
/usr/bin/cmake -E cmake_link_script CMakeFiles/cmTC_1f395.dir/link.txt --verbose=1
/usr/bin/cc   -W -Wall -pedantic -Wbad-function-cast -Wconversion -Winline -Wmissing-declarations -Wmissing-prototypes -Wnested-externs -Wno-long-long -Wno-multichar -Wpointer-arith -Wshadow -Wsign-compare -Wundef -Wunused -Wwrite-strings -Wcast-align -Wdeclaration-after-statement -Wempty-body -Wendif-labels -Wfloat-equal -Wignored-qualifiers -Wno-format-nonliteral -Wno-sign-conversion -Wno-system-headers -Wstrict-prototypes -Wtype-limits -Wvla -Wmissing-parameter-type -Wold-style-declaration -Wstrict-aliasing=3 -Wformat=2 -Warray-bounds=2 -ftree-vrp -Wduplicated-cond -Wnull-dereference -fdelete-null-pointer-checks -Wshift-negative-value -Wshift-overflow=2 -Walloc-zero -Wduplicated-branches -Wformat-overflow=2 -Wformat-truncation=1 -Wrestrict -Warith-conversion -Wdouble-promotion -Wenum-conversion -Wunused-const-variable -DSTDC_HEADERS  -DHAVE_INTTYPES_H -DHAVE_SYS_WAIT_H -DHAVE_SYS_IOCTL_H -DHAVE_SYS_PARAM_H -DHAVE_SYS_POLL_H -DHAVE_SYS_RESOURCE_H -DHAVE_SYS_SELECT_H -DHAVE_SYS_SOCKET_H -DHAVE_SYS_STAT_H -DHAVE_SYS_TIME_H -DHAVE_SYS_TYPES_H -DHAVE_SYS_UN_H -DHAVE_SYS_XATTR_H -DHAVE_ARPA_INET_H -DHAVE_FCNTL_H -DHAVE_IFADDRS_H -DHAVE_LIBGEN_H -DHAVE_LOCALE_H -DHAVE_NET_IF_H -DHAVE_NETDB_H -DHAVE_NETINET_IN_H -DHAVE_NETINET_TCP_H -DHAVE_NETINET_UDP_H -DHAVE_POLL_H -DHAVE_PWD_H -DHAVE_STDATOMIC_H -DHAVE_STDBOOL_H -DHAVE_STDINT_H -DHAVE_STRINGS_H -DHAVE_TERMIO_H -DHAVE_TERMIOS_H -DHAVE_UNISTD_H -DHAVE_UTIME_H CMakeFiles/cmTC_1f395.dir/CurlTests.c.o -o cmTC_1f395 
gmake[1]: Leaving directory '/workspace/build/CMakeFiles/CMakeTmp'


Performing Curl Test HAVE_FILE_OFFSET_BITS passed with the following output:
Change Dir: /workspace/build/CMakeFiles/CMakeTmp

Run Build Command(s):/usr/bin/gmake -f Makefile cmTC_96013/fast && /usr/bin/gmake  -f CMakeFiles/cmTC_96013.dir/build.make CMakeFiles/cmTC_96013.dir/build
gmake[1]: Entering directory '/workspace/build/CMakeFiles/CMakeTmp'
Building C object CMakeFiles/cmTC_96013.dir/CurlTests.c.o
/usr/bin/cc   -W -Wall -pedantic -Wbad-function-cast -Wconversion -Winline -Wmissing-declarations -Wmissing-prototypes -Wnested-externs -Wno-long-long -Wno-multichar -Wpointer-arith -Wshadow -Wsign-compare -Wundef -Wunused -Wwrite-strings -Wcast-align -Wdeclaration-after-statement -Wempty-body -Wendif-labels -Wfloat-equal -Wignored-qualifiers -Wno-format-nonliteral -Wno-sign-conversion -Wno-system-headers -Wstrict-prototypes -Wtype-limits -Wvla -Wmissing-parameter-type -Wold-style-declaration -Wstrict-aliasing=3 -Wformat=2 -Warray-bounds=2 -ftree-vrp -Wduplicated-cond -Wnull-dereference -fdelete-null-pointer-checks -Wshift-negative-value -Wshift-overflow=2 -Walloc-zero -Wduplicated-branches -Wformat-overflow=2 -Wformat-truncation=1 -Wrestrict -Warith-conversion -Wdouble-promotion -Wenum-conversion -Wunused-const-variable -DHAVE_FILE_OFFSET_BITS  -DHAVE_INTTYPES_H -DHAVE_SYS_WAIT_H -DHAVE_SYS_IOCTL_H -DHAVE_SYS_PARAM_H -DHAVE_SYS_POLL_H -DHAVE_SYS_RESOURCE_H -DHAVE_SYS_SELECT_H -DHAVE_SYS_SOCKET_H -DHAVE_SYS_STAT_H -DHAVE_SYS_TIME_H -DHAVE_SYS_TYPES_H -DHAVE_SYS_UN_H -DHAVE_SYS_XATTR_H -DHAVE_ARPA_INET_H -DHAVE_FCNTL_H -DHAVE_IFADDRS_H -DHAVE_LIBGEN_H -DHAVE_LOCALE_H -DHAVE_NET_IF_H -DHAVE_NETDB_H -DHAVE_NETINET_IN_H -DHAVE_NETINET_TCP_H -DHAVE_NETINET_UDP_H -DHAVE_POLL_H -DHAVE_PWD_H -DHAVE_STDATOMIC_H -DHAVE_STDBOOL_H -DHAVE_STDINT_H -DHAVE_STRINGS_H -DHAVE_TERMIO_H -DHAVE_TERMIOS_H -DHAVE_UNISTD_H -DHAVE_UTIME_H -o CMakeFiles/cmTC_96013.dir/CurlTests.c.o -c /workspace/build/_deps/curl-src/CMake/CurlTests.c
/workspace/build/_deps/curl-src/CMake/CurlTests.c:184:5: warning: function declaration isn’t a prototype [-Wstrict-prototypes]
  184 | int main () { ; return 0; }
      |     ^~~~
Linking C executable cmTC_96013
/usr/bin/cmake -E cmake_link_script CMakeFiles/cmTC_96013.dir/link.txt --verbose=1
/usr/bin/cc   -W -Wall -pedantic -Wbad-function-cast -Wconversion -Winline -Wmissing-declarations -Wmissing-prototypes -Wnested-externs -Wno-long-long -Wno-multichar -Wpointer-arith -Wshadow -Wsign-compare -Wundef -Wunused -Wwrite-strings -Wcast-align -Wdeclaration-after-statement -Wempty-body -Wendif-labels -Wfloat-equal -Wignored-qualifiers -Wno-format-nonliteral -Wno-sign-conversion -Wno-system-headers -Wstrict-prototypes -Wtype-limits -Wvla -Wmissing-parameter-type -Wold-style-declaration -Wstrict-aliasing=3 -Wformat=2 -Warray-bounds=2 -ftree-vrp -Wduplicated-cond -Wnull-dereference -fdelete-null-pointer-checks -Wshift-negative-value -Wshift-overflow=2 -Walloc-zero -Wduplicated-branches -Wformat-overflow=2 -Wformat-truncation=1 -Wrestrict -Warith-conversion -Wdouble-promotion -Wenum-conversion -Wunused-const-variable -DHAVE_FILE_OFFSET_BITS  -DHAVE_INTTYPES_H -DHAVE_SYS_WAIT_H -DHAVE_SYS_IOCTL_H -DHAVE_SYS_PARAM_H -DHAVE_SYS_POLL_H -DHAVE_SYS_RESOURCE_H -DHAVE_SYS_SELECT_H -DHAVE_SYS_SOCKET_H -DHAVE_SYS_STAT_H -DHAVE_SYS_TIME_H -DHAVE_SYS_TYPES_H -DHAVE_SYS_UN_H -DHAVE_SYS_XATTR_H -DHAVE_ARPA_INET_H -DHAVE_FCNTL_H -DHAVE_IFADDRS_H -DHAVE_LIBGEN_H -DHAVE_LOCALE_H -DHAVE_NET_IF_H -DHAVE_NETDB_H -DHAVE_NETINET_IN_H -DHAVE_NETINET_TCP_H -DHAVE_NETINET_UDP_H -DHAVE_POLL_H -DHAVE_PWD_H -DHAVE_STDATOMIC_H -DHAVE_STDBOOL_H -DHAVE_STDINT_H -DHAVE_STRINGS_H -DHAVE_TERMIO_H -DHAVE_TERMIOS_H -DHAVE_UNISTD_H -DHAVE_UTIME_H CMakeFiles/cmTC_96013.dir/CurlTests.c.o -o cmTC_96013 
gmake[1]: Leaving directory '/workspace/build/CMakeFiles/CMakeTmp'


Performing Curl Test HAVE_VARIADIC_MACROS_C99 passed with the following output:
Change Dir: /workspace/build/CMakeFiles/CMakeTmp

Run Build Command(s):/usr/bin/gmake -f Makefile cmTC_d79f7/fast && /usr/bin/gmake  -f CMakeFiles/cmTC_d79f7.dir/build.make CMakeFiles/cmTC_d79f7.dir/build
gmake[1]: Entering directory '/workspace/build/CMakeFiles/CMakeTmp'
Building C object CMakeFiles/cmTC_d79f7.dir/CurlTests.c.o
/usr/bin/cc   -W -Wall -pedantic -Wbad-function-cast -Wconversion -Winline -Wmissing-declarations -Wmissing-prototypes -Wnested-externs -Wno-long-long -Wno-multichar -Wpointer-arith -Wshadow -Wsign-compare -Wundef -Wunused -Wwrite-strings -Wcast-align -Wdeclaration-after-statement -Wempty-body -Wendif-labels -Wfloat-equal -Wignored-qualifiers -Wno-format-nonliteral -Wno-sign-conversion -Wno-system-headers -Wstrict-prototypes -Wtype-limits -Wvla -Wmissing-parameter-type -Wold-style-declaration -Wstrict-aliasing=3 -Wformat=2 -Warray-bounds=2 -ftree-vrp -Wduplicated-cond -Wnull-dereference -fdelete-null-pointer-checks -Wshift-negative-value -Wshift-overflow=2 -Walloc-zero -Wduplicated-branches -Wformat-overflow=2 -Wformat-truncation=1 -Wrestrict -Warith-conversion -Wdouble-promotion -Wenum-conversion -Wunused-const-variable -DHAVE_VARIADIC_MACROS_C99  -DHAVE_INTTYPES_H -DHAVE_SYS_WAIT_H -DHAVE_SYS_IOCTL_H -DHAVE_SYS_PARAM_H -DHAVE_SYS_POLL_H -DHAVE_SYS_RESOURCE_H -DHAVE_SYS_SELECT_H -DHAVE_SYS_SOCKET_H -DHAVE_SYS_STAT_H -DHAVE_SYS_TIME_H -DHAVE_SYS_TYPES_H -DHAVE_SYS_UN_H -DHAVE_SYS_XATTR_H -DHAVE_ARPA_INET_H -DHAVE_FCNTL_H -DHAVE_IFADDRS_H -DHAVE_LIBGEN_H -DHAVE_LOCALE_H -DHAVE_NET_IF_H -DHAVE_NETDB_H -DHAVE_NETINET_IN_H -DHAVE_NETINET_TCP_H -DHAVE_NETINET_UDP_H -DHAVE_POLL_H -DHAVE_PWD_H -DHAVE_STDATOMIC_H -DHAVE_STDBOOL_H -DHAVE_STDINT_H -DHAVE_STRINGS_H -DHAVE_TERMIO_H -DHAVE_TERMIOS_H -DHAVE_UNISTD_H -DHAVE_UTIME_H -o CMakeFiles/cmTC_d79f7.dir/CurlTests.c.o -c /workspace/build/_deps/curl-src/CMake/CurlTests.c
/workspace/build/_deps/curl-src/CMake/CurlTests.c:449:1: warning: function declaration isn’t a prototype [-Wstrict-prototypes]
  449 | main() {
      | ^~~~
Linking C executable cmTC_d79f7
/usr/bin/cmake -E cmake_link_script CMakeFiles/cmTC_d79f7.dir/link.txt --verbose=1
/usr/bin/cc   -W -Wall -pedantic -Wbad-function-cast -Wconversion -Winline -Wmissing-declarations -Wmissing-prototypes -Wnested-externs -Wno-long-long -Wno-multichar -Wpointer-arith -Wshadow -Wsign-compare -Wundef -Wunused -Wwrite-strings -Wcast-align -Wdeclaration-after-statement -Wempty-body -Wendif-labels -Wfloat-equal -Wignored-qualifiers -Wno-format-nonliteral -Wno-sign-conversion -Wno-system-headers -Wstrict-prototypes -Wtype-limits -Wvla -Wmissing-parameter-type -Wold-style-declaration -Wstrict-aliasing=3 -Wformat=2 -Warray-bounds=2 -ftree-vrp -Wduplicated-cond -Wnull-dereference -fdelete-null-pointer-checks -Wshift-negative-value -Wshift-overflow=2 -Walloc-zero -Wduplicated-branches -Wformat-overflow=2 -Wformat-truncation=1 -Wrestrict -Warith-conversion -Wdouble-promotion -Wenum-conversion -Wunused-const-variable -DHAVE_VARIADIC_MACROS_C99  -DHAVE_INTTYPES_H -DHAVE_SYS_WAIT_H -DHAVE_SYS_IOCTL_H -DHAVE_SYS_PARAM_H -DHAVE_SYS_POLL_H -DHAVE_SYS_RESOURCE_H -DHAVE_SYS_SELECT_H -DHAVE_SYS_SOCKET_H -DHAVE_SYS_STAT_H -DHAVE_SYS_TIME_H -DHAVE_SYS_TYPES_H -DHAVE_SYS_UN_H -DHAVE_SYS_XATTR_H -DHAVE_ARPA_INET_H -DHAVE_FCNTL_H -DHAVE_IFADDRS_H -DHAVE_LIBGEN_H -DHAVE_LOCALE_H -DHAVE_NET_IF_H -DHAVE_NETDB_H -DHAVE_NETINET_IN_H -DHAVE_NETINET_TCP_H -DHAVE_NETINET_UDP_H -DHAVE_POLL_H -DHAVE_PWD_H -DHAVE_STDATOMIC_H -DHAVE_STDBOOL_H -DHAVE_STDINT_H -DHAVE_STRINGS_H -DHAVE_TERMIO_H -DHAVE_TERMIOS_H -DHAVE_UNISTD_H -DHAVE_UTIME_H CMakeFiles/cmTC_d79f7.dir/CurlTests.c.o -o cmTC_d79f7 
gmake[1]: Leaving directory '/workspace/build/CMakeFiles/CMakeTmp'


Performing Curl Test HAVE_VARIADIC_MACROS_GCC passed with the following output:
Change Dir: /workspace/build/CMakeFiles/CMakeTmp

Run Build Command(s):/usr/bin/gmake -f Makefile cmTC_bbf1a/fast && /usr/bin/gmake  -f CMakeFiles/cmTC_bbf1a.dir/build.make CMakeFiles/cmTC_bbf1a.dir/build
gmake[1]: Entering directory '/workspace/build/CMakeFiles/CMakeTmp'
Building C object CMakeFiles/cmTC_bbf1a.dir/CurlTests.c.o
/usr/bin/cc   -W -Wall -pedantic -Wbad-function-cast -Wconversion -Winline -Wmissing-declarations -Wmissing-prototypes -Wnested-externs -Wno-long-long -Wno-multichar -Wpointer-arith -Wshadow -Wsign-compare -Wundef -Wunused -Wwrite-strings -Wcast-align -Wdeclaration-after-statement -Wempty-body -Wendif-labels -Wfloat-equal -Wignored-qualifiers -Wno-format-nonliteral -Wno-sign-conversion -Wno-system-headers -Wstrict-prototypes -Wtype-limits -Wvla -Wmissing-parameter-type -Wold-style-declaration -Wstrict-aliasing=3 -Wformat=2 -Warray-bounds=2 -ftree-vrp -Wduplicated-cond -Wnull-dereference -fdelete-null-pointer-checks -Wshift-negative-value -Wshift-overflow=2 -Walloc-zero -Wduplicated-branches -Wformat-overflow=2 -Wformat-truncation=1 -Wrestrict -Warith-conversion -Wdouble-promotion -Wenum-conversion -Wunused-const-variable -DHAVE_VARIADIC_MACROS_GCC  -DHAVE_INTTYPES_H -DHAVE_SYS_WAIT_H -DHAVE_SYS_IOCTL_H -DHAVE_SYS_PARAM_H -DHAVE_SYS_POLL_H -DHAVE_SYS_RESOURCE_H -DHAVE_SYS_SELECT_H -DHAVE_SYS_SOCKET_H -DHAVE_SYS_STAT_H -DHAVE_SYS_TIME_H -DHAVE_SYS_TYPES_H -DHAVE_SYS_UN_H -DHAVE_SYS_XATTR_H -DHAVE_ARPA_INET_H -DHAVE_FCNTL_H -DHAVE_IFADDRS_H -DHAVE_LIBGEN_H -DHAVE_LOCALE_H -DHAVE_NET_IF_H -DHAVE_NETDB_H -DHAVE_NETINET_IN_H -DHAVE_NETINET_TCP_H -DHAVE_NETINET_UDP_H -DHAVE_POLL_H -DHAVE_PWD_H -DHAVE_STDATOMIC_H -DHAVE_STDBOOL_H -DHAVE_STDINT_H -DHAVE_STRINGS_H -DHAVE_TERMIO_H -DHAVE_TERMIOS_H -DHAVE_UNISTD_H -DHAVE_UTIME_H -o CMakeFiles/cmTC_bbf1a.dir/CurlTests.c.o -c /workspace/build/_deps/curl-src/CMake/CurlTests.c
/workspace/build/_deps/curl-src/CMake/CurlTests.c:458:32: warning: ISO C does not permit named variadic macros [-Wvariadic-macros]
  458 | #define gcc_vmacro3(first, args...) fun3(first, args)
      |                                ^~~
/workspace/build/_deps/curl-src/CMake/CurlTests.c:459:32: warning: ISO C does not permit named variadic macros [-Wvariadic-macros]
  459 | #define gcc_vmacro2(first, args...) fun2(first, args)
      |                                ^~~
/workspace/build/_deps/curl-src/CMake/CurlTests.c:472:1: warning: function declaration isn’t a prototype [-Wstrict-prototypes]
  472 | main() {
      | ^~~~
Linking C executable cmTC_bbf1a
/usr/bin/cmake -E cmake_link_script CMakeFiles/cmTC_bbf1a.dir/link.txt --verbose=1
/usr/bin/cc   -W -Wall -pedantic -Wbad-function-cast -Wconversion -Winline -Wmissing-declarations -Wmissing-prototypes -Wnested-externs -Wno-long-long -Wno-multichar -Wpointer-arith -Wshadow -Wsign-compare -Wundef -Wunused -Wwrite-strings -Wcast-align -Wdeclaration-after-statement -Wempty-body -Wendif-labels -Wfloat-equal -Wignored-qualifiers -Wno-format-nonliteral -Wno-sign-conversion -Wno-system-headers -Wstrict-prototypes -Wtype-limits -Wvla -Wmissing-parameter-type -Wold-style-declaration -Wstrict-aliasing=3 -Wformat=2 -Warray-bounds=2 -ftree-vrp -Wduplicated-cond -Wnull-dereference -fdelete-null-pointer-checks -Wshift-negative-value -Wshift-overflow=2 -Walloc-zero -Wduplicated-branches -Wformat-overflow=2 -Wformat-truncation=1 -Wrestrict -Warith-conversion -Wdouble-promotion -Wenum-conversion -Wunused-const-variable -DHAVE_VARIADIC_MACROS_GCC  -DHAVE_INTTYPES_H -DHAVE_SYS_WAIT_H -DHAVE_SYS_IOCTL_H -DHAVE_SYS_PARAM_H -DHAVE_SYS_POLL_H -DHAVE_SYS_RESOURCE_H -DHAVE_SYS_SELECT_H -DHAVE_SYS_SOCKET_H -DHAVE_SYS_STAT_H -DHAVE_SYS_TIME_H -DHAVE_SYS_TYPES_H -DHAVE_SYS_UN_H -DHAVE_SYS_XATTR_H -DHAVE_ARPA_INET_H -DHAVE_FCNTL_H -DHAVE_IFADDRS_H -DHAVE_LIBGEN_H -DHAVE_LOCALE_H -DHAVE_NET_IF_H -DHAVE_NETDB_H -DHAVE_NETINET_IN_H -DHAVE_NETINET_TCP_H -DHAVE_NETINET_UDP_H -DHAVE_POLL_H -DHAVE_PWD_H -DHAVE_STDATOMIC_H -DHAVE_STDBOOL_H -DHAVE_STDINT_H -DHAVE_STRINGS_H -DHAVE_TERMIO_H -DHAVE_TERMIOS_H -DHAVE_UNISTD_H -DHAVE_UTIME_H CMakeFiles/cmTC_bbf1a.dir/CurlTests.c.o -o cmTC_bbf1a 
gmake[1]: Leaving directory '/workspace/build/CMakeFiles/CMakeTmp'


Performing Curl Test HAVE_ATOMIC passed with the following output:
Change Dir: /workspace/build/CMakeFiles/CMakeTmp

Run Build Command(s):/usr/bin/gmake -f Makefile cmTC_7e7d7/fast && /usr/bin/gmake  -f CMakeFiles/cmTC_7e7d7.dir/build.make CMakeFiles/cmTC_7e7d7.dir/build
gmake[1]: Entering directory '/workspace/build/CMakeFiles/CMakeTmp'
Building C object CMakeFiles/cmTC_7e7d7.dir/CurlTests.c.o
/usr/bin/cc   -W -Wall -pedantic -Wbad-function-cast -Wconversion -Winline -Wmissing-declarations -Wmissing-prototypes -Wnested-externs -Wno-long-long -Wno-multichar -Wpointer-arith -Wshadow -Wsign-compare -Wundef -Wunused -Wwrite-strings -Wcast-align -Wdeclaration-after-statement -Wempty-body -Wendif-labels -Wfloat-equal -Wignored-qualifiers -Wno-format-nonliteral -Wno-sign-conversion -Wno-system-headers -Wstrict-prototypes -Wtype-limits -Wvla -Wmissing-parameter-type -Wold-style-declaration -Wstrict-aliasing=3 -Wformat=2 -Warray-bounds=2 -ftree-vrp -Wduplicated-cond -Wnull-dereference -fdelete-null-pointer-checks -Wshift-negative-value -Wshift-overflow=2 -Walloc-zero -Wduplicated-branches -Wformat-overflow=2 -Wformat-truncation=1 -Wrestrict -Warith-conversion -Wdouble-promotion -Wenum-conversion -Wunused-const-variable -DHAVE_ATOMIC  -DHAVE_INTTYPES_H -DHAVE_SYS_WAIT_H -DHAVE_SYS_IOCTL_H -DHAVE_SYS_PARAM_H -DHAVE_SYS_POLL_H -DHAVE_SYS_RESOURCE_H -DHAVE_SYS_SELECT_H -DHAVE_SYS_SOCKET_H -DHAVE_SYS_STAT_H -DHAVE_SYS_TIME_H -DHAVE_SYS_TYPES_H -DHAVE_SYS_UN_H -DHAVE_SYS_XATTR_H -DHAVE_ARPA_INET_H -DHAVE_FCNTL_H -DHAVE_IFADDRS_H -DHAVE_LIBGEN_H -DHAVE_LOCALE_H -DHAVE_NET_IF_H -DHAVE_NETDB_H -DHAVE_NETINET_IN_H -DHAVE_NETINET_TCP_H -DHAVE_NETINET_UDP_H -DHAVE_POLL_H -DHAVE_PWD_H -DHAVE_STDATOMIC_H -DHAVE_STDBOOL_H -DHAVE_STDINT_H -DHAVE_STRINGS_H -DHAVE_TERMIO_H -DHAVE_TERMIOS_H -DHAVE_UNISTD_H -DHAVE_UTIME_H -o CMakeFiles/cmTC_7e7d7.dir/CurlTests.c.o -c /workspace/build/_deps/curl-src/CMake/CurlTests.c
/workspace/build/_deps/curl-src/CMake/CurlTests.c:494:1: warning: function declaration isn’t a prototype [-Wstrict-prototypes]
  494 | main() {
      | ^~~~
Linking C executable cmTC_7e7d7
/usr/bin/cmake -E cmake_link_script CMakeFiles/cmTC_7e7d7.dir/link.txt --verbose=1
/usr/bin/cc   -W -Wall -pedantic -Wbad-function-cast -Wconversion -Winline -Wmissing-declarations -Wmissing-prototypes -Wnested-externs -Wno-long-long -Wno-multichar -Wpointer-arith -Wshadow -Wsign-compare -Wundef -Wunused -Wwrite-strings -Wcast-align -Wdeclaration-after-statement -Wempty-body -Wendif-labels -Wfloat-equal -Wignored-qualifiers -Wno-format-nonliteral -Wno-sign-conversion -Wno-system-headers -Wstrict-prototypes -Wtype-limits -Wvla -Wmissing-parameter-type -Wold-style-declaration -Wstrict-aliasing=3 -Wformat=2 -Warray-bounds=2 -ftree-vrp -Wduplicated-cond -Wnull-dereference -fdelete-null-pointer-checks -Wshift-negative-value -Wshift-overflow=2 -Walloc-zero -Wduplicated-branches -Wformat-overflow=2 -Wformat-truncation=1 -Wrestrict -Warith-conversion -Wdouble-promotion -Wenum-conversion -Wunused-const-variable -DHAVE_ATOMIC  -DHAVE_INTTYPES_H -DHAVE_SYS_WAIT_H -DHAVE_SYS_IOCTL_H -DHAVE_SYS_PARAM_H -DHAVE_SYS_POLL_H -DHAVE_SYS_RESOURCE_H -DHAVE_SYS_SELECT_H -DHAVE_SYS_SOCKET_H -DHAVE_SYS_STAT_H -DHAVE_SYS_TIME_H -DHAVE_SYS_TYPES_H -DHAVE_SYS_UN_H -DHAVE_SYS_XATTR_H -DHAVE_ARPA_INET_H -DHAVE_FCNTL_H -DHAVE_IFADDRS_H -DHAVE_LIBGEN_H -DHAVE_LOCALE_H -DHAVE_NET_IF_H -DHAVE_NETDB_H -DHAVE_NETINET_IN_H -DHAVE_NETINET_TCP_H -DHAVE_NETINET_UDP_H -DHAVE_POLL_H -DHAVE_PWD_H -DHAVE_STDATOMIC_H -DHAVE_STDBOOL_H -DHAVE_STDINT_H -DHAVE_STRINGS_H -DHAVE_TERMIO_H -DHAVE_TERMIOS_H -DHAVE_UNISTD_H -DHAVE_UTIME_H CMakeFiles/cmTC_7e7d7.dir/CurlTests.c.o -o cmTC_7e7d7 
gmake[1]: Leaving directory '/workspace/build/CMakeFiles/CMakeTmp'


Determining size of off_t passed with the following output:
Change Dir: /workspace/build/CMakeFiles/CMakeScratch/TryCompile-Mewdcl

Run Build Command(s):/usr/bin/gmake -f Makefile cmTC_982e2/fast && /usr/bin/gmake  -f CMakeFiles/cmTC_982e2.dir/build.make CMakeFiles/cmTC_982e2.dir/build
gmake[1]: Entering directory '/workspace/build/CMakeFiles/CMakeScratch/TryCompile-Mewdcl'
Building C object CMakeFiles/cmTC_982e2.dir/SIZEOF_OFF_T.c.o
/usr/bin/cc   -W -Wall -pedantic -Wbad-function-cast -Wconversion -Winline -Wmissing-declarations -Wmissing-prototypes -Wnested-externs -Wno-long-long -Wno-multichar -Wpointer-arith -Wshadow -Wsign-compare -Wundef -Wunused -Wwrite-strings -Wcast-align -Wdeclaration-after-statement -Wempty-body -Wendif-labels -Wfloat-equal -Wignored-qualifiers -Wno-format-nonliteral -Wno-sign-conversion -Wno-system-headers -Wstrict-prototypes -Wtype-limits -Wvla -Wmissing-parameter-type -Wold-style-declaration -Wstrict-aliasing=3 -Wformat=2 -Warray-bounds=2 -ftree-vrp -Wduplicated-cond -Wnull-dereference -fdelete-null-pointer-checks -Wshift-negative-value -Wshift-overflow=2 -Walloc-zero -Wduplicated-branches -Wformat-overflow=2 -Wformat-truncation=1 -Wrestrict -Warith-conversion -Wdouble-promotion -Wenum-conversion -Wunused-const-variable -D_FILE_OFFSET_BITS=64 -o CMakeFiles/cmTC_982e2.dir/SIZEOF_OFF_T.c.o -c /workspace/build/CMakeFiles/CMakeScratch/TryCompile-Mewdcl/SIZEOF_OFF_T.c
Linking C executable cmTC_982e2
/usr/bin/cmake -E cmake_link_script CMakeFiles/cmTC_982e2.dir/link.txt --verbose=1
/usr/bin/cc   -W -Wall -pedantic -Wbad-function-cast -Wconversion -Winline -Wmissing-declarations -Wmissing-prototypes -Wnested-externs -Wno-long-long -Wno-multichar -Wpointer-arith -Wshadow -Wsign-compare -Wundef -Wunused -Wwrite-strings -Wcast-align -Wdeclaration-after-statement -Wempty-body -Wendif-labels -Wfloat-equal -Wignored-qualifiers -Wno-format-nonliteral -Wno-sign-conversion -Wno-system-headers -Wstrict-prototypes -Wtype-limits -Wvla -Wmissing-parameter-type -Wold-style-declaration -Wstrict-aliasing=3 -Wformat=2 -Warray-bounds=2 -ftree-vrp -Wduplicated-cond -Wnull-dereference -fdelete-null-pointer-checks -Wshift-negative-value -Wshift-overflow=2 -Walloc-zero -Wduplicated-branches -Wformat-overflow=2 -Wformat-truncation=1 -Wrestrict -Warith-conversion -Wdouble-promotion -Wenum-conversion -Wunused-const-variable -D_FILE_OFFSET_BITS=64 CMakeFiles/cmTC_982e2.dir/SIZEOF_OFF_T.c.o -o cmTC_982e2 
gmake[1]: Leaving directory '/workspace/build/CMakeFiles/CMakeScratch/TryCompile-Mewdcl'



Determining size of curl_off_t passed with the following output:
Change Dir: /workspace/build/CMakeFiles/CMakeScratch/TryCompile-mPzoLX

Run Build Command(s):/usr/bin/gmake -f Makefile cmTC_bc5d8/fast && /usr/bin/gmake  -f CMakeFiles/cmTC_bc5d8.dir/build.make CMakeFiles/cmTC_bc5d8.dir/build
gmake[1]: Entering directory '/workspace/build/CMakeFiles/CMakeScratch/TryCompile-mPzoLX'
Building C object CMakeFiles/cmTC_bc5d8.dir/SIZEOF_CURL_OFF_T.c.o
/usr/bin/cc  -I/workspace/build/_deps/curl-src/include -W -Wall -pedantic -Wbad-function-cast -Wconversion -Winline -Wmissing-declarations -Wmissing-prototypes -Wnested-externs -Wno-long-long -Wno-multichar -Wpointer-arith -Wshadow -Wsign-compare -Wundef -Wunused -Wwrite-strings -Wcast-align -Wdeclaration-after-statement -Wempty-body -Wendif-labels -Wfloat-equal -Wignored-qualifiers -Wno-format-nonliteral -Wno-sign-conversion -Wno-system-headers -Wstrict-prototypes -Wtype-limits -Wvla -Wmissing-parameter-type -Wold-style-declaration -Wstrict-aliasing=3 -Wformat=2 -Warray-bounds=2 -ftree-vrp -Wduplicated-cond -Wnull-dereference -fdelete-null-pointer-checks -Wshift-negative-value -Wshift-overflow=2 -Walloc-zero -Wduplicated-branches -Wformat-overflow=2 -Wformat-truncation=1 -Wrestrict -Warith-conversion -Wdouble-promotion -Wenum-conversion -Wunused-const-variable -D_FILE_OFFSET_BITS=64 -o CMakeFiles/cmTC_bc5d8.dir/SIZEOF_CURL_OFF_T.c.o -c /workspace/build/CMakeFiles/CMakeScratch/TryCompile-mPzoLX/SIZEOF_CURL_OFF_T.c
Linking C executable cmTC_bc5d8
/usr/bin/cmake -E cmake_link_script CMakeFiles/cmTC_bc5d8.dir/link.txt --verbose=1
/usr/bin/cc   -W -Wall -pedantic -Wbad-function-cast -Wconversion -Winline -Wmissing-declarations -Wmissing-prototypes -Wnested-externs -Wno-long-long -Wno-multichar -Wpointer-arith -Wshadow -Wsign-compare -Wundef -Wunused -Wwrite-strings -Wcast-align -Wdeclaration-after-statement -Wempty-body -Wendif-labels -Wfloat-equal -Wignored-qualifiers -Wno-format-nonliteral -Wno-sign-conversion -Wno-system-headers -Wstrict-prototypes -Wtype-limits -Wvla -Wmissing-parameter-type -Wold-style-declaration -Wstrict-aliasing=3 -Wformat=2 -Warray-bounds=2 -ftree-vrp -Wduplicated-cond -Wnull-dereference -fdelete-null-pointer-checks -Wshift-negative-value -Wshift-overflow=2 -Walloc-zero -Wduplicated-branches -Wformat-overflow=2 -Wformat-truncation=1 -Wrestrict -Warith-conversion -Wdouble-promotion -Wenum-conversion -Wunused-const-variable -D_FILE_OFFSET_BITS=64 CMakeFiles/cmTC_bc5d8.dir/SIZEOF_CURL_OFF_T.c.o -o cmTC_bc5d8 
gmake[1]: Leaving directory '/workspace/build/CMakeFiles/CMakeScratch/TryCompile-mPzoLX'



Determining size of curl_socket_t passed with the following output:
Change Dir: /workspace/build/CMakeFiles/CMakeScratch/TryCompile-i3vWGp

Run Build Command(s):/usr/bin/gmake -f Makefile cmTC_c3a40/fast && /usr/bin/gmake  -f CMakeFiles/cmTC_c3a40.dir/build.make CMakeFiles/cmTC_c3a40.dir/build
gmake[1]: Entering directory '/workspace/build/CMakeFiles/CMakeScratch/TryCompile-i3vWGp'
Building C object CMakeFiles/cmTC_c3a40.dir/SIZEOF_CURL_SOCKET_T.c.o
/usr/bin/cc  -I/workspace/build/_deps/curl-src/include -W -Wall -pedantic -Wbad-function-cast -Wconversion -Winline -Wmissing-declarations -Wmissing-prototypes -Wnested-externs -Wno-long-long -Wno-multichar -Wpointer-arith -Wshadow -Wsign-compare -Wundef -Wunused -Wwrite-strings -Wcast-align -Wdeclaration-after-statement -Wempty-body -Wendif-labels -Wfloat-equal -Wignored-qualifiers -Wno-format-nonliteral -Wno-sign-conversion -Wno-system-headers -Wstrict-prototypes -Wtype-limits -Wvla -Wmissing-parameter-type -Wold-style-declaration -Wstrict-aliasing=3 -Wformat=2 -Warray-bounds=2 -ftree-vrp -Wduplicated-cond -Wnull-dereference -fdelete-null-pointer-checks -Wshift-negative-value -Wshift-overflow=2 -Walloc-zero -Wduplicated-branches -Wformat-overflow=2 -Wformat-truncation=1 -Wrestrict -Warith-conversion -Wdouble-promotion -Wenum-conversion -Wunused-const-variable -D_FILE_OFFSET_BITS=64 -o CMakeFiles/cmTC_c3a40.dir/SIZEOF_CURL_SOCKET_T.c.o -c /workspace/build/CMakeFiles/CMakeScratch/TryCompile-i3vWGp/SIZEOF_CURL_SOCKET_T.c
Linking C executable cmTC_c3a40
/usr/bin/cmake -E cmake_link_script CMakeFiles/cmTC_c3a40.dir/link.txt --verbose=1
/usr/bin/cc   -W -Wall -pedantic -Wbad-function-cast -Wconversion -Winline -Wmissing-declarations -Wmissing-prototypes -Wnested-externs -Wno-long-long -Wno-multichar -Wpointer-arith -Wshadow -Wsign-compare -Wundef -Wunused -Wwrite-strings -Wcast-align -Wdeclaration-after-statement -Wempty-body -Wendif-labels -Wfloat-equal -Wignored-qualifiers -Wno-format-nonliteral -Wno-sign-conversion -Wno-system-headers -Wstrict-prototypes -Wtype-limits -Wvla -Wmissing-parameter-type -Wold-style-declaration -Wstrict-aliasing=3 -Wformat=2 -Warray-bounds=2 -ftree-vrp -Wduplicated-cond -Wnull-dereference -fdelete-null-pointer-checks -Wshift-negative-value -Wshift-overflow=2 -Walloc-zero -Wduplicated-branches -Wformat-overflow=2 -Wformat-truncation=1 -Wrestrict -Warith-conversion -Wdouble-promotion -Wenum-conversion -Wunused-const-variable -D_FILE_OFFSET_BITS=64 CMakeFiles/cmTC_c3a40.dir/SIZEOF_CURL_SOCKET_T.c.o -o cmTC_c3a40 
gmake[1]: Leaving directory '/workspace/build/CMakeFiles/CMakeScratch/TryCompile-i3vWGp'



Performing C SOURCE FILE Test HAVE_WRITABLE_ARGV succeeded with the following compile output:
Change Dir: /workspace/build/CMakeFiles/CMakeScratch/TryCompile-rDdoBr

Run Build Command(s):/usr/bin/gmake -f Makefile cmTC_3298f/fast && /usr/bin/gmake  -f CMakeFiles/cmTC_3298f.dir/build.make CMakeFiles/cmTC_3298f.dir/build
gmake[1]: Entering directory '/workspace/build/CMakeFiles/CMakeScratch/TryCompile-rDdoBr'
Building C object CMakeFiles/cmTC_3298f.dir/src.c.o
/usr/bin/cc -DHAVE_WRITABLE_ARGV -I/workspace/build/_deps/curl-src/include -W -Wall -pedantic -Wbad-function-cast -Wconversion -Winline -Wmissing-declarations -Wmissing-prototypes -Wnested-externs -Wno-long-long -Wno-multichar -Wpointer-arith -Wshadow -Wsign-compare -Wundef -Wunused -Wwrite-strings -Wcast-align -Wdeclaration-after-statement -Wempty-body -Wendif-labels -Wfloat-equal -Wignored-qualifiers -Wno-format-nonliteral -Wno-sign-conversion -Wno-system-headers -Wstrict-prototypes -Wtype-limits -Wvla -Wmissing-parameter-type -Wold-style-declaration -Wstrict-aliasing=3 -Wformat=2 -Warray-bounds=2 -ftree-vrp -Wduplicated-cond -Wnull-dereference -fdelete-null-pointer-checks -Wshift-negative-value -Wshift-overflow=2 -Walloc-zero -Wduplicated-branches -Wformat-overflow=2 -Wformat-truncation=1 -Wrestrict -Warith-conversion -Wdouble-promotion -Wenum-conversion -Wunused-const-variable -D_FILE_OFFSET_BITS=64 -o CMakeFiles/cmTC_3298f.dir/src.c.o -c /workspace/build/CMakeFiles/CMakeScratch/TryCompile-rDdoBr/src.c
Linking C executable cmTC_3298f
/usr/bin/cmake -E cmake_link_script CMakeFiles/cmTC_3298f.dir/link.txt --verbose=1
/usr/bin/cc   -W -Wall -pedantic -Wbad-function-cast -Wconversion -Winline -Wmissing-declarations -Wmissing-prototypes -Wnested-externs -Wno-long-long -Wno-multichar -Wpointer-arith -Wshadow -Wsign-compare -Wundef -Wunused -Wwrite-strings -Wcast-align -Wdeclaration-after-statement -Wempty-body -Wendif-labels -Wfloat-equal -Wignored-qualifiers -Wno-format-nonliteral -Wno-sign-conversion -Wno-system-headers -Wstrict-prototypes -Wtype-limits -Wvla -Wmissing-parameter-type -Wold-style-declaration -Wstrict-aliasing=3 -Wformat=2 -Warray-bounds=2 -ftree-vrp -Wduplicated-cond -Wnull-dereference -fdelete-null-pointer-checks -Wshift-negative-value -Wshift-overflow=2 -Walloc-zero -Wduplicated-branches -Wformat-overflow=2 -Wformat-truncation=1 -Wrestrict -Warith-conversion -Wdouble-promotion -Wenum-conversion -Wunused-const-variable -D_FILE_OFFSET_BITS=64 CMakeFiles/cmTC_3298f.dir/src.c.o -o cmTC_3298f 
gmake[1]: Leaving directory '/workspace/build/CMakeFiles/CMakeScratch/TryCompile-rDdoBr'


...and run output:

Return value: 1
Source file was:

    int main(int argc, char **argv)
    {
      (void)argc;
      argv[0][0] = ' ';
      return (argv[0][0] == ' ')?0:1;
    }

Performing Curl Test HAVE_POSIX_STRERROR_R passed with the following output:
Change Dir: /workspace/build/CMakeFiles/CMakeTmp

Run Build Command(s):/usr/bin/gmake -f Makefile cmTC_e3dce/fast && /usr/bin/gmake  -f CMakeFiles/cmTC_e3dce.dir/build.make CMakeFiles/cmTC_e3dce.dir/build
gmake[1]: Entering directory '/workspace/build/CMakeFiles/CMakeTmp'
Building C object CMakeFiles/cmTC_e3dce.dir/CurlTests.c.o
/usr/bin/cc   -W -Wall -pedantic -Wbad-function-cast -Wconversion -Winline -Wmissing-declarations -Wmissing-prototypes -Wnested-externs -Wno-long-long -Wno-multichar -Wpointer-arith -Wshadow -Wsign-compare -Wundef -Wunused -Wwrite-strings -Wcast-align -Wdeclaration-after-statement -Wempty-body -Wendif-labels -Wfloat-equal -Wignored-qualifiers -Wno-format-nonliteral -Wno-sign-conversion -Wno-system-headers -Wstrict-prototypes -Wtype-limits -Wvla -Wmissing-parameter-type -Wold-style-declaration -Wstrict-aliasing=3 -Wformat=2 -Warray-bounds=2 -ftree-vrp -Wduplicated-cond -Wnull-dereference -fdelete-null-pointer-checks -Wshift-negative-value -Wshift-overflow=2 -Walloc-zero -Wduplicated-branches -Wformat-overflow=2 -Wformat-truncation=1 -Wrestrict -Warith-conversion -Wdouble-promotion -Wenum-conversion -Wunused-const-variable -DHAVE_POSIX_STRERROR_R  -DHAVE_INTTYPES_H -DHAVE_SYS_WAIT_H -DHAVE_SYS_IOCTL_H -DHAVE_SYS_PARAM_H -DHAVE_SYS_POLL_H -DHAVE_SYS_RESOURCE_H -DHAVE_SYS_SELECT_H -DHAVE_SYS_SOCKET_H -DHAVE_SYS_STAT_H -DHAVE_SYS_TIME_H -DHAVE_SYS_TYPES_H -DHAVE_SYS_UN_H -DHAVE_SYS_XATTR_H -DHAVE_ARPA_INET_H -DHAVE_FCNTL_H -DHAVE_IFADDRS_H -DHAVE_LIBGEN_H -DHAVE_LOCALE_H -DHAVE_NET_IF_H -DHAVE_NETDB_H -DHAVE_NETINET_IN_H -DHAVE_NETINET_TCP_H -DHAVE_NETINET_UDP_H -DHAVE_POLL_H -DHAVE_PWD_H -DHAVE_STDATOMIC_H -DHAVE_STDBOOL_H -DHAVE_STDINT_H -DHAVE_STRINGS_H -DHAVE_TERMIO_H -DHAVE_TERMIOS_H -DHAVE_UNISTD_H -DHAVE_UTIME_H -o CMakeFiles/cmTC_e3dce.dir/CurlTests.c.o -c /workspace/build/_deps/curl-src/CMake/CurlTests.c
/workspace/build/_deps/curl-src/CMake/CurlTests.c:392:6: warning: no previous prototype for ‘check’ [-Wmissing-prototypes]
  392 | void check(float f) {}
      |      ^~~~~
/workspace/build/_deps/curl-src/CMake/CurlTests.c: In function ‘check’:
/workspace/build/_deps/curl-src/CMake/CurlTests.c:392:18: warning: unused parameter ‘f’ [-Wunused-parameter]
  392 | void check(float f) {}
      |            ~~~~~~^
/workspace/build/_deps/curl-src/CMake/CurlTests.c: At top level:
/workspace/build/_deps/curl-src/CMake/CurlTests.c:395:1: warning: function declaration isn’t a prototype [-Wstrict-prototypes]
  395 | main () {
      | ^~~~
/workspace/build/_deps/curl-src/CMake/CurlTests.c: In function ‘main’:
/workspace/build/_deps/curl-src/CMake/CurlTests.c:398:9: warning: conversion from ‘int’ to ‘float’ may change value [-Wconversion]
  398 |   check(strerror_r(EACCES, buffer, sizeof(buffer)));
      |         ^~~~~~~~~~~~~~~~~~~~~~~~~~~~~~~~~~~~~~~~~~
Linking C executable cmTC_e3dce
/usr/bin/cmake -E cmake_link_script CMakeFiles/cmTC_e3dce.dir/link.txt --verbose=1
/usr/bin/cc   -W -Wall -pedantic -Wbad-function-cast -Wconversion -Winline -Wmissing-declarations -Wmissing-prototypes -Wnested-externs -Wno-long-long -Wno-multichar -Wpointer-arith -Wshadow -Wsign-compare -Wundef -Wunused -Wwrite-strings -Wcast-align -Wdeclaration-after-statement -Wempty-body -Wendif-labels -Wfloat-equal -Wignored-qualifiers -Wno-format-nonliteral -Wno-sign-conversion -Wno-system-headers -Wstrict-prototypes -Wtype-limits -Wvla -Wmissing-parameter-type -Wold-style-declaration -Wstrict-aliasing=3 -Wformat=2 -Warray-bounds=2 -ftree-vrp -Wduplicated-cond -Wnull-dereference -fdelete-null-pointer-checks -Wshift-negative-value -Wshift-overflow=2 -Walloc-zero -Wduplicated-branches -Wformat-overflow=2 -Wformat-truncation=1 -Wrestrict -Warith-conversion -Wdouble-promotion -Wenum-conversion -Wunused-const-variable -DHAVE_POSIX_STRERROR_R  -DHAVE_INTTYPES_H -DHAVE_SYS_WAIT_H -DHAVE_SYS_IOCTL_H -DHAVE_SYS_PARAM_H -DHAVE_SYS_POLL_H -DHAVE_SYS_RESOURCE_H -DHAVE_SYS_SELECT_H -DHAVE_SYS_SOCKET_H -DHAVE_SYS_STAT_H -DHAVE_SYS_TIME_H -DHAVE_SYS_TYPES_H -DHAVE_SYS_UN_H -DHAVE_SYS_XATTR_H -DHAVE_ARPA_INET_H -DHAVE_FCNTL_H -DHAVE_IFADDRS_H -DHAVE_LIBGEN_H -DHAVE_LOCALE_H -DHAVE_NET_IF_H -DHAVE_NETDB_H -DHAVE_NETINET_IN_H -DHAVE_NETINET_TCP_H -DHAVE_NETINET_UDP_H -DHAVE_POLL_H -DHAVE_PWD_H -DHAVE_STDATOMIC_H -DHAVE_STDBOOL_H -DHAVE_STDINT_H -DHAVE_STRINGS_H -DHAVE_TERMIO_H -DHAVE_TERMIOS_H -DHAVE_UNISTD_H -DHAVE_UTIME_H CMakeFiles/cmTC_e3dce.dir/CurlTests.c.o -o cmTC_e3dce 
gmake[1]: Leaving directory '/workspace/build/CMakeFiles/CMakeTmp'


Performing Curl Test HAVE_CLOCK_GETTIME_MONOTONIC passed with the following output:
Change Dir: /workspace/build/CMakeFiles/CMakeTmp

Run Build Command(s):/usr/bin/gmake -f Makefile cmTC_2e1cd/fast && /usr/bin/gmake  -f CMakeFiles/cmTC_2e1cd.dir/build.make CMakeFiles/cmTC_2e1cd.dir/build
gmake[1]: Entering directory '/workspace/build/CMakeFiles/CMakeTmp'
Building C object CMakeFiles/cmTC_2e1cd.dir/CurlTests.c.o
/usr/bin/cc   -W -Wall -pedantic -Wbad-function-cast -Wconversion -Winline -Wmissing-declarations -Wmissing-prototypes -Wnested-externs -Wno-long-long -Wno-multichar -Wpointer-arith -Wshadow -Wsign-compare -Wundef -Wunused -Wwrite-strings -Wcast-align -Wdeclaration-after-statement -Wempty-body -Wendif-labels -Wfloat-equal -Wignored-qualifiers -Wno-format-nonliteral -Wno-sign-conversion -Wno-system-headers -Wstrict-prototypes -Wtype-limits -Wvla -Wmissing-parameter-type -Wold-style-declaration -Wstrict-aliasing=3 -Wformat=2 -Warray-bounds=2 -ftree-vrp -Wduplicated-cond -Wnull-dereference -fdelete-null-pointer-checks -Wshift-negative-value -Wshift-overflow=2 -Walloc-zero -Wduplicated-branches -Wformat-overflow=2 -Wformat-truncation=1 -Wrestrict -Warith-conversion -Wdouble-promotion -Wenum-conversion -Wunused-const-variable -DHAVE_CLOCK_GETTIME_MONOTONIC  -DHAVE_INTTYPES_H -DHAVE_SYS_WAIT_H -DHAVE_SYS_IOCTL_H -DHAVE_SYS_PARAM_H -DHAVE_SYS_POLL_H -DHAVE_SYS_RESOURCE_H -DHAVE_SYS_SELECT_H -DHAVE_SYS_SOCKET_H -DHAVE_SYS_STAT_H -DHAVE_SYS_TIME_H -DHAVE_SYS_TYPES_H -DHAVE_SYS_UN_H -DHAVE_SYS_XATTR_H -DHAVE_ARPA_INET_H -DHAVE_FCNTL_H -DHAVE_IFADDRS_H -DHAVE_LIBGEN_H -DHAVE_LOCALE_H -DHAVE_NET_IF_H -DHAVE_NETDB_H -DHAVE_NETINET_IN_H -DHAVE_NETINET_TCP_H -DHAVE_NETINET_UDP_H -DHAVE_POLL_H -DHAVE_PWD_H -DHAVE_STDATOMIC_H -DHAVE_STDBOOL_H -DHAVE_STDINT_H -DHAVE_STRINGS_H -DHAVE_TERMIO_H -DHAVE_TERMIOS_H -DHAVE_UNISTD_H -DHAVE_UTIME_H -o CMakeFiles/cmTC_2e1cd.dir/CurlTests.c.o -c /workspace/build/_deps/curl-src/CMake/CurlTests.c
/workspace/build/_deps/curl-src/CMake/CurlTests.c:421:1: warning: function declaration isn’t a prototype [-Wstrict-prototypes]
  421 | main() {
      | ^~~~
Linking C executable cmTC_2e1cd
/usr/bin/cmake -E cmake_link_script CMakeFiles/cmTC_2e1cd.dir/link.txt --verbose=1
/usr/bin/cc   -W -Wall -pedantic -Wbad-function-cast -Wconversion -Winline -Wmissing-declarations -Wmissing-prototypes -Wnested-externs -Wno-long-long -Wno-multichar -Wpointer-arith -Wshadow -Wsign-compare -Wundef -Wunused -Wwrite-strings -Wcast-align -Wdeclaration-after-statement -Wempty-body -Wendif-labels -Wfloat-equal -Wignored-qualifiers -Wno-format-nonliteral -Wno-sign-conversion -Wno-system-headers -Wstrict-prototypes -Wtype-limits -Wvla -Wmissing-parameter-type -Wold-style-declaration -Wstrict-aliasing=3 -Wformat=2 -Warray-bounds=2 -ftree-vrp -Wduplicated-cond -Wnull-dereference -fdelete-null-pointer-checks -Wshift-negative-value -Wshift-overflow=2 -Walloc-zero -Wduplicated-branches -Wformat-overflow=2 -Wformat-truncation=1 -Wrestrict -Warith-conversion -Wdouble-promotion -Wenum-conversion -Wunused-const-variable -DHAVE_CLOCK_GETTIME_MONOTONIC  -DHAVE_INTTYPES_H -DHAVE_SYS_WAIT_H -DHAVE_SYS_IOCTL_H -DHAVE_SYS_PARAM_H -DHAVE_SYS_POLL_H -DHAVE_SYS_RESOURCE_H -DHAVE_SYS_SELECT_H -DHAVE_SYS_SOCKET_H -DHAVE_SYS_STAT_H -DHAVE_SYS_TIME_H -DHAVE_SYS_TYPES_H -DHAVE_SYS_UN_H -DHAVE_SYS_XATTR_H -DHAVE_ARPA_INET_H -DHAVE_FCNTL_H -DHAVE_IFADDRS_H -DHAVE_LIBGEN_H -DHAVE_LOCALE_H -DHAVE_NET_IF_H -DHAVE_NETDB_H -DHAVE_NETINET_IN_H -DHAVE_NETINET_TCP_H -DHAVE_NETINET_UDP_H -DHAVE_POLL_H -DHAVE_PWD_H -DHAVE_STDATOMIC_H -DHAVE_STDBOOL_H -DHAVE_STDINT_H -DHAVE_STRINGS_H -DHAVE_TERMIO_H -DHAVE_TERMIOS_H -DHAVE_UNISTD_H -DHAVE_UTIME_H CMakeFiles/cmTC_2e1cd.dir/CurlTests.c.o -o cmTC_2e1cd 
gmake[1]: Leaving directory '/workspace/build/CMakeFiles/CMakeTmp'


Performing C SOURCE FILE Test HAVE_MSG_NOSIGNAL succeeded with the following output:
Change Dir: /workspace/build/CMakeFiles/CMakeScratch/TryCompile-uYtwme

Run Build Command(s):/usr/bin/gmake -f Makefile cmTC_80939/fast && /usr/bin/gmake  -f CMakeFiles/cmTC_80939.dir/build.make CMakeFiles/cmTC_80939.dir/build
gmake[1]: Entering directory '/workspace/build/CMakeFiles/CMakeScratch/TryCompile-uYtwme'
Building C object CMakeFiles/cmTC_80939.dir/src.c.o
/usr/bin/cc -DHAVE_MSG_NOSIGNAL -I/workspace/build/_deps/curl-src/include -W -Wall -pedantic -Wbad-function-cast -Wconversion -Winline -Wmissing-declarations -Wmissing-prototypes -Wnested-externs -Wno-long-long -Wno-multichar -Wpointer-arith -Wshadow -Wsign-compare -Wundef -Wunused -Wwrite-strings -Wcast-align -Wdeclaration-after-statement -Wempty-body -Wendif-labels -Wfloat-equal -Wignored-qualifiers -Wno-format-nonliteral -Wno-sign-conversion -Wno-system-headers -Wstrict-prototypes -Wtype-limits -Wvla -Wmissing-parameter-type -Wold-style-declaration -Wstrict-aliasing=3 -Wformat=2 -Warray-bounds=2 -ftree-vrp -Wduplicated-cond -Wnull-dereference -fdelete-null-pointer-checks -Wshift-negative-value -Wshift-overflow=2 -Walloc-zero -Wduplicated-branches -Wformat-overflow=2 -Wformat-truncation=1 -Wrestrict -Warith-conversion -Wdouble-promotion -Wenum-conversion -Wunused-const-variable  -o CMakeFiles/cmTC_80939.dir/src.c.o -c /workspace/build/CMakeFiles/CMakeScratch/TryCompile-uYtwme/src.c
Linking C static library libcmTC_80939.a
/usr/bin/cmake -P CMakeFiles/cmTC_80939.dir/cmake_clean_target.cmake
/usr/bin/cmake -E cmake_link_script CMakeFiles/cmTC_80939.dir/link.txt --verbose=1
/usr/bin/ar qc libcmTC_80939.a CMakeFiles/cmTC_80939.dir/src.c.o
/usr/bin/ranlib libcmTC_80939.a
gmake[1]: Leaving directory '/workspace/build/CMakeFiles/CMakeScratch/TryCompile-uYtwme'


Source file was:
#undef inline
#include <sys/types.h>
#include <sys/socket.h>
  int main(void) {
    int flag = MSG_NOSIGNAL;
    (void)flag;
    return 0;
  }

Performing C SOURCE FILE Test HAVE_STRUCT_TIMEVAL succeeded with the following output:
Change Dir: /workspace/build/CMakeFiles/CMakeScratch/TryCompile-Fq8tYY

Run Build Command(s):/usr/bin/gmake -f Makefile cmTC_8d684/fast && /usr/bin/gmake  -f CMakeFiles/cmTC_8d684.dir/build.make CMakeFiles/cmTC_8d684.dir/build
gmake[1]: Entering directory '/workspace/build/CMakeFiles/CMakeScratch/TryCompile-Fq8tYY'
Building C object CMakeFiles/cmTC_8d684.dir/src.c.o
/usr/bin/cc -DHAVE_STRUCT_TIMEVAL -I/workspace/build/_deps/curl-src/include -W -Wall -pedantic -Wbad-function-cast -Wconversion -Winline -Wmissing-declarations -Wmissing-prototypes -Wnested-externs -Wno-long-long -Wno-multichar -Wpointer-arith -Wshadow -Wsign-compare -Wundef -Wunused -Wwrite-strings -Wcast-align -Wdeclaration-after-statement -Wempty-body -Wendif-labels -Wfloat-equal -Wignored-qualifiers -Wno-format-nonliteral -Wno-sign-conversion -Wno-system-headers -Wstrict-prototypes -Wtype-limits -Wvla -Wmissing-parameter-type -Wold-style-declaration -Wstrict-aliasing=3 -Wformat=2 -Warray-bounds=2 -ftree-vrp -Wduplicated-cond -Wnull-dereference -fdelete-null-pointer-checks -Wshift-negative-value -Wshift-overflow=2 -Walloc-zero -Wduplicated-branches -Wformat-overflow=2 -Wformat-truncation=1 -Wrestrict -Warith-conversion -Wdouble-promotion -Wenum-conversion -Wunused-const-variable  -o CMakeFiles/cmTC_8d684.dir/src.c.o -c /workspace/build/CMakeFiles/CMakeScratch/TryCompile-Fq8tYY/src.c
Linking C static library libcmTC_8d684.a
/usr/bin/cmake -P CMakeFiles/cmTC_8d684.dir/cmake_clean_target.cmake
/usr/bin/cmake -E cmake_link_script CMakeFiles/cmTC_8d684.dir/link.txt --verbose=1
/usr/bin/ar qc libcmTC_8d684.a CMakeFiles/cmTC_8d684.dir/src.c.o
/usr/bin/ranlib libcmTC_8d684.a
gmake[1]: Leaving directory '/workspace/build/CMakeFiles/CMakeScratch/TryCompile-Fq8tYY'


Source file was:
#undef inline
#include <sys/types.h>
#include <sys/socket.h>
#include <sys/time.h>
#include <time.h>
int main(void) {
  struct timeval ts;
  ts.tv_sec  = 0;
  ts.tv_usec = 0;
  (void)ts;
  return 0;
}

Determining size of struct sockaddr_storage passed with the following output:
Change Dir: /workspace/build/CMakeFiles/CMakeScratch/TryCompile-T9B0Y2

Run Build Command(s):/usr/bin/gmake -f Makefile cmTC_f0b86/fast && /usr/bin/gmake  -f CMakeFiles/cmTC_f0b86.dir/build.make CMakeFiles/cmTC_f0b86.dir/build
gmake[1]: Entering directory '/workspace/build/CMakeFiles/CMakeScratch/TryCompile-T9B0Y2'
Building C object CMakeFiles/cmTC_f0b86.dir/SIZEOF_STRUCT_SOCKADDR_STORAGE.c.o
/usr/bin/cc  -I/workspace/build/_deps/curl-src/include -W -Wall -pedantic -Wbad-function-cast -Wconversion -Winline -Wmissing-declarations -Wmissing-prototypes -Wnested-externs -Wno-long-long -Wno-multichar -Wpointer-arith -Wshadow -Wsign-compare -Wundef -Wunused -Wwrite-strings -Wcast-align -Wdeclaration-after-statement -Wempty-body -Wendif-labels -Wfloat-equal -Wignored-qualifiers -Wno-format-nonliteral -Wno-sign-conversion -Wno-system-headers -Wstrict-prototypes -Wtype-limits -Wvla -Wmissing-parameter-type -Wold-style-declaration -Wstrict-aliasing=3 -Wformat=2 -Warray-bounds=2 -ftree-vrp -Wduplicated-cond -Wnull-dereference -fdelete-null-pointer-checks -Wshift-negative-value -Wshift-overflow=2 -Walloc-zero -Wduplicated-branches -Wformat-overflow=2 -Wformat-truncation=1 -Wrestrict -Warith-conversion -Wdouble-promotion -Wenum-conversion -Wunused-const-variable  -o CMakeFiles/cmTC_f0b86.dir/SIZEOF_STRUCT_SOCKADDR_STORAGE.c.o -c /workspace/build/CMakeFiles/CMakeScratch/TryCompile-T9B0Y2/SIZEOF_STRUCT_SOCKADDR_STORAGE.c
Linking C static library libcmTC_f0b86.a
/usr/bin/cmake -P CMakeFiles/cmTC_f0b86.dir/cmake_clean_target.cmake
/usr/bin/cmake -E cmake_link_script CMakeFiles/cmTC_f0b86.dir/link.txt --verbose=1
/usr/bin/ar qc libcmTC_f0b86.a CMakeFiles/cmTC_f0b86.dir/SIZEOF_STRUCT_SOCKADDR_STORAGE.c.o
/usr/bin/ranlib libcmTC_f0b86.a
gmake[1]: Leaving directory '/workspace/build/CMakeFiles/CMakeScratch/TryCompile-T9B0Y2'



Performing C SOURCE FILE Test HAVE_POLL_FINE succeeded with the following compile output:
Change Dir: /workspace/build/CMakeFiles/CMakeScratch/TryCompile-VHcBi6

Run Build Command(s):/usr/bin/gmake -f Makefile cmTC_c6c2a/fast && /usr/bin/gmake  -f CMakeFiles/cmTC_c6c2a.dir/build.make CMakeFiles/cmTC_c6c2a.dir/build
gmake[1]: Entering directory '/workspace/build/CMakeFiles/CMakeScratch/TryCompile-VHcBi6'
Building C object CMakeFiles/cmTC_c6c2a.dir/src.c.o
/usr/bin/cc -DHAVE_POLL_FINE -I/workspace/build/_deps/curl-src/include -W -Wall -pedantic -Wbad-function-cast -Wconversion -Winline -Wmissing-declarations -Wmissing-prototypes -Wnested-externs -Wno-long-long -Wno-multichar -Wpointer-arith -Wshadow -Wsign-compare -Wundef -Wunused -Wwrite-strings -Wcast-align -Wdeclaration-after-statement -Wempty-body -Wendif-labels -Wfloat-equal -Wignored-qualifiers -Wno-format-nonliteral -Wno-sign-conversion -Wno-system-headers -Wstrict-prototypes -Wtype-limits -Wvla -Wmissing-parameter-type -Wold-style-declaration -Wstrict-aliasing=3 -Wformat=2 -Warray-bounds=2 -ftree-vrp -Wduplicated-cond -Wnull-dereference -fdelete-null-pointer-checks -Wshift-negative-value -Wshift-overflow=2 -Walloc-zero -Wduplicated-branches -Wformat-overflow=2 -Wformat-truncation=1 -Wrestrict -Warith-conversion -Wdouble-promotion -Wenum-conversion -Wunused-const-variable -DHAVE_SYS_POLL_H -o CMakeFiles/cmTC_c6c2a.dir/src.c.o -c /workspace/build/CMakeFiles/CMakeScratch/TryCompile-VHcBi6/src.c
/workspace/build/CMakeFiles/CMakeScratch/TryCompile-VHcBi6/src.c: In function ‘main’:
/workspace/build/CMakeFiles/CMakeScratch/TryCompile-VHcBi6/src.c:19:17: warning: variable ‘rc’ set but not used [-Wunused-but-set-variable]
   19 |             int rc;
      |                 ^~
Linking C executable cmTC_c6c2a
/usr/bin/cmake -E cmake_link_script CMakeFiles/cmTC_c6c2a.dir/link.txt --verbose=1
/usr/bin/cc   -W -Wall -pedantic -Wbad-function-cast -Wconversion -Winline -Wmissing-declarations -Wmissing-prototypes -Wnested-externs -Wno-long-long -Wno-multichar -Wpointer-arith -Wshadow -Wsign-compare -Wundef -Wunused -Wwrite-strings -Wcast-align -Wdeclaration-after-statement -Wempty-body -Wendif-labels -Wfloat-equal -Wignored-qualifiers -Wno-format-nonliteral -Wno-sign-conversion -Wno-system-headers -Wstrict-prototypes -Wtype-limits -Wvla -Wmissing-parameter-type -Wold-style-declaration -Wstrict-aliasing=3 -Wformat=2 -Warray-bounds=2 -ftree-vrp -Wduplicated-cond -Wnull-dereference -fdelete-null-pointer-checks -Wshift-negative-value -Wshift-overflow=2 -Walloc-zero -Wduplicated-branches -Wformat-overflow=2 -Wformat-truncation=1 -Wrestrict -Warith-conversion -Wdouble-promotion -Wenum-conversion -Wunused-const-variable -DHAVE_SYS_POLL_H CMakeFiles/cmTC_c6c2a.dir/src.c.o -o cmTC_c6c2a 
gmake[1]: Leaving directory '/workspace/build/CMakeFiles/CMakeScratch/TryCompile-VHcBi6'


...and run output:

Return value: 1
Source file was:

      #include <stdlib.h>
      #include <sys/time.h>

      #ifdef HAVE_SYS_POLL_H
      #  include <sys/poll.h>
      #elif  HAVE_POLL_H
      #  include <poll.h>
      #endif

      int main(void)
      {
          if(0 != poll(0, 0, 10)) {
            return 1; /* fail */
          }
          else {
            /* detect the 10.12 poll() breakage */
            struct timeval before, after;
            int rc;
            size_t us;

            gettimeofday(&before, NULL);
            rc = poll(NULL, 0, 500);
            gettimeofday(&after, NULL);

            us = (after.tv_sec - before.tv_sec) * 1000000 +
              (after.tv_usec - before.tv_usec);

            if(us < 400000) {
              return 1;
            }
          }
          return 0;
    }

Performing C SOURCE FILE Test HAVE_H_ERRNO succeeded with the following output:
Change Dir: /workspace/build/CMakeFiles/CMakeScratch/TryCompile-HdgKYP

Run Build Command(s):/usr/bin/gmake -f Makefile cmTC_8761a/fast && /usr/bin/gmake  -f CMakeFiles/cmTC_8761a.dir/build.make CMakeFiles/cmTC_8761a.dir/build
gmake[1]: Entering directory '/workspace/build/CMakeFiles/CMakeScratch/TryCompile-HdgKYP'
Building C object CMakeFiles/cmTC_8761a.dir/src.c.o
/usr/bin/cc -DHAVE_H_ERRNO -I/workspace/build/_deps/curl-src/include -W -Wall -pedantic -Wbad-function-cast -Wconversion -Winline -Wmissing-declarations -Wmissing-prototypes -Wnested-externs -Wno-long-long -Wno-multichar -Wpointer-arith -Wshadow -Wsign-compare -Wundef -Wunused -Wwrite-strings -Wcast-align -Wdeclaration-after-statement -Wempty-body -Wendif-labels -Wfloat-equal -Wignored-qualifiers -Wno-format-nonliteral -Wno-sign-conversion -Wno-system-headers -Wstrict-prototypes -Wtype-limits -Wvla -Wmissing-parameter-type -Wold-style-declaration -Wstrict-aliasing=3 -Wformat=2 -Warray-bounds=2 -ftree-vrp -Wduplicated-cond -Wnull-dereference -fdelete-null-pointer-checks -Wshift-negative-value -Wshift-overflow=2 -Walloc-zero -Wduplicated-branches -Wformat-overflow=2 -Wformat-truncation=1 -Wrestrict -Warith-conversion -Wdouble-promotion -Wenum-conversion -Wunused-const-variable -DHAVE_SYS_POLL_H -o CMakeFiles/cmTC_8761a.dir/src.c.o -c /workspace/build/CMakeFiles/CMakeScratch/TryCompile-HdgKYP/src.c
Linking C executable cmTC_8761a
/usr/bin/cmake -E cmake_link_script CMakeFiles/cmTC_8761a.dir/link.txt --verbose=1
/usr/bin/cc   -W -Wall -pedantic -Wbad-function-cast -Wconversion -Winline -Wmissing-declarations -Wmissing-prototypes -Wnested-externs -Wno-long-long -Wno-multichar -Wpointer-arith -Wshadow -Wsign-compare -Wundef -Wunused -Wwrite-strings -Wcast-align -Wdeclaration-after-statement -Wempty-body -Wendif-labels -Wfloat-equal -Wignored-qualifiers -Wno-format-nonliteral -Wno-sign-conversion -Wno-system-headers -Wstrict-prototypes -Wtype-limits -Wvla -Wmissing-parameter-type -Wold-style-declaration -Wstrict-aliasing=3 -Wformat=2 -Warray-bounds=2 -ftree-vrp -Wduplicated-cond -Wnull-dereference -fdelete-null-pointer-checks -Wshift-negative-value -Wshift-overflow=2 -Walloc-zero -Wduplicated-branches -Wformat-overflow=2 -Wformat-truncation=1 -Wrestrict -Warith-conversion -Wdouble-promotion -Wenum-conversion -Wunused-const-variable -DHAVE_SYS_POLL_H CMakeFiles/cmTC_8761a.dir/src.c.o -o cmTC_8761a 
gmake[1]: Leaving directory '/workspace/build/CMakeFiles/CMakeScratch/TryCompile-HdgKYP'


Source file was:
#undef inline
#include <sys/socket.h>
#include <sys/time.h>
#include <netdb.h>
    int main(void)
    {
    #ifdef h_errno
      return 0;
    #else
      force compilation error
    #endif
    }

Performing C SOURCE FILE Test HAVE_CLOCK_GETTIME_MONOTONIC_RAW succeeded with the following output:
Change Dir: /workspace/build/CMakeFiles/CMakeScratch/TryCompile-4whezE

Run Build Command(s):/usr/bin/gmake -f Makefile cmTC_af939/fast && /usr/bin/gmake  -f CMakeFiles/cmTC_af939.dir/build.make CMakeFiles/cmTC_af939.dir/build
gmake[1]: Entering directory '/workspace/build/CMakeFiles/CMakeScratch/TryCompile-4whezE'
Building C object CMakeFiles/cmTC_af939.dir/src.c.o
/usr/bin/cc -DHAVE_CLOCK_GETTIME_MONOTONIC_RAW -I/workspace/build/_deps/curl-src/include -W -Wall -pedantic -Wbad-function-cast -Wconversion -Winline -Wmissing-declarations -Wmissing-prototypes -Wnested-externs -Wno-long-long -Wno-multichar -Wpointer-arith -Wshadow -Wsign-compare -Wundef -Wunused -Wwrite-strings -Wcast-align -Wdeclaration-after-statement -Wempty-body -Wendif-labels -Wfloat-equal -Wignored-qualifiers -Wno-format-nonliteral -Wno-sign-conversion -Wno-system-headers -Wstrict-prototypes -Wtype-limits -Wvla -Wmissing-parameter-type -Wold-style-declaration -Wstrict-aliasing=3 -Wformat=2 -Warray-bounds=2 -ftree-vrp -Wduplicated-cond -Wnull-dereference -fdelete-null-pointer-checks -Wshift-negative-value -Wshift-overflow=2 -Walloc-zero -Wduplicated-branches -Wformat-overflow=2 -Wformat-truncation=1 -Wrestrict -Warith-conversion -Wdouble-promotion -Wenum-conversion -Wunused-const-variable -DHAVE_SYS_POLL_H -o CMakeFiles/cmTC_af939.dir/src.c.o -c /workspace/build/CMakeFiles/CMakeScratch/TryCompile-4whezE/src.c
Linking C executable cmTC_af939
/usr/bin/cmake -E cmake_link_script CMakeFiles/cmTC_af939.dir/link.txt --verbose=1
/usr/bin/cc   -W -Wall -pedantic -Wbad-function-cast -Wconversion -Winline -Wmissing-declarations -Wmissing-prototypes -Wnested-externs -Wno-long-long -Wno-multichar -Wpointer-arith -Wshadow -Wsign-compare -Wundef -Wunused -Wwrite-strings -Wcast-align -Wdeclaration-after-statement -Wempty-body -Wendif-labels -Wfloat-equal -Wignored-qualifiers -Wno-format-nonliteral -Wno-sign-conversion -Wno-system-headers -Wstrict-prototypes -Wtype-limits -Wvla -Wmissing-parameter-type -Wold-style-declaration -Wstrict-aliasing=3 -Wformat=2 -Warray-bounds=2 -ftree-vrp -Wduplicated-cond -Wnull-dereference -fdelete-null-pointer-checks -Wshift-negative-value -Wshift-overflow=2 -Walloc-zero -Wduplicated-branches -Wformat-overflow=2 -Wformat-truncation=1 -Wrestrict -Warith-conversion -Wdouble-promotion -Wenum-conversion -Wunused-const-variable -DHAVE_SYS_POLL_H CMakeFiles/cmTC_af939.dir/src.c.o -o cmTC_af939 
gmake[1]: Leaving directory '/workspace/build/CMakeFiles/CMakeScratch/TryCompile-4whezE'


Source file was:
#undef inline
#include <sys/types.h>
#include <sys/time.h>
    #include <time.h>
    int main(void)
    {
      struct timespec ts;
      (void)clock_gettime(CLOCK_MONOTONIC_RAW, &ts);
      return 0;
    }

