Determining if the include file sys/sdt.h exists failed with the following output:
Change Dir: /workspace/build/CMakeFiles/CMakeScratch/TryCompile-8S7GC3

Run Build Command(s):/usr/bin/gmake -f Makefile cmTC_433f1/fast && /usr/bin/gmake  -f CMakeFiles/cmTC_433f1.dir/build.make CMakeFiles/cmTC_433f1.dir/build
gmake[1]: Entering directory '/workspace/build/CMakeFiles/CMakeScratch/TryCompile-8S7GC3'
Building C object CMakeFiles/cmTC_433f1.dir/CheckIncludeFile.c.o
/usr/bin/cc   -Wall -Wno-implicit-fallthrough  -std=c99 -o CMakeFiles/cmTC_433f1.dir/CheckIncludeFile.c.o -c /workspace/build/CMakeFiles/CMakeScratch/TryCompile-8S7GC3/CheckIncludeFile.c
/workspace/build/CMakeFiles/CMakeScratch/TryCompile-8S7GC3/CheckIncludeFile.c:1:10: fatal error: sys/sdt.h: No such file or directory
    1 | #include <sys/sdt.h>
      |          ^~~~~~~~~~~
compilation terminated.
gmake[1]: *** [CMakeFiles/cmTC_433f1.dir/build.make:78: CMakeFiles/cmTC_433f1.dir/CheckIncludeFile.c.o] Error 1
gmake[1]: Leaving directory '/workspace/build/CMakeFiles/CMakeScratch/TryCompile-8S7GC3'
gmake: *** [Makefile:127: cmTC_433f1/fast] Error 2



Determining if the function connect exists in the socket; failed with the following output:
Change Dir: /workspace/build/CMakeFiles/CMakeScratch/TryCompile-oIlBwq

Run Build Command(s):/usr/bin/gmake -f Makefile cmTC_a1b3f/fast && /usr/bin/gmake  -f CMakeFiles/cmTC_a1b3f.dir/build.make CMakeFiles/cmTC_a1b3f.dir/build
gmake[1]: Entering directory '/workspace/build/CMakeFiles/CMakeScratch/TryCompile-oIlBwq'
Building C object CMakeFiles/cmTC_a1b3f.dir/CheckFunctionExists.c.o
/usr/bin/cc   -W -Wall -pedantic -Wbad-function-cast -Wconversion -Winline -Wmissing-declarations -Wmissing-prototypes -Wnested-externs -Wno-long-long -Wno-multichar -Wpointer-arith -Wshadow -Wsign-compare -Wundef -Wunused -Wwrite-strings -Wcast-align -Wdeclaration-after-statement -Wempty-body -Wendif-labels -Wfloat-equal -Wignored-qualifiers -Wno-format-nonliteral -Wno-sign-conversion -Wno-system-headers -Wstrict-prototypes -Wtype-limits -Wvla -Wmissing-parameter-type -Wold-style-declaration -Wstrict-aliasing=3 -Wformat=2 -Warray-bounds=2 -ftree-vrp -Wduplicated-cond -Wnull-dereference -fdelete-null-pointer-checks -Wshift-negative-value -Wshift-overflow=2 -Walloc-zero -Wduplicated-branches -Wformat-overflow=2 -Wformat-truncation=1 -Wrestrict -Warith-conversion -Wdouble-promotion -Wenum-conversion -Wunused-const-variable -DCHECK_FUNCTION_EXISTS=connect -o CMakeFiles/cmTC_a1b3f.dir/CheckFunctionExists.c.o -c /workspace/build/CMakeFiles/CMakeScratch/TryCompile-oIlBwq/CheckFunctionExists.c
Linking C executable cmTC_a1b3f
/usr/bin/cmake -E cmake_link_script CMakeFiles/cmTC_a1b3f.dir/link.txt --verbose=1
/usr/bin/cc   -W -Wall -pedantic -Wbad-function-cast -Wconversion -Winline -Wmissing-declarations -Wmissing-prototypes -Wnested-externs -Wno-long-long -Wno-multichar -Wpointer-arith -Wshadow -Wsign-compare -Wundef -Wunused -Wwrite-strings -Wcast-align -Wdeclaration-after-statement -Wempty-body -Wendif-labels -Wfloat-equal -Wignored-qualifiers -Wno-format-nonliteral -Wno-sign-conversion -Wno-system-headers -Wstrict-prototypes -Wtype-limits -Wvla -Wmissing-parameter-type -Wold-style-declaration -Wstrict-aliasing=3 -Wformat=2 -Warray-bounds=2 -ftree-vrp -Wduplicated-cond -Wnull-dereference -fdelete-null-pointer-checks -Wshift-negative-value -Wshift-overflow=2 -Walloc-zero -Wduplicated-branches -Wformat-overflow=2 -Wformat-truncation=1 -Wrestrict -Warith-conversion -Wdouble-promotion -Wenum-conversion -Wunused-const-variable -DCHECK_FUNCTION_EXISTS=connect CMakeFiles/cmTC_a1b3f.dir/CheckFunctionExists.c.o -o cmTC_a1b3f  -lsocket 
/usr/bin/ld: cannot find -lsocket: No such file or directory
collect2: error: ld returned 1 exit status
gmake[1]: *** [CMakeFiles/cmTC_a1b3f.dir/build.make:99: cmTC_a1b3f] Error 1
gmake[1]: Leaving directory '/workspace/build/CMakeFiles/CMakeScratch/TryCompile-oIlBwq'
gmake: *** [Makefile:127: cmTC_a1b3f/fast] Error 2



Determining if the OPENSSL_IS_BORINGSSL exist failed with the following output:
Change Dir: /workspace/build/CMakeFiles/CMakeScratch/TryCompile-7dLh6p

Run Build Command(s):/usr/bin/gmake -f Makefile cmTC_e56da/fast && /usr/bin/gmake  -f CMakeFiles/cmTC_e56da.dir/build.make CMakeFiles/cmTC_e56da.dir/build
gmake[1]: Entering directory '/workspace/build/CMakeFiles/CMakeScratch/TryCompile-7dLh6p'
Building C object CMakeFiles/cmTC_e56da.dir/CheckSymbolExists.c.o
/usr/bin/cc   -W -Wall -pedantic -Wbad-function-cast -Wconversion -Winline -Wmissing-declarations -Wmissing-prototypes -Wnested-externs -Wno-long-long -Wno-multichar -Wpointer-arith -Wshadow -Wsign-compare -Wundef -Wunused -Wwrite-strings -Wcast-align -Wdeclaration-after-statement -Wempty-body -Wendif-labels -Wfloat-equal -Wignored-qualifiers -Wno-format-nonliteral -Wno-sign-conversion -Wno-system-headers -Wstrict-prototypes -Wtype-limits -Wvla -Wmissing-parameter-type -Wold-style-declaration -Wstrict-aliasing=3 -Wformat=2 -Warray-bounds=2 -ftree-vrp -Wduplicated-cond -Wnull-dereference -fdelete-null-pointer-checks -Wshift-negative-value -Wshift-overflow=2 -Walloc-zero -Wduplicated-branches -Wformat-overflow=2 -Wformat-truncation=1 -Wrestrict -Warith-conversion -Wdouble-promotion -Wenum-conversion -Wunused-const-variable  -o CMakeFiles/cmTC_e56da.dir/CheckSymbolExists.c.o -c /workspace/build/CMakeFiles/CMakeScratch/TryCompile-7dLh6p/CheckSymbolExists.c
/workspace/build/CMakeFiles/CMakeScratch/TryCompile-7dLh6p/CheckSymbolExists.c:2:10: fatal error: openssl/base.h: No such file or directory
    2 | #include <openssl/base.h>
      |          ^~~~~~~~~~~~~~~~
compilation terminated.
gmake[1]: *** [CMakeFiles/cmTC_e56da.dir/build.make:78: CMakeFiles/cmTC_e56da.dir/CheckSymbolExists.c.o] Error 1
gmake[1]: Leaving directory '/workspace/build/CMakeFiles/CMakeScratch/TryCompile-7dLh6p'
gmake: *** [Makefile:127: cmTC_e56da/fast] Error 2


File CheckSymbolExists.c:
/* */
#include <openssl/base.h>

int main(int argc, char** argv)
{
  (void)argv;
#ifndef OPENSSL_IS_BORINGSSL
  return ((int*)(&OPENSSL_IS_BORINGSSL))[argc];
#else
  (void)argc;
  return 0;
#endif
}
Determining if the OPENSSL_IS_AWSLC exist failed with the following output:
Change Dir: /workspace/build/CMakeFiles/CMakeScratch/TryCompile-udV3Uc

Run Build Command(s):/usr/bin/gmake -f Makefile cmTC_36ba9/fast && /usr/bin/gmake  -f CMakeFiles/cmTC_36ba9.dir/build.make CMakeFiles/cmTC_36ba9.dir/build
gmake[1]: Entering directory '/workspace/build/CMakeFiles/CMakeScratch/TryCompile-udV3Uc'
Building C object CMakeFiles/cmTC_36ba9.dir/CheckSymbolExists.c.o
/usr/bin/cc   -W -Wall -pedantic -Wbad-function-cast -Wconversion -Winline -Wmissing-declarations -Wmissing-prototypes -Wnested-externs -Wno-long-long -Wno-multichar -Wpointer-arith -Wshadow -Wsign-compare -Wundef -Wunused -Wwrite-strings -Wcast-align -Wdeclaration-after-statement -Wempty-body -Wendif-labels -Wfloat-equal -Wignored-qualifiers -Wno-format-nonliteral -Wno-sign-conversion -Wno-system-headers -Wstrict-prototypes -Wtype-limits -Wvla -Wmissing-parameter-type -Wold-style-declaration -Wstrict-aliasing=3 -Wformat=2 -Warray-bounds=2 -ftree-vrp -Wduplicated-cond -Wnull-dereference -fdelete-null-pointer-checks -Wshift-negative-value -Wshift-overflow=2 -Walloc-zero -Wduplicated-branches -Wformat-overflow=2 -Wformat-truncation=1 -Wrestrict -Warith-conversion -Wdouble-promotion -Wenum-conversion -Wunused-const-variable  -o CMakeFiles/cmTC_36ba9.dir/CheckSymbolExists.c.o -c /workspace/build/CMakeFiles/CMakeScratch/TryCompile-udV3Uc/CheckSymbolExists.c
/workspace/build/CMakeFiles/CMakeScratch/TryCompile-udV3Uc/CheckSymbolExists.c:2:10: fatal error: openssl/base.h: No such file or directory
    2 | #include <openssl/base.h>
      |          ^~~~~~~~~~~~~~~~
compilation terminated.
gmake[1]: *** [CMakeFiles/cmTC_36ba9.dir/build.make:78: CMakeFiles/cmTC_36ba9.dir/CheckSymbolExists.c.o] Error 1
gmake[1]: Leaving directory '/workspace/build/CMakeFiles/CMakeScratch/TryCompile-udV3Uc'
gmake: *** [Makefile:127: cmTC_36ba9/fast] Error 2


File CheckSymbolExists.c:
/* */
#include <openssl/base.h>

int main(int argc, char** argv)
{
  (void)argv;
#ifndef OPENSSL_IS_AWSLC
  return ((int*)(&OPENSSL_IS_AWSLC))[argc];
#else
  (void)argc;
  return 0;
#endif
}
Determining if the function idn2_lookup_ul exists in the idn2;OpenSSL::SSL;OpenSSL::Crypto;ZLIB::ZLIB failed with the following output:
Change Dir: /workspace/build/CMakeFiles/CMakeScratch/TryCompile-947BOj

Run Build Command(s):/usr/bin/gmake -f Makefile cmTC_ec813/fast && /usr/bin/gmake  -f CMakeFiles/cmTC_ec813.dir/build.make CMakeFiles/cmTC_ec813.dir/build
gmake[1]: Entering directory '/workspace/build/CMakeFiles/CMakeScratch/TryCompile-947BOj'
Building C object CMakeFiles/cmTC_ec813.dir/CheckFunctionExists.c.o
/usr/bin/cc   -W -Wall -pedantic -Wbad-function-cast -Wconversion -Winline -Wmissing-declarations -Wmissing-prototypes -Wnested-externs -Wno-long-long -Wno-multichar -Wpointer-arith -Wshadow -Wsign-compare -Wundef -Wunused -Wwrite-strings -Wcast-align -Wdeclaration-after-statement -Wempty-body -Wendif-labels -Wfloat-equal -Wignored-qualifiers -Wno-format-nonliteral -Wno-sign-conversion -Wno-system-headers -Wstrict-prototypes -Wtype-limits -Wvla -Wmissing-parameter-type -Wold-style-declaration -Wstrict-aliasing=3 -Wformat=2 -Warray-bounds=2 -ftree-vrp -Wduplicated-cond -Wnull-dereference -fdelete-null-pointer-checks -Wshift-negative-value -Wshift-overflow=2 -Walloc-zero -Wduplicated-branches -Wformat-overflow=2 -Wformat-truncation=1 -Wrestrict -Warith-conversion -Wdouble-promotion -Wenum-conversion -Wunused-const-variable -DCHECK_FUNCTION_EXISTS=idn2_lookup_ul -o CMakeFiles/cmTC_ec813.dir/CheckFunctionExists.c.o -c /workspace/build/CMakeFiles/CMakeScratch/TryCompile-947BOj/CheckFunctionExists.c
Linking C executable cmTC_ec813
/usr/bin/cmake -E cmake_link_script CMakeFiles/cmTC_ec813.dir/link.txt --verbose=1
/usr/bin/cc   -W -Wall -pedantic -Wbad-function-cast -Wconversion -Winline -Wmissing-declarations -Wmissing-prototypes -Wnested-externs -Wno-long-long -Wno-multichar -Wpointer-arith -Wshadow -Wsign-compare -Wundef -Wunused -Wwrite-strings -Wcast-align -Wdeclaration-after-statement -Wempty-body -Wendif-labels -Wfloat-equal -Wignored-qualifiers -Wno-format-nonliteral -Wno-sign-conversion -Wno-system-headers -Wstrict-prototypes -Wtype-limits -Wvla -Wmissing-parameter-type -Wold-style-declaration -Wstrict-aliasing=3 -Wformat=2 -Warray-bounds=2 -ftree-vrp -Wduplicated-cond -Wnull-dereference -fdelete-null-pointer-checks -Wshift-negative-value -Wshift-overflow=2 -Walloc-zero -Wduplicated-branches -Wformat-overflow=2 -Wformat-truncation=1 -Wrestrict -Warith-conversion -Wdouble-promotion -Wenum-conversion -Wunused-const-variable -DCHECK_FUNCTION_EXISTS=idn2_lookup_ul CMakeFiles/cmTC_ec813.dir/CheckFunctionExists.c.o -o cmTC_ec813  -lidn2 /usr/lib/x86_64-linux-gnu/libssl.so /usr/lib/x86_64-linux-gnu/libcrypto.so /usr/lib/x86_64-linux-gnu/libz.so 
/usr/bin/ld: cannot find -lidn2: No such file or directory
collect2: error: ld returned 1 exit status
gmake[1]: *** [CMakeFiles/cmTC_ec813.dir/build.make:102: cmTC_ec813] Error 1
gmake[1]: Leaving directory '/workspace/build/CMakeFiles/CMakeScratch/TryCompile-947BOj'
gmake: *** [Makefile:127: cmTC_ec813/fast] Error 2



Determining if files inttypes.h;sys/filio.h exist failed with the following output:
Change Dir: /workspace/build/CMakeFiles/CMakeScratch/TryCompile-N8fiqK

Run Build Command(s):/usr/bin/gmake -f Makefile cmTC_01cf0/fast && /usr/bin/gmake  -f CMakeFiles/cmTC_01cf0.dir/build.make CMakeFiles/cmTC_01cf0.dir/build
gmake[1]: Entering directory '/workspace/build/CMakeFiles/CMakeScratch/TryCompile-N8fiqK'
Building C object CMakeFiles/cmTC_01cf0.dir/HAVE_SYS_FILIO_H.c.o
/usr/bin/cc   -W -Wall -pedantic -Wbad-function-cast -Wconversion -Winline -Wmissing-declarations -Wmissing-prototypes -Wnested-externs -Wno-long-long -Wno-multichar -Wpointer-arith -Wshadow -Wsign-compare -Wundef -Wunused -Wwrite-strings -Wcast-align -Wdeclaration-after-statement -Wempty-body -Wendif-labels -Wfloat-equal -Wignored-qualifiers -Wno-format-nonliteral -Wno-sign-conversion -Wno-system-headers -Wstrict-prototypes -Wtype-limits -Wvla -Wmissing-parameter-type -Wold-style-declaration -Wstrict-aliasing=3 -Wformat=2 -Warray-bounds=2 -ftree-vrp -Wduplicated-cond -Wnull-dereference -fdelete-null-pointer-checks -Wshift-negative-value -Wshift-overflow=2 -Walloc-zero -Wduplicated-branches -Wformat-overflow=2 -Wformat-truncation=1 -Wrestrict -Warith-conversion -Wdouble-promotion -Wenum-conversion -Wunused-const-variable  -o CMakeFiles/cmTC_01cf0.dir/HAVE_SYS_FILIO_H.c.o -c /workspace/build/CMakeFiles/CMakeScratch/TryCompile-N8fiqK/HAVE_SYS_FILIO_H.c
/workspace/build/CMakeFiles/CMakeScratch/TryCompile-N8fiqK/HAVE_SYS_FILIO_H.c:3:10: fatal error: sys/filio.h: No such file or directory
    3 | #include <sys/filio.h>
      |          ^~~~~~~~~~~~~
compilation terminated.
gmake[1]: *** [CMakeFiles/cmTC_01cf0.dir/build.make:78: CMakeFiles/cmTC_01cf0.dir/HAVE_SYS_FILIO_H.c.o] Error 1
gmake[1]: Leaving directory '/workspace/build/CMakeFiles/CMakeScratch/TryCompile-N8fiqK'
gmake: *** [Makefile:127: cmTC_01cf0/fast] Error 2


Source:
/* */
#include <inttypes.h>
#include <sys/filio.h>


int main(void){return 0;}

Determining if files inttypes.h;sys/wait.h;sys/ioctl.h;sys/param.h;sys/poll.h;sys/resource.h;sys/select.h;sys/socket.h;sys/sockio.h exist failed with the following output:
Change Dir: /workspace/build/CMakeFiles/CMakeScratch/TryCompile-2xBUiA

Run Build Command(s):/usr/bin/gmake -f Makefile cmTC_59196/fast && /usr/bin/gmake  -f CMakeFiles/cmTC_59196.dir/build.make CMakeFiles/cmTC_59196.dir/build
gmake[1]: Entering directory '/workspace/build/CMakeFiles/CMakeScratch/TryCompile-2xBUiA'
Building C object CMakeFiles/cmTC_59196.dir/HAVE_SYS_SOCKIO_H.c.o
/usr/bin/cc   -W -Wall -pedantic -Wbad-function-cast -Wconversion -Winline -Wmissing-declarations -Wmissing-prototypes -Wnested-externs -Wno-long-long -Wno-multichar -Wpointer-arith -Wshadow -Wsign-compare -Wundef -Wunused -Wwrite-strings -Wcast-align -Wdeclaration-after-statement -Wempty-body -Wendif-labels -Wfloat-equal -Wignored-qualifiers -Wno-format-nonliteral -Wno-sign-conversion -Wno-system-headers -Wstrict-prototypes -Wtype-limits -Wvla -Wmissing-parameter-type -Wold-style-declaration -Wstrict-aliasing=3 -Wformat=2 -Warray-bounds=2 -ftree-vrp -Wduplicated-cond -Wnull-dereference -fdelete-null-pointer-checks -Wshift-negative-value -Wshift-overflow=2 -Walloc-zero -Wduplicated-branches -Wformat-overflow=2 -Wformat-truncation=1 -Wrestrict -Warith-conversion -Wdouble-promotion -Wenum-conversion -Wunused-const-variable  -o CMakeFiles/cmTC_59196.dir/HAVE_SYS_SOCKIO_H.c.o -c /workspace/build/CMakeFiles/CMakeScratch/TryCompile-2xBUiA/HAVE_SYS_SOCKIO_H.c
/workspace/build/CMakeFiles/CMakeScratch/TryCompile-2xBUiA/HAVE_SYS_SOCKIO_H.c:10:10: fatal error: sys/sockio.h: No such file or directory
   10 | #include <sys/sockio.h>
      |          ^~~~~~~~~~~~~~
compilation terminated.
gmake[1]: *** [CMakeFiles/cmTC_59196.dir/build.make:78: CMakeFiles/cmTC_59196.dir/HAVE_SYS_SOCKIO_H.c.o] Error 1
gmake[1]: Leaving directory '/workspace/build/CMakeFiles/CMakeScratch/TryCompile-2xBUiA'
gmake: *** [Makefile:127: cmTC_59196/fast] Error 2


Source:
/* */
#include <inttypes.h>
#include <sys/wait.h>
#include <sys/ioctl.h>
#include <sys/param.h>
#include <sys/poll.h>
#include <sys/resource.h>
#include <sys/select.h>
#include <sys/socket.h>
#include <sys/sockio.h>


int main(void){return 0;}

Determining if files inttypes.h;sys/wait.h;sys/ioctl.h;sys/param.h;sys/poll.h;sys/resource.h;sys/select.h;sys/socket.h;sys/stat.h;sys/time.h;sys/types.h;sys/un.h;sys/utime.h exist failed with the following output:
Change Dir: /workspace/build/CMakeFiles/CMakeScratch/TryCompile-p5BYcW

Run Build Command(s):/usr/bin/gmake -f Makefile cmTC_090cc/fast && /usr/bin/gmake  -f CMakeFiles/cmTC_090cc.dir/build.make CMakeFiles/cmTC_090cc.dir/build
gmake[1]: Entering directory '/workspace/build/CMakeFiles/CMakeScratch/TryCompile-p5BYcW'
Building C object CMakeFiles/cmTC_090cc.dir/HAVE_SYS_UTIME_H.c.o
/usr/bin/cc   -W -Wall -pedantic -Wbad-function-cast -Wconversion -Winline -Wmissing-declarations -Wmissing-prototypes -Wnested-externs -Wno-long-long -Wno-multichar -Wpointer-arith -Wshadow -Wsign-compare -Wundef -Wunused -Wwrite-strings -Wcast-align -Wdeclaration-after-statement -Wempty-body -Wendif-labels -Wfloat-equal -Wignored-qualifiers -Wno-format-nonliteral -Wno-sign-conversion -Wno-system-headers -Wstrict-prototypes -Wtype-limits -Wvla -Wmissing-parameter-type -Wold-style-declaration -Wstrict-aliasing=3 -Wformat=2 -Warray-bounds=2 -ftree-vrp -Wduplicated-cond -Wnull-dereference -fdelete-null-pointer-checks -Wshift-negative-value -Wshift-overflow=2 -Walloc-zero -Wduplicated-branches -Wformat-overflow=2 -Wformat-truncation=1 -Wrestrict -Warith-conversion -Wdouble-promotion -Wenum-conversion -Wunused-const-variable  -o CMakeFiles/cmTC_090cc.dir/HAVE_SYS_UTIME_H.c.o -c /workspace/build/CMakeFiles/CMakeScratch/TryCompile-p5BYcW/HAVE_SYS_UTIME_H.c
/workspace/build/CMakeFiles/CMakeScratch/TryCompile-p5BYcW/HAVE_SYS_UTIME_H.c:14:10: fatal error: sys/utime.h: No such file or directory
   14 | #include <sys/utime.h>
      |          ^~~~~~~~~~~~~
compilation terminated.
gmake[1]: *** [CMakeFiles/cmTC_090cc.dir/build.make:78: CMakeFiles/cmTC_090cc.dir/HAVE_SYS_UTIME_H.c.o] Error 1
gmake[1]: Leaving directory '/workspace/build/CMakeFiles/CMakeScratch/TryCompile-p5BYcW'
gmake: *** [Makefile:127: cmTC_090cc/fast] Error 2


Source:
/* */
#include <inttypes.h>
#include <sys/wait.h>
#include <sys/ioctl.h>
#include <sys/param.h>
#include <sys/poll.h>
#include <sys/resource.h>
#include <sys/select.h>
#include <sys/socket.h>
#include <sys/stat.h>
#include <sys/time.h>
#include <sys/types.h>
#include <sys/un.h>
#include <sys/utime.h>


int main(void){return 0;}

Determining if files inttypes.h;sys/wait.h;sys/ioctl.h;sys/param.h;sys/poll.h;sys/resource.h;sys/select.h;sys/socket.h;sys/stat.h;sys/time.h;sys/types.h;sys/un.h;sys/xattr.h;arpa/inet.h;fcntl.h;idn2.h exist failed with the following output:
Change Dir: /workspace/build/CMakeFiles/CMakeScratch/TryCompile-PZHqDt

Run Build Command(s):/usr/bin/gmake -f Makefile cmTC_b6d90/fast && /usr/bin/gmake  -f CMakeFiles/cmTC_b6d90.dir/build.make CMakeFiles/cmTC_b6d90.dir/build
gmake[1]: Entering directory '/workspace/build/CMakeFiles/CMakeScratch/TryCompile-PZHqDt'
Building C object CMakeFiles/cmTC_b6d90.dir/HAVE_IDN2_H.c.o
/usr/bin/cc   -W -Wall -pedantic -Wbad-function-cast -Wconversion -Winline -Wmissing-declarations -Wmissing-prototypes -Wnested-externs -Wno-long-long -Wno-multichar -Wpointer-arith -Wshadow -Wsign-compare -Wundef -Wunused -Wwrite-strings -Wcast-align -Wdeclaration-after-statement -Wempty-body -Wendif-labels -Wfloat-equal -Wignored-qualifiers -Wno-format-nonliteral -Wno-sign-conversion -Wno-system-headers -Wstrict-prototypes -Wtype-limits -Wvla -Wmissing-parameter-type -Wold-style-declaration -Wstrict-aliasing=3 -Wformat=2 -Warray-bounds=2 -ftree-vrp -Wduplicated-cond -Wnull-dereference -fdelete-null-pointer-checks -Wshift-negative-value -Wshift-overflow=2 -Walloc-zero -Wduplicated-branches -Wformat-overflow=2 -Wformat-truncation=1 -Wrestrict -Warith-conversion -Wdouble-promotion -Wenum-conversion -Wunused-const-variable  -o CMakeFiles/cmTC_b6d90.dir/HAVE_IDN2_H.c.o -c /workspace/build/CMakeFiles/CMakeScratch/TryCompile-PZHqDt/HAVE_IDN2_H.c
/workspace/build/CMakeFiles/CMakeScratch/TryCompile-PZHqDt/HAVE_IDN2_H.c:17:10: fatal error: idn2.h: No such file or directory
   17 | #include <idn2.h>
      |          ^~~~~~~~
compilation terminated.
gmake[1]: *** [CMakeFiles/cmTC_b6d90.dir/build.make:78: CMakeFiles/cmTC_b6d90.dir/HAVE_IDN2_H.c.o] Error 1
gmake[1]: Leaving directory '/workspace/build/CMakeFiles/CMakeScratch/TryCompile-PZHqDt'
gmake: *** [Makefile:127: cmTC_b6d90/fast] Error 2


Source:
/* */
#include <inttypes.h>
#include <sys/wait.h>
#include <sys/ioctl.h>
#include <sys/param.h>
#include <sys/poll.h>
#include <sys/resource.h>
#include <sys/select.h>
#include <sys/socket.h>
#include <sys/stat.h>
#include <sys/time.h>
#include <sys/types.h>
#include <sys/un.h>
#include <sys/xattr.h>
#include <arpa/inet.h>
#include <fcntl.h>
#include <idn2.h>


int main(void){return 0;}

Determining if files inttypes.h;sys/wait.h;sys/ioctl.h;sys/param.h;sys/poll.h;sys/resource.h;sys/select.h;sys/socket.h;sys/stat.h;sys/time.h;sys/types.h;sys/un.h;sys/xattr.h;arpa/inet.h;fcntl.h;ifaddrs.h;io.h exist failed with the following output:
Change Dir: /workspace/build/CMakeFiles/CMakeScratch/TryCompile-hBq1XJ

Run Build Command(s):/usr/bin/gmake -f Makefile cmTC_0c5cc/fast && /usr/bin/gmake  -f CMakeFiles/cmTC_0c5cc.dir/build.make CMakeFiles/cmTC_0c5cc.dir/build
gmake[1]: Entering directory '/workspace/build/CMakeFiles/CMakeScratch/TryCompile-hBq1XJ'
Building C object CMakeFiles/cmTC_0c5cc.dir/HAVE_IO_H.c.o
/usr/bin/cc   -W -Wall -pedantic -Wbad-function-cast -Wconversion -Winline -Wmissing-declarations -Wmissing-prototypes -Wnested-externs -Wno-long-long -Wno-multichar -Wpointer-arith -Wshadow -Wsign-compare -Wundef -Wunused -Wwrite-strings -Wcast-align -Wdeclaration-after-statement -Wempty-body -Wendif-labels -Wfloat-equal -Wignored-qualifiers -Wno-format-nonliteral -Wno-sign-conversion -Wno-system-headers -Wstrict-prototypes -Wtype-limits -Wvla -Wmissing-parameter-type -Wold-style-declaration -Wstrict-aliasing=3 -Wformat=2 -Warray-bounds=2 -ftree-vrp -Wduplicated-cond -Wnull-dereference -fdelete-null-pointer-checks -Wshift-negative-value -Wshift-overflow=2 -Walloc-zero -Wduplicated-branches -Wformat-overflow=2 -Wformat-truncation=1 -Wrestrict -Warith-conversion -Wdouble-promotion -Wenum-conversion -Wunused-const-variable  -o CMakeFiles/cmTC_0c5cc.dir/HAVE_IO_H.c.o -c /workspace/build/CMakeFiles/CMakeScratch/TryCompile-hBq1XJ/HAVE_IO_H.c
/workspace/build/CMakeFiles/CMakeScratch/TryCompile-hBq1XJ/HAVE_IO_H.c:18:10: fatal error: io.h: No such file or directory
   18 | #include <io.h>
      |          ^~~~~~
compilation terminated.
gmake[1]: *** [CMakeFiles/cmTC_0c5cc.dir/build.make:78: CMakeFiles/cmTC_0c5cc.dir/HAVE_IO_H.c.o] Error 1
gmake[1]: Leaving directory '/workspace/build/CMakeFiles/CMakeScratch/TryCompile-hBq1XJ'
gmake: *** [Makefile:127: cmTC_0c5cc/fast] Error 2


Source:
/* */
#include <inttypes.h>
#include <sys/wait.h>
#include <sys/ioctl.h>
#include <sys/param.h>
#include <sys/poll.h>
#include <sys/resource.h>
#include <sys/select.h>
#include <sys/socket.h>
#include <sys/stat.h>
#include <sys/time.h>
#include <sys/types.h>
#include <sys/un.h>
#include <sys/xattr.h>
#include <arpa/inet.h>
#include <fcntl.h>
#include <ifaddrs.h>
#include <io.h>


int main(void){return 0;}

Determining if files inttypes.h;sys/wait.h;sys/ioctl.h;sys/param.h;sys/poll.h;sys/resource.h;sys/select.h;sys/socket.h;sys/stat.h;sys/time.h;sys/types.h;sys/un.h;sys/xattr.h;arpa/inet.h;fcntl.h;ifaddrs.h;libgen.h;locale.h;net/if.h;netdb.h;netinet/in.h;netinet/tcp.h;netinet/udp.h;poll.h;pwd.h;stdatomic.h;stdbool.h;stdint.h;strings.h;stropts.h exist failed with the following output:
Change Dir: /workspace/build/CMakeFiles/CMakeScratch/TryCompile-LuQ7CC

Run Build Command(s):/usr/bin/gmake -f Makefile cmTC_5df06/fast && /usr/bin/gmake  -f CMakeFiles/cmTC_5df06.dir/build.make CMakeFiles/cmTC_5df06.dir/build
gmake[1]: Entering directory '/workspace/build/CMakeFiles/CMakeScratch/TryCompile-LuQ7CC'
Building C object CMakeFiles/cmTC_5df06.dir/HAVE_STROPTS_H.c.o
/usr/bin/cc   -W -Wall -pedantic -Wbad-function-cast -Wconversion -Winline -Wmissing-declarations -Wmissing-prototypes -Wnested-externs -Wno-long-long -Wno-multichar -Wpointer-arith -Wshadow -Wsign-compare -Wundef -Wunused -Wwrite-strings -Wcast-align -Wdeclaration-after-statement -Wempty-body -Wendif-labels -Wfloat-equal -Wignored-qualifiers -Wno-format-nonliteral -Wno-sign-conversion -Wno-system-headers -Wstrict-prototypes -Wtype-limits -Wvla -Wmissing-parameter-type -Wold-style-declaration -Wstrict-aliasing=3 -Wformat=2 -Warray-bounds=2 -ftree-vrp -Wduplicated-cond -Wnull-dereference -fdelete-null-pointer-checks -Wshift-negative-value -Wshift-overflow=2 -Walloc-zero -Wduplicated-branches -Wformat-overflow=2 -Wformat-truncation=1 -Wrestrict -Warith-conversion -Wdouble-promotion -Wenum-conversion -Wunused-const-variable  -o CMakeFiles/cmTC_5df06.dir/HAVE_STROPTS_H.c.o -c /workspace/build/CMakeFiles/CMakeScratch/TryCompile-LuQ7CC/HAVE_STROPTS_H.c
/workspace/build/CMakeFiles/CMakeScratch/TryCompile-LuQ7CC/HAVE_STROPTS_H.c:31:10: fatal error: stropts.h: No such file or directory
   31 | #include <stropts.h>
      |          ^~~~~~~~~~~
compilation terminated.
gmake[1]: *** [CMakeFiles/cmTC_5df06.dir/build.make:78: CMakeFiles/cmTC_5df06.dir/HAVE_STROPTS_H.c.o] Error 1
gmake[1]: Leaving directory '/workspace/build/CMakeFiles/CMakeScratch/TryCompile-LuQ7CC'
gmake: *** [Makefile:127: cmTC_5df06/fast] Error 2


Source:
/* */
#include <inttypes.h>
#include <sys/wait.h>
#include <sys/ioctl.h>
#include <sys/param.h>
#include <sys/poll.h>
#include <sys/resource.h>
#include <sys/select.h>
#include <sys/socket.h>
#include <sys/stat.h>
#include <sys/time.h>
#include <sys/types.h>
#include <sys/un.h>
#include <sys/xattr.h>
#include <arpa/inet.h>
#include <fcntl.h>
#include <ifaddrs.h>
#include <libgen.h>
#include <locale.h>
#include <net/if.h>
#include <netdb.h>
#include <netinet/in.h>
#include <netinet/tcp.h>
#include <netinet/udp.h>
#include <poll.h>
#include <pwd.h>
#include <stdatomic.h>
#include <stdbool.h>
#include <stdint.h>
#include <strings.h>
#include <stropts.h>


int main(void){return 0;}

Determining size of __int64 failed with the following output:
Change Dir: /workspace/build/CMakeFiles/CMakeScratch/TryCompile-jP2ocu

Run Build Command(s):/usr/bin/gmake -f Makefile cmTC_88aa5/fast && /usr/bin/gmake  -f CMakeFiles/cmTC_88aa5.dir/build.make CMakeFiles/cmTC_88aa5.dir/build
gmake[1]: Entering directory '/workspace/build/CMakeFiles/CMakeScratch/TryCompile-jP2ocu'
Building C object CMakeFiles/cmTC_88aa5.dir/SIZEOF___INT64.c.o
/usr/bin/cc   -W -Wall -pedantic -Wbad-function-cast -Wconversion -Winline -Wmissing-declarations -Wmissing-prototypes -Wnested-externs -Wno-long-long -Wno-multichar -Wpointer-arith -Wshadow -Wsign-compare -Wundef -Wunused -Wwrite-strings -Wcast-align -Wdeclaration-after-statement -Wempty-body -Wendif-labels -Wfloat-equal -Wignored-qualifiers -Wno-format-nonliteral -Wno-sign-conversion -Wno-system-headers -Wstrict-prototypes -Wtype-limits -Wvla -Wmissing-parameter-type -Wold-style-declaration -Wstrict-aliasing=3 -Wformat=2 -Warray-bounds=2 -ftree-vrp -Wduplicated-cond -Wnull-dereference -fdelete-null-pointer-checks -Wshift-negative-value -Wshift-overflow=2 -Walloc-zero -Wduplicated-branches -Wformat-overflow=2 -Wformat-truncation=1 -Wrestrict -Warith-conversion -Wdouble-promotion -Wenum-conversion -Wunused-const-variable  -o CMakeFiles/cmTC_88aa5.dir/SIZEOF___INT64.c.o -c /workspace/build/CMakeFiles/CMakeScratch/TryCompile-jP2ocu/SIZEOF___INT64.c
/workspace/build/CMakeFiles/CMakeScratch/TryCompile-jP2ocu/SIZEOF___INT64.c:27:22: error: ‘__int64’ undeclared here (not in a function); did you mean ‘__int64_t’?
   27 | #define SIZE (sizeof(__int64))
      |                      ^~~~~~~
/workspace/build/CMakeFiles/CMakeScratch/TryCompile-jP2ocu/SIZEOF___INT64.c:29:12: note: in expansion of macro ‘SIZE’
   29 |   ('0' + ((SIZE / 10000)%10)),
      |            ^~~~
gmake[1]: *** [CMakeFiles/cmTC_88aa5.dir/build.make:78: CMakeFiles/cmTC_88aa5.dir/SIZEOF___INT64.c.o] Error 1
gmake[1]: Leaving directory '/workspace/build/CMakeFiles/CMakeScratch/TryCompile-jP2ocu'
gmake: *** [Makefile:127: cmTC_88aa5/fast] Error 2


SIZEOF___INT64.c:
#include <sys/types.h>
#include <stdint.h>
#include <stddef.h>


#undef KEY
#if defined(__i386)
# define KEY '_','_','i','3','8','6'
#elif defined(__x86_64)
# define KEY '_','_','x','8','6','_','6','4'
#elif defined(__PPC64__)
# define KEY '_','_','P','P','C','6','4','_','_'
#elif defined(__ppc64__)
# define KEY '_','_','p','p','c','6','4','_','_'
#elif defined(__PPC__)
# define KEY '_','_','P','P','C','_','_'
#elif defined(__ppc__)
# define KEY '_','_','p','p','c','_','_'
#elif defined(__aarch64__)
# define KEY '_','_','a','a','r','c','h','6','4','_','_'
#elif defined(__ARM_ARCH_7A__)
# define KEY '_','_','A','R','M','_','A','R','C','H','_','7','A','_','_'
#elif defined(__ARM_ARCH_7S__)
# define KEY '_','_','A','R','M','_','A','R','C','H','_','7','S','_','_'
#endif

#define SIZE (sizeof(__int64))
static char info_size[] =  {'I', 'N', 'F', 'O', ':', 's','i','z','e','[',
  ('0' + ((SIZE / 10000)%10)),
  ('0' + ((SIZE / 1000)%10)),
  ('0' + ((SIZE / 100)%10)),
  ('0' + ((SIZE / 10)%10)),
  ('0' +  (SIZE    % 10)),
  ']',
#ifdef KEY
  ' ','k','e','y','[', KEY, ']',
#endif
  '\0'};

#ifdef __CLASSIC_C__
int main(argc, argv) int argc; char *argv[];
#else
int main(int argc, char *argv[])
#endif
{
  int require = 0;
  require += info_size[argc];
  (void)argv;
  return require;
}


Determining if the stricmp exist failed with the following output:
Change Dir: /workspace/build/CMakeFiles/CMakeScratch/TryCompile-4aSwhV

Run Build Command(s):/usr/bin/gmake -f Makefile cmTC_1646a/fast && /usr/bin/gmake  -f CMakeFiles/cmTC_1646a.dir/build.make CMakeFiles/cmTC_1646a.dir/build
gmake[1]: Entering directory '/workspace/build/CMakeFiles/CMakeScratch/TryCompile-4aSwhV'
Building C object CMakeFiles/cmTC_1646a.dir/CheckSymbolExists.c.o
/usr/bin/cc   -W -Wall -pedantic -Wbad-function-cast -Wconversion -Winline -Wmissing-declarations -Wmissing-prototypes -Wnested-externs -Wno-long-long -Wno-multichar -Wpointer-arith -Wshadow -Wsign-compare -Wundef -Wunused -Wwrite-strings -Wcast-align -Wdeclaration-after-statement -Wempty-body -Wendif-labels -Wfloat-equal -Wignored-qualifiers -Wno-format-nonliteral -Wno-sign-conversion -Wno-system-headers -Wstrict-prototypes -Wtype-limits -Wvla -Wmissing-parameter-type -Wold-style-declaration -Wstrict-aliasing=3 -Wformat=2 -Warray-bounds=2 -ftree-vrp -Wduplicated-cond -Wnull-dereference -fdelete-null-pointer-checks -Wshift-negative-value -Wshift-overflow=2 -Walloc-zero -Wduplicated-branches -Wformat-overflow=2 -Wformat-truncation=1 -Wrestrict -Warith-conversion -Wdouble-promotion -Wenum-conversion -Wunused-const-variable  -o CMakeFiles/cmTC_1646a.dir/CheckSymbolExists.c.o -c /workspace/build/CMakeFiles/CMakeScratch/TryCompile-4aSwhV/CheckSymbolExists.c
/workspace/build/CMakeFiles/CMakeScratch/TryCompile-4aSwhV/CheckSymbolExists.c: In function ‘main’:
/workspace/build/CMakeFiles/CMakeScratch/TryCompile-4aSwhV/CheckSymbolExists.c:41:19: error: ‘stricmp’ undeclared (first use in this function); did you mean ‘strncmp’?
   41 |   return ((int*)(&stricmp))[argc];
      |                   ^~~~~~~
      |                   strncmp
/workspace/build/CMakeFiles/CMakeScratch/TryCompile-4aSwhV/CheckSymbolExists.c:41:19: note: each undeclared identifier is reported only once for each function it appears in
/workspace/build/CMakeFiles/CMakeScratch/TryCompile-4aSwhV/CheckSymbolExists.c:37:14: warning: parameter ‘argc’ set but not used [-Wunused-but-set-parameter]
   37 | int main(int argc, char** argv)
      |          ~~~~^~~~
gmake[1]: *** [CMakeFiles/cmTC_1646a.dir/build.make:78: CMakeFiles/cmTC_1646a.dir/CheckSymbolExists.c.o] Error 1
gmake[1]: Leaving directory '/workspace/build/CMakeFiles/CMakeScratch/TryCompile-4aSwhV'
gmake: *** [Makefile:127: cmTC_1646a/fast] Error 2


File CheckSymbolExists.c:
/* */
#include <inttypes.h>
#include <sys/wait.h>
#include <sys/ioctl.h>
#include <sys/param.h>
#include <sys/poll.h>
#include <sys/resource.h>
#include <sys/select.h>
#include <sys/socket.h>
#include <sys/stat.h>
#include <sys/time.h>
#include <sys/types.h>
#include <sys/un.h>
#include <sys/xattr.h>
#include <arpa/inet.h>
#include <fcntl.h>
#include <ifaddrs.h>
#include <libgen.h>
#include <locale.h>
#include <net/if.h>
#include <netdb.h>
#include <netinet/in.h>
#include <netinet/tcp.h>
#include <netinet/udp.h>
#include <poll.h>
#include <pwd.h>
#include <stdatomic.h>
#include <stdbool.h>
#include <stdint.h>
#include <strings.h>
#include <termio.h>
#include <termios.h>
#include <unistd.h>
#include <utime.h>
#include <string.h>

int main(int argc, char** argv)
{
  (void)argv;
#ifndef stricmp
  return ((int*)(&stricmp))[argc];
#else
  (void)argc;
  return 0;
#endif
}
Determining if the strcmpi exist failed with the following output:
Change Dir: /workspace/build/CMakeFiles/CMakeScratch/TryCompile-SOZ3Az

Run Build Command(s):/usr/bin/gmake -f Makefile cmTC_ed043/fast && /usr/bin/gmake  -f CMakeFiles/cmTC_ed043.dir/build.make CMakeFiles/cmTC_ed043.dir/build
gmake[1]: Entering directory '/workspace/build/CMakeFiles/CMakeScratch/TryCompile-SOZ3Az'
Building C object CMakeFiles/cmTC_ed043.dir/CheckSymbolExists.c.o
/usr/bin/cc   -W -Wall -pedantic -Wbad-function-cast -Wconversion -Winline -Wmissing-declarations -Wmissing-prototypes -Wnested-externs -Wno-long-long -Wno-multichar -Wpointer-arith -Wshadow -Wsign-compare -Wundef -Wunused -Wwrite-strings -Wcast-align -Wdeclaration-after-statement -Wempty-body -Wendif-labels -Wfloat-equal -Wignored-qualifiers -Wno-format-nonliteral -Wno-sign-conversion -Wno-system-headers -Wstrict-prototypes -Wtype-limits -Wvla -Wmissing-parameter-type -Wold-style-declaration -Wstrict-aliasing=3 -Wformat=2 -Warray-bounds=2 -ftree-vrp -Wduplicated-cond -Wnull-dereference -fdelete-null-pointer-checks -Wshift-negative-value -Wshift-overflow=2 -Walloc-zero -Wduplicated-branches -Wformat-overflow=2 -Wformat-truncation=1 -Wrestrict -Warith-conversion -Wdouble-promotion -Wenum-conversion -Wunused-const-variable  -o CMakeFiles/cmTC_ed043.dir/CheckSymbolExists.c.o -c /workspace/build/CMakeFiles/CMakeScratch/TryCompile-SOZ3Az/CheckSymbolExists.c
/workspace/build/CMakeFiles/CMakeScratch/TryCompile-SOZ3Az/CheckSymbolExists.c: In function ‘main’:
/workspace/build/CMakeFiles/CMakeScratch/TryCompile-SOZ3Az/CheckSymbolExists.c:41:19: error: ‘strcmpi’ undeclared (first use in this function); did you mean ‘strcmp’?
   41 |   return ((int*)(&strcmpi))[argc];
      |                   ^~~~~~~
      |                   strcmp
/workspace/build/CMakeFiles/CMakeScratch/TryCompile-SOZ3Az/CheckSymbolExists.c:41:19: note: each undeclared identifier is reported only once for each function it appears in
/workspace/build/CMakeFiles/CMakeScratch/TryCompile-SOZ3Az/CheckSymbolExists.c:37:14: warning: parameter ‘argc’ set but not used [-Wunused-but-set-parameter]
   37 | int main(int argc, char** argv)
      |          ~~~~^~~~
gmake[1]: *** [CMakeFiles/cmTC_ed043.dir/build.make:78: CMakeFiles/cmTC_ed043.dir/CheckSymbolExists.c.o] Error 1
gmake[1]: Leaving directory '/workspace/build/CMakeFiles/CMakeScratch/TryCompile-SOZ3Az'
gmake: *** [Makefile:127: cmTC_ed043/fast] Error 2


File CheckSymbolExists.c:
/* */
#include <inttypes.h>
#include <sys/wait.h>
#include <sys/ioctl.h>
#include <sys/param.h>
#include <sys/poll.h>
#include <sys/resource.h>
#include <sys/select.h>
#include <sys/socket.h>
#include <sys/stat.h>
#include <sys/time.h>
#include <sys/types.h>
#include <sys/un.h>
#include <sys/xattr.h>
#include <arpa/inet.h>
#include <fcntl.h>
#include <ifaddrs.h>
#include <libgen.h>
#include <locale.h>
#include <net/if.h>
#include <netdb.h>
#include <netinet/in.h>
#include <netinet/tcp.h>
#include <netinet/udp.h>
#include <poll.h>
#include <pwd.h>
#include <stdatomic.h>
#include <stdbool.h>
#include <stdint.h>
#include <strings.h>
#include <termio.h>
#include <termios.h>
#include <unistd.h>
#include <utime.h>
#include <string.h>

int main(int argc, char** argv)
{
  (void)argv;
#ifndef strcmpi
  return ((int*)(&strcmpi))[argc];
#else
  (void)argc;
  return 0;
#endif
}
Determining if the memrchr exist failed with the following output:
Change Dir: /workspace/build/CMakeFiles/CMakeScratch/TryCompile-RZUq8Z

Run Build Command(s):/usr/bin/gmake -f Makefile cmTC_b6b35/fast && /usr/bin/gmake  -f CMakeFiles/cmTC_b6b35.dir/build.make CMakeFiles/cmTC_b6b35.dir/build
gmake[1]: Entering directory '/workspace/build/CMakeFiles/CMakeScratch/TryCompile-RZUq8Z'
Building C object CMakeFiles/cmTC_b6b35.dir/CheckSymbolExists.c.o
/usr/bin/cc   -W -Wall -pedantic -Wbad-function-cast -Wconversion -Winline -Wmissing-declarations -Wmissing-prototypes -Wnested-externs -Wno-long-long -Wno-multichar -Wpointer-arith -Wshadow -Wsign-compare -Wundef -Wunused -Wwrite-strings -Wcast-align -Wdeclaration-after-statement -Wempty-body -Wendif-labels -Wfloat-equal -Wignored-qualifiers -Wno-format-nonliteral -Wno-sign-conversion -Wno-system-headers -Wstrict-prototypes -Wtype-limits -Wvla -Wmissing-parameter-type -Wold-style-declaration -Wstrict-aliasing=3 -Wformat=2 -Warray-bounds=2 -ftree-vrp -Wduplicated-cond -Wnull-dereference -fdelete-null-pointer-checks -Wshift-negative-value -Wshift-overflow=2 -Walloc-zero -Wduplicated-branches -Wformat-overflow=2 -Wformat-truncation=1 -Wrestrict -Warith-conversion -Wdouble-promotion -Wenum-conversion -Wunused-const-variable  -o CMakeFiles/cmTC_b6b35.dir/CheckSymbolExists.c.o -c /workspace/build/CMakeFiles/CMakeScratch/TryCompile-RZUq8Z/CheckSymbolExists.c
/workspace/build/CMakeFiles/CMakeScratch/TryCompile-RZUq8Z/CheckSymbolExists.c: In function ‘main’:
/workspace/build/CMakeFiles/CMakeScratch/TryCompile-RZUq8Z/CheckSymbolExists.c:41:19: error: ‘memrchr’ undeclared (first use in this function); did you mean ‘memchr’?
   41 |   return ((int*)(&memrchr))[argc];
      |                   ^~~~~~~
      |                   memchr
/workspace/build/CMakeFiles/CMakeScratch/TryCompile-RZUq8Z/CheckSymbolExists.c:41:19: note: each undeclared identifier is reported only once for each function it appears in
/workspace/build/CMakeFiles/CMakeScratch/TryCompile-RZUq8Z/CheckSymbolExists.c:37:14: warning: parameter ‘argc’ set but not used [-Wunused-but-set-parameter]
   37 | int main(int argc, char** argv)
      |          ~~~~^~~~
gmake[1]: *** [CMakeFiles/cmTC_b6b35.dir/build.make:78: CMakeFiles/cmTC_b6b35.dir/CheckSymbolExists.c.o] Error 1
gmake[1]: Leaving directory '/workspace/build/CMakeFiles/CMakeScratch/TryCompile-RZUq8Z'
gmake: *** [Makefile:127: cmTC_b6b35/fast] Error 2


File CheckSymbolExists.c:
/* */
#include <inttypes.h>
#include <sys/wait.h>
#include <sys/ioctl.h>
#include <sys/param.h>
#include <sys/poll.h>
#include <sys/resource.h>
#include <sys/select.h>
#include <sys/socket.h>
#include <sys/stat.h>
#include <sys/time.h>
#include <sys/types.h>
#include <sys/un.h>
#include <sys/xattr.h>
#include <arpa/inet.h>
#include <fcntl.h>
#include <ifaddrs.h>
#include <libgen.h>
#include <locale.h>
#include <net/if.h>
#include <netdb.h>
#include <netinet/in.h>
#include <netinet/tcp.h>
#include <netinet/udp.h>
#include <poll.h>
#include <pwd.h>
#include <stdatomic.h>
#include <stdbool.h>
#include <stdint.h>
#include <strings.h>
#include <termio.h>
#include <termios.h>
#include <unistd.h>
#include <utime.h>
#include <string.h>

int main(int argc, char** argv)
{
  (void)argv;
#ifndef memrchr
  return ((int*)(&memrchr))[argc];
#else
  (void)argc;
  return 0;
#endif
}
Determining if the closesocket exist failed with the following output:
Change Dir: /workspace/build/CMakeFiles/CMakeScratch/TryCompile-KTErLS

Run Build Command(s):/usr/bin/gmake -f Makefile cmTC_00c07/fast && /usr/bin/gmake  -f CMakeFiles/cmTC_00c07.dir/build.make CMakeFiles/cmTC_00c07.dir/build
gmake[1]: Entering directory '/workspace/build/CMakeFiles/CMakeScratch/TryCompile-KTErLS'
Building C object CMakeFiles/cmTC_00c07.dir/CheckSymbolExists.c.o
/usr/bin/cc   -W -Wall -pedantic -Wbad-function-cast -Wconversion -Winline -Wmissing-declarations -Wmissing-prototypes -Wnested-externs -Wno-long-long -Wno-multichar -Wpointer-arith -Wshadow -Wsign-compare -Wundef -Wunused -Wwrite-strings -Wcast-align -Wdeclaration-after-statement -Wempty-body -Wendif-labels -Wfloat-equal -Wignored-qualifiers -Wno-format-nonliteral -Wno-sign-conversion -Wno-system-headers -Wstrict-prototypes -Wtype-limits -Wvla -Wmissing-parameter-type -Wold-style-declaration -Wstrict-aliasing=3 -Wformat=2 -Warray-bounds=2 -ftree-vrp -Wduplicated-cond -Wnull-dereference -fdelete-null-pointer-checks -Wshift-negative-value -Wshift-overflow=2 -Walloc-zero -Wduplicated-branches -Wformat-overflow=2 -Wformat-truncation=1 -Wrestrict -Warith-conversion -Wdouble-promotion -Wenum-conversion -Wunused-const-variable  -o CMakeFiles/cmTC_00c07.dir/CheckSymbolExists.c.o -c /workspace/build/CMakeFiles/CMakeScratch/TryCompile-KTErLS/CheckSymbolExists.c
/workspace/build/CMakeFiles/CMakeScratch/TryCompile-KTErLS/CheckSymbolExists.c: In function ‘main’:
/workspace/build/CMakeFiles/CMakeScratch/TryCompile-KTErLS/CheckSymbolExists.c:40:19: error: ‘closesocket’ undeclared (first use in this function)
   40 |   return ((int*)(&closesocket))[argc];
      |                   ^~~~~~~~~~~
/workspace/build/CMakeFiles/CMakeScratch/TryCompile-KTErLS/CheckSymbolExists.c:40:19: note: each undeclared identifier is reported only once for each function it appears in
/workspace/build/CMakeFiles/CMakeScratch/TryCompile-KTErLS/CheckSymbolExists.c:36:14: warning: parameter ‘argc’ set but not used [-Wunused-but-set-parameter]
   36 | int main(int argc, char** argv)
      |          ~~~~^~~~
gmake[1]: *** [CMakeFiles/cmTC_00c07.dir/build.make:78: CMakeFiles/cmTC_00c07.dir/CheckSymbolExists.c.o] Error 1
gmake[1]: Leaving directory '/workspace/build/CMakeFiles/CMakeScratch/TryCompile-KTErLS'
gmake: *** [Makefile:127: cmTC_00c07/fast] Error 2


File CheckSymbolExists.c:
/* */
#include <inttypes.h>
#include <sys/wait.h>
#include <sys/ioctl.h>
#include <sys/param.h>
#include <sys/poll.h>
#include <sys/resource.h>
#include <sys/select.h>
#include <sys/socket.h>
#include <sys/stat.h>
#include <sys/time.h>
#include <sys/types.h>
#include <sys/un.h>
#include <sys/xattr.h>
#include <arpa/inet.h>
#include <fcntl.h>
#include <ifaddrs.h>
#include <libgen.h>
#include <locale.h>
#include <net/if.h>
#include <netdb.h>
#include <netinet/in.h>
#include <netinet/tcp.h>
#include <netinet/udp.h>
#include <poll.h>
#include <pwd.h>
#include <stdatomic.h>
#include <stdbool.h>
#include <stdint.h>
#include <strings.h>
#include <termio.h>
#include <termios.h>
#include <unistd.h>
#include <utime.h>

int main(int argc, char** argv)
{
  (void)argv;
#ifndef closesocket
  return ((int*)(&closesocket))[argc];
#else
  (void)argc;
  return 0;
#endif
}
Determining if the getpass_r exist failed with the following output:
Change Dir: /workspace/build/CMakeFiles/CMakeScratch/TryCompile-9BfY8n

Run Build Command(s):/usr/bin/gmake -f Makefile cmTC_e071e/fast && /usr/bin/gmake  -f CMakeFiles/cmTC_e071e.dir/build.make CMakeFiles/cmTC_e071e.dir/build
gmake[1]: Entering directory '/workspace/build/CMakeFiles/CMakeScratch/TryCompile-9BfY8n'
Building C object CMakeFiles/cmTC_e071e.dir/CheckSymbolExists.c.o
/usr/bin/cc   -W -Wall -pedantic -Wbad-function-cast -Wconversion -Winline -Wmissing-declarations -Wmissing-prototypes -Wnested-externs -Wno-long-long -Wno-multichar -Wpointer-arith -Wshadow -Wsign-compare -Wundef -Wunused -Wwrite-strings -Wcast-align -Wdeclaration-after-statement -Wempty-body -Wendif-labels -Wfloat-equal -Wignored-qualifiers -Wno-format-nonliteral -Wno-sign-conversion -Wno-system-headers -Wstrict-prototypes -Wtype-limits -Wvla -Wmissing-parameter-type -Wold-style-declaration -Wstrict-aliasing=3 -Wformat=2 -Warray-bounds=2 -ftree-vrp -Wduplicated-cond -Wnull-dereference -fdelete-null-pointer-checks -Wshift-negative-value -Wshift-overflow=2 -Walloc-zero -Wduplicated-branches -Wformat-overflow=2 -Wformat-truncation=1 -Wrestrict -Warith-conversion -Wdouble-promotion -Wenum-conversion -Wunused-const-variable  -o CMakeFiles/cmTC_e071e.dir/CheckSymbolExists.c.o -c /workspace/build/CMakeFiles/CMakeScratch/TryCompile-9BfY8n/CheckSymbolExists.c
/workspace/build/CMakeFiles/CMakeScratch/TryCompile-9BfY8n/CheckSymbolExists.c: In function ‘main’:
/workspace/build/CMakeFiles/CMakeScratch/TryCompile-9BfY8n/CheckSymbolExists.c:40:19: error: ‘getpass_r’ undeclared (first use in this function); did you mean ‘getpass’?
   40 |   return ((int*)(&getpass_r))[argc];
      |                   ^~~~~~~~~
      |                   getpass
/workspace/build/CMakeFiles/CMakeScratch/TryCompile-9BfY8n/CheckSymbolExists.c:40:19: note: each undeclared identifier is reported only once for each function it appears in
/workspace/build/CMakeFiles/CMakeScratch/TryCompile-9BfY8n/CheckSymbolExists.c:36:14: warning: parameter ‘argc’ set but not used [-Wunused-but-set-parameter]
   36 | int main(int argc, char** argv)
      |          ~~~~^~~~
gmake[1]: *** [CMakeFiles/cmTC_e071e.dir/build.make:78: CMakeFiles/cmTC_e071e.dir/CheckSymbolExists.c.o] Error 1
gmake[1]: Leaving directory '/workspace/build/CMakeFiles/CMakeScratch/TryCompile-9BfY8n'
gmake: *** [Makefile:127: cmTC_e071e/fast] Error 2


File CheckSymbolExists.c:
/* */
#include <inttypes.h>
#include <sys/wait.h>
#include <sys/ioctl.h>
#include <sys/param.h>
#include <sys/poll.h>
#include <sys/resource.h>
#include <sys/select.h>
#include <sys/socket.h>
#include <sys/stat.h>
#include <sys/time.h>
#include <sys/types.h>
#include <sys/un.h>
#include <sys/xattr.h>
#include <arpa/inet.h>
#include <fcntl.h>
#include <ifaddrs.h>
#include <libgen.h>
#include <locale.h>
#include <net/if.h>
#include <netdb.h>
#include <netinet/in.h>
#include <netinet/tcp.h>
#include <netinet/udp.h>
#include <poll.h>
#include <pwd.h>
#include <stdatomic.h>
#include <stdbool.h>
#include <stdint.h>
#include <strings.h>
#include <termio.h>
#include <termios.h>
#include <unistd.h>
#include <utime.h>

int main(int argc, char** argv)
{
  (void)argv;
#ifndef getpass_r
  return ((int*)(&getpass_r))[argc];
#else
  (void)argc;
  return 0;
#endif
}
Determining if the _fseeki64 exist failed with the following output:
Change Dir: /workspace/build/CMakeFiles/CMakeScratch/TryCompile-PdU0Hs

Run Build Command(s):/usr/bin/gmake -f Makefile cmTC_63a8e/fast && /usr/bin/gmake  -f CMakeFiles/cmTC_63a8e.dir/build.make CMakeFiles/cmTC_63a8e.dir/build
gmake[1]: Entering directory '/workspace/build/CMakeFiles/CMakeScratch/TryCompile-PdU0Hs'
Building C object CMakeFiles/cmTC_63a8e.dir/CheckSymbolExists.c.o
/usr/bin/cc   -W -Wall -pedantic -Wbad-function-cast -Wconversion -Winline -Wmissing-declarations -Wmissing-prototypes -Wnested-externs -Wno-long-long -Wno-multichar -Wpointer-arith -Wshadow -Wsign-compare -Wundef -Wunused -Wwrite-strings -Wcast-align -Wdeclaration-after-statement -Wempty-body -Wendif-labels -Wfloat-equal -Wignored-qualifiers -Wno-format-nonliteral -Wno-sign-conversion -Wno-system-headers -Wstrict-prototypes -Wtype-limits -Wvla -Wmissing-parameter-type -Wold-style-declaration -Wstrict-aliasing=3 -Wformat=2 -Warray-bounds=2 -ftree-vrp -Wduplicated-cond -Wnull-dereference -fdelete-null-pointer-checks -Wshift-negative-value -Wshift-overflow=2 -Walloc-zero -Wduplicated-branches -Wformat-overflow=2 -Wformat-truncation=1 -Wrestrict -Warith-conversion -Wdouble-promotion -Wenum-conversion -Wunused-const-variable  -o CMakeFiles/cmTC_63a8e.dir/CheckSymbolExists.c.o -c /workspace/build/CMakeFiles/CMakeScratch/TryCompile-PdU0Hs/CheckSymbolExists.c
/workspace/build/CMakeFiles/CMakeScratch/TryCompile-PdU0Hs/CheckSymbolExists.c: In function ‘main’:
/workspace/build/CMakeFiles/CMakeScratch/TryCompile-PdU0Hs/CheckSymbolExists.c:41:19: error: ‘_fseeki64’ undeclared (first use in this function)
   41 |   return ((int*)(&_fseeki64))[argc];
      |                   ^~~~~~~~~
/workspace/build/CMakeFiles/CMakeScratch/TryCompile-PdU0Hs/CheckSymbolExists.c:41:19: note: each undeclared identifier is reported only once for each function it appears in
/workspace/build/CMakeFiles/CMakeScratch/TryCompile-PdU0Hs/CheckSymbolExists.c:37:14: warning: parameter ‘argc’ set but not used [-Wunused-but-set-parameter]
   37 | int main(int argc, char** argv)
      |          ~~~~^~~~
gmake[1]: *** [CMakeFiles/cmTC_63a8e.dir/build.make:78: CMakeFiles/cmTC_63a8e.dir/CheckSymbolExists.c.o] Error 1
gmake[1]: Leaving directory '/workspace/build/CMakeFiles/CMakeScratch/TryCompile-PdU0Hs'
gmake: *** [Makefile:127: cmTC_63a8e/fast] Error 2


File CheckSymbolExists.c:
/* */
#include <inttypes.h>
#include <sys/wait.h>
#include <sys/ioctl.h>
#include <sys/param.h>
#include <sys/poll.h>
#include <sys/resource.h>
#include <sys/select.h>
#include <sys/socket.h>
#include <sys/stat.h>
#include <sys/time.h>
#include <sys/types.h>
#include <sys/un.h>
#include <sys/xattr.h>
#include <arpa/inet.h>
#include <fcntl.h>
#include <ifaddrs.h>
#include <libgen.h>
#include <locale.h>
#include <net/if.h>
#include <netdb.h>
#include <netinet/in.h>
#include <netinet/tcp.h>
#include <netinet/udp.h>
#include <poll.h>
#include <pwd.h>
#include <stdatomic.h>
#include <stdbool.h>
#include <stdint.h>
#include <strings.h>
#include <termio.h>
#include <termios.h>
#include <unistd.h>
#include <utime.h>
#include <stdio.h>

int main(int argc, char** argv)
{
  (void)argv;
#ifndef _fseeki64
  return ((int*)(&_fseeki64))[argc];
#else
  (void)argc;
  return 0;
#endif
}
Determining if the setmode exist failed with the following output:
Change Dir: /workspace/build/CMakeFiles/CMakeScratch/TryCompile-3uqvjV

Run Build Command(s):/usr/bin/gmake -f Makefile cmTC_017e7/fast && /usr/bin/gmake  -f CMakeFiles/cmTC_017e7.dir/build.make CMakeFiles/cmTC_017e7.dir/build
gmake[1]: Entering directory '/workspace/build/CMakeFiles/CMakeScratch/TryCompile-3uqvjV'
Building C object CMakeFiles/cmTC_017e7.dir/CheckSymbolExists.c.o
/usr/bin/cc   -W -Wall -pedantic -Wbad-function-cast -Wconversion -Winline -Wmissing-declarations -Wmissing-prototypes -Wnested-externs -Wno-long-long -Wno-multichar -Wpointer-arith -Wshadow -Wsign-compare -Wundef -Wunused -Wwrite-strings -Wcast-align -Wdeclaration-after-statement -Wempty-body -Wendif-labels -Wfloat-equal -Wignored-qualifiers -Wno-format-nonliteral -Wno-sign-conversion -Wno-system-headers -Wstrict-prototypes -Wtype-limits -Wvla -Wmissing-parameter-type -Wold-style-declaration -Wstrict-aliasing=3 -Wformat=2 -Warray-bounds=2 -ftree-vrp -Wduplicated-cond -Wnull-dereference -fdelete-null-pointer-checks -Wshift-negative-value -Wshift-overflow=2 -Walloc-zero -Wduplicated-branches -Wformat-overflow=2 -Wformat-truncation=1 -Wrestrict -Warith-conversion -Wdouble-promotion -Wenum-conversion -Wunused-const-variable  -o CMakeFiles/cmTC_017e7.dir/CheckSymbolExists.c.o -c /workspace/build/CMakeFiles/CMakeScratch/TryCompile-3uqvjV/CheckSymbolExists.c
/workspace/build/CMakeFiles/CMakeScratch/TryCompile-3uqvjV/CheckSymbolExists.c: In function ‘main’:
/workspace/build/CMakeFiles/CMakeScratch/TryCompile-3uqvjV/CheckSymbolExists.c:40:19: error: ‘setmode’ undeclared (first use in this function)
   40 |   return ((int*)(&setmode))[argc];
      |                   ^~~~~~~
/workspace/build/CMakeFiles/CMakeScratch/TryCompile-3uqvjV/CheckSymbolExists.c:40:19: note: each undeclared identifier is reported only once for each function it appears in
/workspace/build/CMakeFiles/CMakeScratch/TryCompile-3uqvjV/CheckSymbolExists.c:36:14: warning: parameter ‘argc’ set but not used [-Wunused-but-set-parameter]
   36 | int main(int argc, char** argv)
      |          ~~~~^~~~
gmake[1]: *** [CMakeFiles/cmTC_017e7.dir/build.make:78: CMakeFiles/cmTC_017e7.dir/CheckSymbolExists.c.o] Error 1
gmake[1]: Leaving directory '/workspace/build/CMakeFiles/CMakeScratch/TryCompile-3uqvjV'
gmake: *** [Makefile:127: cmTC_017e7/fast] Error 2


File CheckSymbolExists.c:
/* */
#include <inttypes.h>
#include <sys/wait.h>
#include <sys/ioctl.h>
#include <sys/param.h>
#include <sys/poll.h>
#include <sys/resource.h>
#include <sys/select.h>
#include <sys/socket.h>
#include <sys/stat.h>
#include <sys/time.h>
#include <sys/types.h>
#include <sys/un.h>
#include <sys/xattr.h>
#include <arpa/inet.h>
#include <fcntl.h>
#include <ifaddrs.h>
#include <libgen.h>
#include <locale.h>
#include <net/if.h>
#include <netdb.h>
#include <netinet/in.h>
#include <netinet/tcp.h>
#include <netinet/udp.h>
#include <poll.h>
#include <pwd.h>
#include <stdatomic.h>
#include <stdbool.h>
#include <stdint.h>
#include <strings.h>
#include <termio.h>
#include <termios.h>
#include <unistd.h>
#include <utime.h>

int main(int argc, char** argv)
{
  (void)argv;
#ifndef setmode
  return ((int*)(&setmode))[argc];
#else
  (void)argc;
  return 0;
#endif
}
Determining if the function mach_absolute_time exists failed with the following output:
Change Dir: /workspace/build/CMakeFiles/CMakeScratch/TryCompile-0AF3iY

Run Build Command(s):/usr/bin/gmake -f Makefile cmTC_2c533/fast && /usr/bin/gmake  -f CMakeFiles/cmTC_2c533.dir/build.make CMakeFiles/cmTC_2c533.dir/build
gmake[1]: Entering directory '/workspace/build/CMakeFiles/CMakeScratch/TryCompile-0AF3iY'
Building C object CMakeFiles/cmTC_2c533.dir/CheckFunctionExists.c.o
/usr/bin/cc   -W -Wall -pedantic -Wbad-function-cast -Wconversion -Winline -Wmissing-declarations -Wmissing-prototypes -Wnested-externs -Wno-long-long -Wno-multichar -Wpointer-arith -Wshadow -Wsign-compare -Wundef -Wunused -Wwrite-strings -Wcast-align -Wdeclaration-after-statement -Wempty-body -Wendif-labels -Wfloat-equal -Wignored-qualifiers -Wno-format-nonliteral -Wno-sign-conversion -Wno-system-headers -Wstrict-prototypes -Wtype-limits -Wvla -Wmissing-parameter-type -Wold-style-declaration -Wstrict-aliasing=3 -Wformat=2 -Warray-bounds=2 -ftree-vrp -Wduplicated-cond -Wnull-dereference -fdelete-null-pointer-checks -Wshift-negative-value -Wshift-overflow=2 -Walloc-zero -Wduplicated-branches -Wformat-overflow=2 -Wformat-truncation=1 -Wrestrict -Warith-conversion -Wdouble-promotion -Wenum-conversion -Wunused-const-variable -DCHECK_FUNCTION_EXISTS=mach_absolute_time -o CMakeFiles/cmTC_2c533.dir/CheckFunctionExists.c.o -c /workspace/build/CMakeFiles/CMakeScratch/TryCompile-0AF3iY/CheckFunctionExists.c
Linking C executable cmTC_2c533
/usr/bin/cmake -E cmake_link_script CMakeFiles/cmTC_2c533.dir/link.txt --verbose=1
/usr/bin/cc   -W -Wall -pedantic -Wbad-function-cast -Wconversion -Winline -Wmissing-declarations -Wmissing-prototypes -Wnested-externs -Wno-long-long -Wno-multichar -Wpointer-arith -Wshadow -Wsign-compare -Wundef -Wunused -Wwrite-strings -Wcast-align -Wdeclaration-after-statement -Wempty-body -Wendif-labels -Wfloat-equal -Wignored-qualifiers -Wno-format-nonliteral -Wno-sign-conversion -Wno-system-headers -Wstrict-prototypes -Wtype-limits -Wvla -Wmissing-parameter-type -Wold-style-declaration -Wstrict-aliasing=3 -Wformat=2 -Warray-bounds=2 -ftree-vrp -Wduplicated-cond -Wnull-dereference -fdelete-null-pointer-checks -Wshift-negative-value -Wshift-overflow=2 -Walloc-zero -Wduplicated-branches -Wformat-overflow=2 -Wformat-truncation=1 -Wrestrict -Warith-conversion -Wdouble-promotion -Wenum-conversion -Wunused-const-variable -DCHECK_FUNCTION_EXISTS=mach_absolute_time CMakeFiles/cmTC_2c533.dir/CheckFunctionExists.c.o -o cmTC_2c533 
/usr/bin/ld: CMakeFiles/cmTC_2c533.dir/CheckFunctionExists.c.o: in function `main':
CheckFunctionExists.c:(.text+0x10): undefined reference to `mach_absolute_time'
collect2: error: ld returned 1 exit status
gmake[1]: *** [CMakeFiles/cmTC_2c533.dir/build.make:99: cmTC_2c533] Error 1
gmake[1]: Leaving directory '/workspace/build/CMakeFiles/CMakeScratch/TryCompile-0AF3iY'
gmake: *** [Makefile:127: cmTC_2c533/fast] Error 2



Performing Curl Test HAVE_FSETXATTR_6 failed with the following output:
Change Dir: /workspace/build/CMakeFiles/CMakeTmp

Run Build Command(s):/usr/bin/gmake -f Makefile cmTC_e4341/fast && /usr/bin/gmake  -f CMakeFiles/cmTC_e4341.dir/build.make CMakeFiles/cmTC_e4341.dir/build
gmake[1]: Entering directory '/workspace/build/CMakeFiles/CMakeTmp'
Building C object CMakeFiles/cmTC_e4341.dir/CurlTests.c.o
/usr/bin/cc   -W -Wall -pedantic -Wbad-function-cast -Wconversion -Winline -Wmissing-declarations -Wmissing-prototypes -Wnested-externs -Wno-long-long -Wno-multichar -Wpointer-arith -Wshadow -Wsign-compare -Wundef -Wunused -Wwrite-strings -Wcast-align -Wdeclaration-after-statement -Wempty-body -Wendif-labels -Wfloat-equal -Wignored-qualifiers -Wno-format-nonliteral -Wno-sign-conversion -Wno-system-headers -Wstrict-prototypes -Wtype-limits -Wvla -Wmissing-parameter-type -Wold-style-declaration -Wstrict-aliasing=3 -Wformat=2 -Warray-bounds=2 -ftree-vrp -Wduplicated-cond -Wnull-dereference -fdelete-null-pointer-checks -Wshift-negative-value -Wshift-overflow=2 -Walloc-zero -Wduplicated-branches -Wformat-overflow=2 -Wformat-truncation=1 -Wrestrict -Warith-conversion -Wdouble-promotion -Wenum-conversion -Wunused-const-variable -DHAVE_FSETXATTR_6  -DHAVE_INTTYPES_H -DHAVE_SYS_WAIT_H -DHAVE_SYS_IOCTL_H -DHAVE_SYS_PARAM_H -DHAVE_SYS_POLL_H -DHAVE_SYS_RESOURCE_H -DHAVE_SYS_SELECT_H -DHAVE_SYS_SOCKET_H -DHAVE_SYS_STAT_H -DHAVE_SYS_TIME_H -DHAVE_SYS_TYPES_H -DHAVE_SYS_UN_H -DHAVE_SYS_XATTR_H -DHAVE_ARPA_INET_H -DHAVE_FCNTL_H -DHAVE_IFADDRS_H -DHAVE_LIBGEN_H -DHAVE_LOCALE_H -DHAVE_NET_IF_H -DHAVE_NETDB_H -DHAVE_NETINET_IN_H -DHAVE_NETINET_TCP_H -DHAVE_NETINET_UDP_H -DHAVE_POLL_H -DHAVE_PWD_H -DHAVE_STDATOMIC_H -DHAVE_STDBOOL_H -DHAVE_STDINT_H -DHAVE_STRINGS_H -DHAVE_TERMIO_H -DHAVE_TERMIOS_H -DHAVE_UNISTD_H -DHAVE_UTIME_H -o CMakeFiles/cmTC_e4341.dir/CurlTests.c.o -c /workspace/build/_deps/curl-src/CMake/CurlTests.c
/workspace/build/_deps/curl-src/CMake/CurlTests.c:405:1: warning: function declaration isn’t a prototype [-Wstrict-prototypes]
  405 | main() {
      | ^~~~
/workspace/build/_deps/curl-src/CMake/CurlTests.c: In function ‘main’:
/workspace/build/_deps/curl-src/CMake/CurlTests.c:406:3: error: too many arguments to function ‘fsetxattr’
  406 |   fsetxattr(0, 0, 0, 0, 0, 0);
      |   ^~~~~~~~~
In file included from /workspace/build/_deps/curl-src/CMake/CurlTests.c:403:
/usr/include/x86_64-linux-gnu/sys/xattr.h:54:12: note: declared here
   54 | extern int fsetxattr (int __fd, const char *__name, const void *__value,
      |            ^~~~~~~~~
gmake[1]: *** [CMakeFiles/cmTC_e4341.dir/build.make:78: CMakeFiles/cmTC_e4341.dir/CurlTests.c.o] Error 1
gmake[1]: Leaving directory '/workspace/build/CMakeFiles/CMakeTmp'
gmake: *** [Makefile:127: cmTC_e4341/fast] Error 2


Determining size of ADDRESS_FAMILY failed with the following output:
Change Dir: /workspace/build/CMakeFiles/CMakeScratch/TryCompile-s9SfUF

Run Build Command(s):/usr/bin/gmake -f Makefile cmTC_1b575/fast && /usr/bin/gmake  -f CMakeFiles/cmTC_1b575.dir/build.make CMakeFiles/cmTC_1b575.dir/build
gmake[1]: Entering directory '/workspace/build/CMakeFiles/CMakeScratch/TryCompile-s9SfUF'
Building C object CMakeFiles/cmTC_1b575.dir/SIZEOF_ADDRESS_FAMILY.c.o
/usr/bin/cc   -W -Wall -pedantic -Wbad-function-cast -Wconversion -Winline -Wmissing-declarations -Wmissing-prototypes -Wnested-externs -Wno-long-long -Wno-multichar -Wpointer-arith -Wshadow -Wsign-compare -Wundef -Wunused -Wwrite-strings -Wcast-align -Wdeclaration-after-statement -Wempty-body -Wendif-labels -Wfloat-equal -Wignored-qualifiers -Wno-format-nonliteral -Wno-sign-conversion -Wno-system-headers -Wstrict-prototypes -Wtype-limits -Wvla -Wmissing-parameter-type -Wold-style-declaration -Wstrict-aliasing=3 -Wformat=2 -Warray-bounds=2 -ftree-vrp -Wduplicated-cond -Wnull-dereference -fdelete-null-pointer-checks -Wshift-negative-value -Wshift-overflow=2 -Walloc-zero -Wduplicated-branches -Wformat-overflow=2 -Wformat-truncation=1 -Wrestrict -Warith-conversion -Wdouble-promotion -Wenum-conversion -Wunused-const-variable  -o CMakeFiles/cmTC_1b575.dir/SIZEOF_ADDRESS_FAMILY.c.o -c /workspace/build/CMakeFiles/CMakeScratch/TryCompile-s9SfUF/SIZEOF_ADDRESS_FAMILY.c
/workspace/build/CMakeFiles/CMakeScratch/TryCompile-s9SfUF/SIZEOF_ADDRESS_FAMILY.c:4:10: fatal error: ws2def.h: No such file or directory
    4 | #include "ws2def.h"
      |          ^~~~~~~~~~
compilation terminated.
gmake[1]: *** [CMakeFiles/cmTC_1b575.dir/build.make:78: CMakeFiles/cmTC_1b575.dir/SIZEOF_ADDRESS_FAMILY.c.o] Error 1
gmake[1]: Leaving directory '/workspace/build/CMakeFiles/CMakeScratch/TryCompile-s9SfUF'
gmake: *** [Makefile:127: cmTC_1b575/fast] Error 2


SIZEOF_ADDRESS_FAMILY.c:
#include <sys/types.h>
#include <stdint.h>
#include <stddef.h>
#include "ws2def.h"


#undef KEY
#if defined(__i386)
# define KEY '_','_','i','3','8','6'
#elif defined(__x86_64)
# define KEY '_','_','x','8','6','_','6','4'
#elif defined(__PPC64__)
# define KEY '_','_','P','P','C','6','4','_','_'
#elif defined(__ppc64__)
# define KEY '_','_','p','p','c','6','4','_','_'
#elif defined(__PPC__)
# define KEY '_','_','P','P','C','_','_'
#elif defined(__ppc__)
# define KEY '_','_','p','p','c','_','_'
#elif defined(__aarch64__)
# define KEY '_','_','a','a','r','c','h','6','4','_','_'
#elif defined(__ARM_ARCH_7A__)
# define KEY '_','_','A','R','M','_','A','R','C','H','_','7','A','_','_'
#elif defined(__ARM_ARCH_7S__)
# define KEY '_','_','A','R','M','_','A','R','C','H','_','7','S','_','_'
#endif

#define SIZE (sizeof(ADDRESS_FAMILY))
static char info_size[] =  {'I', 'N', 'F', 'O', ':', 's','i','z','e','[',
  ('0' + ((SIZE / 10000)%10)),
  ('0' + ((SIZE / 1000)%10)),
  ('0' + ((SIZE / 100)%10)),
  ('0' + ((SIZE / 10)%10)),
  ('0' +  (SIZE    % 10)),
  ']',
#ifdef KEY
  ' ','k','e','y','[', KEY, ']',
#endif
  '\0'};

#ifdef __CLASSIC_C__
int main(argc, argv) int argc; char *argv[];
#else
int main(int argc, char *argv[])
#endif
{
  int require = 0;
  require += info_size[argc];
  (void)argv;
  return require;
}


Performing Curl Test HAVE_IOCTLSOCKET failed with the following output:
Change Dir: /workspace/build/CMakeFiles/CMakeTmp

Run Build Command(s):/usr/bin/gmake -f Makefile cmTC_6df9c/fast && /usr/bin/gmake  -f CMakeFiles/cmTC_6df9c.dir/build.make CMakeFiles/cmTC_6df9c.dir/build
gmake[1]: Entering directory '/workspace/build/CMakeFiles/CMakeTmp'
Building C object CMakeFiles/cmTC_6df9c.dir/CurlTests.c.o
/usr/bin/cc   -W -Wall -pedantic -Wbad-function-cast -Wconversion -Winline -Wmissing-declarations -Wmissing-prototypes -Wnested-externs -Wno-long-long -Wno-multichar -Wpointer-arith -Wshadow -Wsign-compare -Wundef -Wunused -Wwrite-strings -Wcast-align -Wdeclaration-after-statement -Wempty-body -Wendif-labels -Wfloat-equal -Wignored-qualifiers -Wno-format-nonliteral -Wno-sign-conversion -Wno-system-headers -Wstrict-prototypes -Wtype-limits -Wvla -Wmissing-parameter-type -Wold-style-declaration -Wstrict-aliasing=3 -Wformat=2 -Warray-bounds=2 -ftree-vrp -Wduplicated-cond -Wnull-dereference -fdelete-null-pointer-checks -Wshift-negative-value -Wshift-overflow=2 -Walloc-zero -Wduplicated-branches -Wformat-overflow=2 -Wformat-truncation=1 -Wrestrict -Warith-conversion -Wdouble-promotion -Wenum-conversion -Wunused-const-variable -DHAVE_IOCTLSOCKET  -DHAVE_INTTYPES_H -DHAVE_SYS_WAIT_H -DHAVE_SYS_IOCTL_H -DHAVE_SYS_PARAM_H -DHAVE_SYS_POLL_H -DHAVE_SYS_RESOURCE_H -DHAVE_SYS_SELECT_H -DHAVE_SYS_SOCKET_H -DHAVE_SYS_STAT_H -DHAVE_SYS_TIME_H -DHAVE_SYS_TYPES_H -DHAVE_SYS_UN_H -DHAVE_SYS_XATTR_H -DHAVE_ARPA_INET_H -DHAVE_FCNTL_H -DHAVE_IFADDRS_H -DHAVE_LIBGEN_H -DHAVE_LOCALE_H -DHAVE_NET_IF_H -DHAVE_NETDB_H -DHAVE_NETINET_IN_H -DHAVE_NETINET_TCP_H -DHAVE_NETINET_UDP_H -DHAVE_POLL_H -DHAVE_PWD_H -DHAVE_STDATOMIC_H -DHAVE_STDBOOL_H -DHAVE_STDINT_H -DHAVE_STRINGS_H -DHAVE_TERMIO_H -DHAVE_TERMIOS_H -DHAVE_UNISTD_H -DHAVE_UTIME_H -o CMakeFiles/cmTC_6df9c.dir/CurlTests.c.o -c /workspace/build/_deps/curl-src/CMake/CurlTests.c
/workspace/build/_deps/curl-src/CMake/CurlTests.c:199:1: warning: function declaration isn’t a prototype [-Wstrict-prototypes]
  199 | main ()
      | ^~~~
/workspace/build/_deps/curl-src/CMake/CurlTests.c: In function ‘main’:
/workspace/build/_deps/curl-src/CMake/CurlTests.c:204:24: warning: implicit declaration of function ‘ioctlsocket’ [-Wimplicit-function-declaration]
  204 |  unsigned long flags = ioctlsocket(socket, FIONBIO, &flags);
      |                        ^~~~~~~~~~~
/workspace/build/_deps/curl-src/CMake/CurlTests.c:204:24: warning: nested extern declaration of ‘ioctlsocket’ [-Wnested-externs]
/workspace/build/_deps/curl-src/CMake/CurlTests.c:204:44: error: ‘FIONBIO’ undeclared (first use in this function)
  204 |  unsigned long flags = ioctlsocket(socket, FIONBIO, &flags);
      |                                            ^~~~~~~
/workspace/build/_deps/curl-src/CMake/CurlTests.c:204:44: note: each undeclared identifier is reported only once for each function it appears in
gmake[1]: *** [CMakeFiles/cmTC_6df9c.dir/build.make:78: CMakeFiles/cmTC_6df9c.dir/CurlTests.c.o] Error 1
gmake[1]: Leaving directory '/workspace/build/CMakeFiles/CMakeTmp'
gmake: *** [Makefile:127: cmTC_6df9c/fast] Error 2


Performing Curl Test HAVE_IOCTLSOCKET_CAMEL failed with the following output:
Change Dir: /workspace/build/CMakeFiles/CMakeTmp

Run Build Command(s):/usr/bin/gmake -f Makefile cmTC_5499e/fast && /usr/bin/gmake  -f CMakeFiles/cmTC_5499e.dir/build.make CMakeFiles/cmTC_5499e.dir/build
gmake[1]: Entering directory '/workspace/build/CMakeFiles/CMakeTmp'
Building C object CMakeFiles/cmTC_5499e.dir/CurlTests.c.o
/usr/bin/cc   -W -Wall -pedantic -Wbad-function-cast -Wconversion -Winline -Wmissing-declarations -Wmissing-prototypes -Wnested-externs -Wno-long-long -Wno-multichar -Wpointer-arith -Wshadow -Wsign-compare -Wundef -Wunused -Wwrite-strings -Wcast-align -Wdeclaration-after-statement -Wempty-body -Wendif-labels -Wfloat-equal -Wignored-qualifiers -Wno-format-nonliteral -Wno-sign-conversion -Wno-system-headers -Wstrict-prototypes -Wtype-limits -Wvla -Wmissing-parameter-type -Wold-style-declaration -Wstrict-aliasing=3 -Wformat=2 -Warray-bounds=2 -ftree-vrp -Wduplicated-cond -Wnull-dereference -fdelete-null-pointer-checks -Wshift-negative-value -Wshift-overflow=2 -Walloc-zero -Wduplicated-branches -Wformat-overflow=2 -Wformat-truncation=1 -Wrestrict -Warith-conversion -Wdouble-promotion -Wenum-conversion -Wunused-const-variable -DHAVE_IOCTLSOCKET_CAMEL  -DHAVE_INTTYPES_H -DHAVE_SYS_WAIT_H -DHAVE_SYS_IOCTL_H -DHAVE_SYS_PARAM_H -DHAVE_SYS_POLL_H -DHAVE_SYS_RESOURCE_H -DHAVE_SYS_SELECT_H -DHAVE_SYS_SOCKET_H -DHAVE_SYS_STAT_H -DHAVE_SYS_TIME_H -DHAVE_SYS_TYPES_H -DHAVE_SYS_UN_H -DHAVE_SYS_XATTR_H -DHAVE_ARPA_INET_H -DHAVE_FCNTL_H -DHAVE_IFADDRS_H -DHAVE_LIBGEN_H -DHAVE_LOCALE_H -DHAVE_NET_IF_H -DHAVE_NETDB_H -DHAVE_NETINET_IN_H -DHAVE_NETINET_TCP_H -DHAVE_NETINET_UDP_H -DHAVE_POLL_H -DHAVE_PWD_H -DHAVE_STDATOMIC_H -DHAVE_STDBOOL_H -DHAVE_STDINT_H -DHAVE_STRINGS_H -DHAVE_TERMIO_H -DHAVE_TERMIOS_H -DHAVE_UNISTD_H -DHAVE_UTIME_H -o CMakeFiles/cmTC_5499e.dir/CurlTests.c.o -c /workspace/build/_deps/curl-src/CMake/CurlTests.c
/workspace/build/_deps/curl-src/CMake/CurlTests.c:224:1: warning: function declaration isn’t a prototype [-Wstrict-prototypes]
  224 | main ()
      | ^~~~
/workspace/build/_deps/curl-src/CMake/CurlTests.c: In function ‘main’:
/workspace/build/_deps/curl-src/CMake/CurlTests.c:228:13: warning: implicit declaration of function ‘IoctlSocket’ [-Wimplicit-function-declaration]
  228 |     if(0 != IoctlSocket(0, 0, 0))
      |             ^~~~~~~~~~~
/workspace/build/_deps/curl-src/CMake/CurlTests.c:228:13: warning: nested extern declaration of ‘IoctlSocket’ [-Wnested-externs]
Linking C executable cmTC_5499e
/usr/bin/cmake -E cmake_link_script CMakeFiles/cmTC_5499e.dir/link.txt --verbose=1
/usr/bin/cc   -W -Wall -pedantic -Wbad-function-cast -Wconversion -Winline -Wmissing-declarations -Wmissing-prototypes -Wnested-externs -Wno-long-long -Wno-multichar -Wpointer-arith -Wshadow -Wsign-compare -Wundef -Wunused -Wwrite-strings -Wcast-align -Wdeclaration-after-statement -Wempty-body -Wendif-labels -Wfloat-equal -Wignored-qualifiers -Wno-format-nonliteral -Wno-sign-conversion -Wno-system-headers -Wstrict-prototypes -Wtype-limits -Wvla -Wmissing-parameter-type -Wold-style-declaration -Wstrict-aliasing=3 -Wformat=2 -Warray-bounds=2 -ftree-vrp -Wduplicated-cond -Wnull-dereference -fdelete-null-pointer-checks -Wshift-negative-value -Wshift-overflow=2 -Walloc-zero -Wduplicated-branches -Wformat-overflow=2 -Wformat-truncation=1 -Wrestrict -Warith-conversion -Wdouble-promotion -Wenum-conversion -Wunused-const-variable -DHAVE_IOCTLSOCKET_CAMEL  -DHAVE_INTTYPES_H -DHAVE_SYS_WAIT_H -DHAVE_SYS_IOCTL_H -DHAVE_SYS_PARAM_H -DHAVE_SYS_POLL_H -DHAVE_SYS_RESOURCE_H -DHAVE_SYS_SELECT_H -DHAVE_SYS_SOCKET_H -DHAVE_SYS_STAT_H -DHAVE_SYS_TIME_H -DHAVE_SYS_TYPES_H -DHAVE_SYS_UN_H -DHAVE_SYS_XATTR_H -DHAVE_ARPA_INET_H -DHAVE_FCNTL_H -DHAVE_IFADDRS_H -DHAVE_LIBGEN_H -DHAVE_LOCALE_H -DHAVE_NET_IF_H -DHAVE_NETDB_H -DHAVE_NETINET_IN_H -DHAVE_NETINET_TCP_H -DHAVE_NETINET_UDP_H -DHAVE_POLL_H -DHAVE_PWD_H -DHAVE_STDATOMIC_H -DHAVE_STDBOOL_H -DHAVE_STDINT_H -DHAVE_STRINGS_H -DHAVE_TERMIO_H -DHAVE_TERMIOS_H -DHAVE_UNISTD_H -DHAVE_UTIME_H CMakeFiles/cmTC_5499e.dir/CurlTests.c.o -o cmTC_5499e 
/usr/bin/ld: CMakeFiles/cmTC_5499e.dir/CurlTests.c.o: in function `main':
CurlTests.c:(.text+0x19): undefined reference to `IoctlSocket'
collect2: error: ld returned 1 exit status
gmake[1]: *** [CMakeFiles/cmTC_5499e.dir/build.make:99: cmTC_5499e] Error 1
gmake[1]: Leaving directory '/workspace/build/CMakeFiles/CMakeTmp'
gmake: *** [Makefile:127: cmTC_5499e/fast] Error 2


Performing Curl Test HAVE_IOCTLSOCKET_CAMEL_FIONBIO failed with the following output:
Change Dir: /workspace/build/CMakeFiles/CMakeTmp

Run Build Command(s):/usr/bin/gmake -f Makefile cmTC_37090/fast && /usr/bin/gmake  -f CMakeFiles/cmTC_37090.dir/build.make CMakeFiles/cmTC_37090.dir/build
gmake[1]: Entering directory '/workspace/build/CMakeFiles/CMakeTmp'
Building C object CMakeFiles/cmTC_37090.dir/CurlTests.c.o
/usr/bin/cc   -W -Wall -pedantic -Wbad-function-cast -Wconversion -Winline -Wmissing-declarations -Wmissing-prototypes -Wnested-externs -Wno-long-long -Wno-multichar -Wpointer-arith -Wshadow -Wsign-compare -Wundef -Wunused -Wwrite-strings -Wcast-align -Wdeclaration-after-statement -Wempty-body -Wendif-labels -Wfloat-equal -Wignored-qualifiers -Wno-format-nonliteral -Wno-sign-conversion -Wno-system-headers -Wstrict-prototypes -Wtype-limits -Wvla -Wmissing-parameter-type -Wold-style-declaration -Wstrict-aliasing=3 -Wformat=2 -Warray-bounds=2 -ftree-vrp -Wduplicated-cond -Wnull-dereference -fdelete-null-pointer-checks -Wshift-negative-value -Wshift-overflow=2 -Walloc-zero -Wduplicated-branches -Wformat-overflow=2 -Wformat-truncation=1 -Wrestrict -Warith-conversion -Wdouble-promotion -Wenum-conversion -Wunused-const-variable -DHAVE_IOCTLSOCKET_CAMEL_FIONBIO  -DHAVE_INTTYPES_H -DHAVE_SYS_WAIT_H -DHAVE_SYS_IOCTL_H -DHAVE_SYS_PARAM_H -DHAVE_SYS_POLL_H -DHAVE_SYS_RESOURCE_H -DHAVE_SYS_SELECT_H -DHAVE_SYS_SOCKET_H -DHAVE_SYS_STAT_H -DHAVE_SYS_TIME_H -DHAVE_SYS_TYPES_H -DHAVE_SYS_UN_H -DHAVE_SYS_XATTR_H -DHAVE_ARPA_INET_H -DHAVE_FCNTL_H -DHAVE_IFADDRS_H -DHAVE_LIBGEN_H -DHAVE_LOCALE_H -DHAVE_NET_IF_H -DHAVE_NETDB_H -DHAVE_NETINET_IN_H -DHAVE_NETINET_TCP_H -DHAVE_NETINET_UDP_H -DHAVE_POLL_H -DHAVE_PWD_H -DHAVE_STDATOMIC_H -DHAVE_STDBOOL_H -DHAVE_STDINT_H -DHAVE_STRINGS_H -DHAVE_TERMIO_H -DHAVE_TERMIOS_H -DHAVE_UNISTD_H -DHAVE_UTIME_H -o CMakeFiles/cmTC_37090.dir/CurlTests.c.o -c /workspace/build/_deps/curl-src/CMake/CurlTests.c
/workspace/build/_deps/curl-src/CMake/CurlTests.c:247:1: warning: function declaration isn’t a prototype [-Wstrict-prototypes]
  247 | main ()
      | ^~~~
/workspace/build/_deps/curl-src/CMake/CurlTests.c: In function ‘main’:
/workspace/build/_deps/curl-src/CMake/CurlTests.c:252:17: warning: implicit declaration of function ‘IoctlSocket’ [-Wimplicit-function-declaration]
  252 |         if(0 != IoctlSocket(0, FIONBIO, &flags))
      |                 ^~~~~~~~~~~
/workspace/build/_deps/curl-src/CMake/CurlTests.c:252:17: warning: nested extern declaration of ‘IoctlSocket’ [-Wnested-externs]
/workspace/build/_deps/curl-src/CMake/CurlTests.c:252:32: error: ‘FIONBIO’ undeclared (first use in this function)
  252 |         if(0 != IoctlSocket(0, FIONBIO, &flags))
      |                                ^~~~~~~
/workspace/build/_deps/curl-src/CMake/CurlTests.c:252:32: note: each undeclared identifier is reported only once for each function it appears in
gmake[1]: *** [CMakeFiles/cmTC_37090.dir/build.make:78: CMakeFiles/cmTC_37090.dir/CurlTests.c.o] Error 1
gmake[1]: Leaving directory '/workspace/build/CMakeFiles/CMakeTmp'
gmake: *** [Makefile:127: cmTC_37090/fast] Error 2


Performing Curl Test HAVE_IOCTLSOCKET_FIONBIO failed with the following output:
Change Dir: /workspace/build/CMakeFiles/CMakeTmp

Run Build Command(s):/usr/bin/gmake -f Makefile cmTC_c88eb/fast && /usr/bin/gmake  -f CMakeFiles/cmTC_c88eb.dir/build.make CMakeFiles/cmTC_c88eb.dir/build
gmake[1]: Entering directory '/workspace/build/CMakeFiles/CMakeTmp'
Building C object CMakeFiles/cmTC_c88eb.dir/CurlTests.c.o
/usr/bin/cc   -W -Wall -pedantic -Wbad-function-cast -Wconversion -Winline -Wmissing-declarations -Wmissing-prototypes -Wnested-externs -Wno-long-long -Wno-multichar -Wpointer-arith -Wshadow -Wsign-compare -Wundef -Wunused -Wwrite-strings -Wcast-align -Wdeclaration-after-statement -Wempty-body -Wendif-labels -Wfloat-equal -Wignored-qualifiers -Wno-format-nonliteral -Wno-sign-conversion -Wno-system-headers -Wstrict-prototypes -Wtype-limits -Wvla -Wmissing-parameter-type -Wold-style-declaration -Wstrict-aliasing=3 -Wformat=2 -Warray-bounds=2 -ftree-vrp -Wduplicated-cond -Wnull-dereference -fdelete-null-pointer-checks -Wshift-negative-value -Wshift-overflow=2 -Walloc-zero -Wduplicated-branches -Wformat-overflow=2 -Wformat-truncation=1 -Wrestrict -Warith-conversion -Wdouble-promotion -Wenum-conversion -Wunused-const-variable -DHAVE_IOCTLSOCKET_FIONBIO  -DHAVE_INTTYPES_H -DHAVE_SYS_WAIT_H -DHAVE_SYS_IOCTL_H -DHAVE_SYS_PARAM_H -DHAVE_SYS_POLL_H -DHAVE_SYS_RESOURCE_H -DHAVE_SYS_SELECT_H -DHAVE_SYS_SOCKET_H -DHAVE_SYS_STAT_H -DHAVE_SYS_TIME_H -DHAVE_SYS_TYPES_H -DHAVE_SYS_UN_H -DHAVE_SYS_XATTR_H -DHAVE_ARPA_INET_H -DHAVE_FCNTL_H -DHAVE_IFADDRS_H -DHAVE_LIBGEN_H -DHAVE_LOCALE_H -DHAVE_NET_IF_H -DHAVE_NETDB_H -DHAVE_NETINET_IN_H -DHAVE_NETINET_TCP_H -DHAVE_NETINET_UDP_H -DHAVE_POLL_H -DHAVE_PWD_H -DHAVE_STDATOMIC_H -DHAVE_STDBOOL_H -DHAVE_STDINT_H -DHAVE_STRINGS_H -DHAVE_TERMIO_H -DHAVE_TERMIOS_H -DHAVE_UNISTD_H -DHAVE_UTIME_H -o CMakeFiles/cmTC_c88eb.dir/CurlTests.c.o -c /workspace/build/_deps/curl-src/CMake/CurlTests.c
/workspace/build/_deps/curl-src/CMake/CurlTests.c:271:1: warning: function declaration isn’t a prototype [-Wstrict-prototypes]
  271 | main ()
      | ^~~~
/workspace/build/_deps/curl-src/CMake/CurlTests.c: In function ‘main’:
/workspace/build/_deps/curl-src/CMake/CurlTests.c:275:17: warning: implicit declaration of function ‘ioctlsocket’ [-Wimplicit-function-declaration]
  275 |         if(0 != ioctlsocket(0, FIONBIO, &flags))
      |                 ^~~~~~~~~~~
/workspace/build/_deps/curl-src/CMake/CurlTests.c:275:17: warning: nested extern declaration of ‘ioctlsocket’ [-Wnested-externs]
/workspace/build/_deps/curl-src/CMake/CurlTests.c:275:32: error: ‘FIONBIO’ undeclared (first use in this function)
  275 |         if(0 != ioctlsocket(0, FIONBIO, &flags))
      |                                ^~~~~~~
/workspace/build/_deps/curl-src/CMake/CurlTests.c:275:32: note: each undeclared identifier is reported only once for each function it appears in
gmake[1]: *** [CMakeFiles/cmTC_c88eb.dir/build.make:78: CMakeFiles/cmTC_c88eb.dir/CurlTests.c.o] Error 1
gmake[1]: Leaving directory '/workspace/build/CMakeFiles/CMakeTmp'
gmake: *** [Makefile:127: cmTC_c88eb/fast] Error 2


Performing Curl Test HAVE_SETSOCKOPT_SO_NONBLOCK failed with the following output:
Change Dir: /workspace/build/CMakeFiles/CMakeTmp

Run Build Command(s):/usr/bin/gmake -f Makefile cmTC_7fe58/fast && /usr/bin/gmake  -f CMakeFiles/cmTC_7fe58.dir/build.make CMakeFiles/cmTC_7fe58.dir/build
gmake[1]: Entering directory '/workspace/build/CMakeFiles/CMakeTmp'
Building C object CMakeFiles/cmTC_7fe58.dir/CurlTests.c.o
/usr/bin/cc   -W -Wall -pedantic -Wbad-function-cast -Wconversion -Winline -Wmissing-declarations -Wmissing-prototypes -Wnested-externs -Wno-long-long -Wno-multichar -Wpointer-arith -Wshadow -Wsign-compare -Wundef -Wunused -Wwrite-strings -Wcast-align -Wdeclaration-after-statement -Wempty-body -Wendif-labels -Wfloat-equal -Wignored-qualifiers -Wno-format-nonliteral -Wno-sign-conversion -Wno-system-headers -Wstrict-prototypes -Wtype-limits -Wvla -Wmissing-parameter-type -Wold-style-declaration -Wstrict-aliasing=3 -Wformat=2 -Warray-bounds=2 -ftree-vrp -Wduplicated-cond -Wnull-dereference -fdelete-null-pointer-checks -Wshift-negative-value -Wshift-overflow=2 -Walloc-zero -Wduplicated-branches -Wformat-overflow=2 -Wformat-truncation=1 -Wrestrict -Warith-conversion -Wdouble-promotion -Wenum-conversion -Wunused-const-variable -DHAVE_SETSOCKOPT_SO_NONBLOCK  -DHAVE_INTTYPES_H -DHAVE_SYS_WAIT_H -DHAVE_SYS_IOCTL_H -DHAVE_SYS_PARAM_H -DHAVE_SYS_POLL_H -DHAVE_SYS_RESOURCE_H -DHAVE_SYS_SELECT_H -DHAVE_SYS_SOCKET_H -DHAVE_SYS_STAT_H -DHAVE_SYS_TIME_H -DHAVE_SYS_TYPES_H -DHAVE_SYS_UN_H -DHAVE_SYS_XATTR_H -DHAVE_ARPA_INET_H -DHAVE_FCNTL_H -DHAVE_IFADDRS_H -DHAVE_LIBGEN_H -DHAVE_LOCALE_H -DHAVE_NET_IF_H -DHAVE_NETDB_H -DHAVE_NETINET_IN_H -DHAVE_NETINET_TCP_H -DHAVE_NETINET_UDP_H -DHAVE_POLL_H -DHAVE_PWD_H -DHAVE_STDATOMIC_H -DHAVE_STDBOOL_H -DHAVE_STDINT_H -DHAVE_STRINGS_H -DHAVE_TERMIO_H -DHAVE_TERMIOS_H -DHAVE_UNISTD_H -DHAVE_UTIME_H -o CMakeFiles/cmTC_7fe58.dir/CurlTests.c.o -c /workspace/build/_deps/curl-src/CMake/CurlTests.c
/workspace/build/_deps/curl-src/CMake/CurlTests.c:365:1: warning: function declaration isn’t a prototype [-Wstrict-prototypes]
  365 | main ()
      | ^~~~
/workspace/build/_deps/curl-src/CMake/CurlTests.c: In function ‘main’:
/workspace/build/_deps/curl-src/CMake/CurlTests.c:367:43: error: ‘SO_NONBLOCK’ undeclared (first use in this function); did you mean ‘SOCK_NONBLOCK’?
  367 |         if(0 != setsockopt(0, SOL_SOCKET, SO_NONBLOCK, 0, 0))
      |                                           ^~~~~~~~~~~
      |                                           SOCK_NONBLOCK
/workspace/build/_deps/curl-src/CMake/CurlTests.c:367:43: note: each undeclared identifier is reported only once for each function it appears in
gmake[1]: *** [CMakeFiles/cmTC_7fe58.dir/build.make:78: CMakeFiles/cmTC_7fe58.dir/CurlTests.c.o] Error 1
gmake[1]: Leaving directory '/workspace/build/CMakeFiles/CMakeTmp'
gmake: *** [Makefile:127: cmTC_7fe58/fast] Error 2


Performing Curl Test HAVE_O_NONBLOCK failed with the following output:
Change Dir: /workspace/build/CMakeFiles/CMakeTmp

Run Build Command(s):/usr/bin/gmake -f Makefile cmTC_0c2f9/fast && /usr/bin/gmake  -f CMakeFiles/cmTC_0c2f9.dir/build.make CMakeFiles/cmTC_0c2f9.dir/build
gmake[1]: Entering directory '/workspace/build/CMakeFiles/CMakeTmp'
Building C object CMakeFiles/cmTC_0c2f9.dir/CurlTests.c.o
/usr/bin/cc   -W -Wall -pedantic -Wbad-function-cast -Wconversion -Winline -Wmissing-declarations -Wmissing-prototypes -Wnested-externs -Wno-long-long -Wno-multichar -Wpointer-arith -Wshadow -Wsign-compare -Wundef -Wunused -Wwrite-strings -Wcast-align -Wdeclaration-after-statement -Wempty-body -Wendif-labels -Wfloat-equal -Wignored-qualifiers -Wno-format-nonliteral -Wno-sign-conversion -Wno-system-headers -Wstrict-prototypes -Wtype-limits -Wvla -Wmissing-parameter-type -Wold-style-declaration -Wstrict-aliasing=3 -Wformat=2 -Warray-bounds=2 -ftree-vrp -Wduplicated-cond -Wnull-dereference -fdelete-null-pointer-checks -Wshift-negative-value -Wshift-overflow=2 -Walloc-zero -Wduplicated-branches -Wformat-overflow=2 -Wformat-truncation=1 -Wrestrict -Warith-conversion -Wdouble-promotion -Wenum-conversion -Wunused-const-variable -DHAVE_O_NONBLOCK  -DHAVE_INTTYPES_H -DHAVE_SYS_WAIT_H -DHAVE_SYS_IOCTL_H -DHAVE_SYS_PARAM_H -DHAVE_SYS_POLL_H -DHAVE_SYS_RESOURCE_H -DHAVE_SYS_SELECT_H -DHAVE_SYS_SOCKET_H -DHAVE_SYS_STAT_H -DHAVE_SYS_TIME_H -DHAVE_SYS_TYPES_H -DHAVE_SYS_UN_H -DHAVE_SYS_XATTR_H -DHAVE_ARPA_INET_H -DHAVE_FCNTL_H -DHAVE_IFADDRS_H -DHAVE_LIBGEN_H -DHAVE_LOCALE_H -DHAVE_NET_IF_H -DHAVE_NETDB_H -DHAVE_NETINET_IN_H -DHAVE_NETINET_TCP_H -DHAVE_NETINET_UDP_H -DHAVE_POLL_H -DHAVE_PWD_H -DHAVE_STDATOMIC_H -DHAVE_STDBOOL_H -DHAVE_STDINT_H -DHAVE_STRINGS_H -DHAVE_TERMIO_H -DHAVE_TERMIOS_H -DHAVE_UNISTD_H -DHAVE_UTIME_H -o CMakeFiles/cmTC_0c2f9.dir/CurlTests.c.o -c /workspace/build/_deps/curl-src/CMake/CurlTests.c
/workspace/build/_deps/curl-src/CMake/CurlTests.c:516: warning: ISO C forbids an empty translation unit [-Wpedantic]
Linking C executable cmTC_0c2f9
/usr/bin/cmake -E cmake_link_script CMakeFiles/cmTC_0c2f9.dir/link.txt --verbose=1
/usr/bin/cc   -W -Wall -pedantic -Wbad-function-cast -Wconversion -Winline -Wmissing-declarations -Wmissing-prototypes -Wnested-externs -Wno-long-long -Wno-multichar -Wpointer-arith -Wshadow -Wsign-compare -Wundef -Wunused -Wwrite-strings -Wcast-align -Wdeclaration-after-statement -Wempty-body -Wendif-labels -Wfloat-equal -Wignored-qualifiers -Wno-format-nonliteral -Wno-sign-conversion -Wno-system-headers -Wstrict-prototypes -Wtype-limits -Wvla -Wmissing-parameter-type -Wold-style-declaration -Wstrict-aliasing=3 -Wformat=2 -Warray-bounds=2 -ftree-vrp -Wduplicated-cond -Wnull-dereference -fdelete-null-pointer-checks -Wshift-negative-value -Wshift-overflow=2 -Walloc-zero -Wduplicated-branches -Wformat-overflow=2 -Wformat-truncation=1 -Wrestrict -Warith-conversion -Wdouble-promotion -Wenum-conversion -Wunused-const-variable -DHAVE_O_NONBLOCK  -DHAVE_INTTYPES_H -DHAVE_SYS_WAIT_H -DHAVE_SYS_IOCTL_H -DHAVE_SYS_PARAM_H -DHAVE_SYS_POLL_H -DHAVE_SYS_RESOURCE_H -DHAVE_SYS_SELECT_H -DHAVE_SYS_SOCKET_H -DHAVE_SYS_STAT_H -DHAVE_SYS_TIME_H -DHAVE_SYS_TYPES_H -DHAVE_SYS_UN_H -DHAVE_SYS_XATTR_H -DHAVE_ARPA_INET_H -DHAVE_FCNTL_H -DHAVE_IFADDRS_H -DHAVE_LIBGEN_H -DHAVE_LOCALE_H -DHAVE_NET_IF_H -DHAVE_NETDB_H -DHAVE_NETINET_IN_H -DHAVE_NETINET_TCP_H -DHAVE_NETINET_UDP_H -DHAVE_POLL_H -DHAVE_PWD_H -DHAVE_STDATOMIC_H -DHAVE_STDBOOL_H -DHAVE_STDINT_H -DHAVE_STRINGS_H -DHAVE_TERMIO_H -DHAVE_TERMIOS_H -DHAVE_UNISTD_H -DHAVE_UTIME_H CMakeFiles/cmTC_0c2f9.dir/CurlTests.c.o -o cmTC_0c2f9 
/usr/bin/ld: /usr/lib/gcc/x86_64-linux-gnu/12/../../../x86_64-linux-gnu/Scrt1.o: in function `_start':
(.text+0x17): undefined reference to `main'
collect2: error: ld returned 1 exit status
gmake[1]: *** [CMakeFiles/cmTC_0c2f9.dir/build.make:99: cmTC_0c2f9] Error 1
gmake[1]: Leaving directory '/workspace/build/CMakeFiles/CMakeTmp'
gmake: *** [Makefile:127: cmTC_0c2f9/fast] Error 2


Performing Curl Test HAVE_GETHOSTBYNAME_R_3 failed with the following output:
Change Dir: /workspace/build/CMakeFiles/CMakeTmp

Run Build Command(s):/usr/bin/gmake -f Makefile cmTC_b73f7/fast && /usr/bin/gmake  -f CMakeFiles/cmTC_b73f7.dir/build.make CMakeFiles/cmTC_b73f7.dir/build
gmake[1]: Entering directory '/workspace/build/CMakeFiles/CMakeTmp'
Building C object CMakeFiles/cmTC_b73f7.dir/CurlTests.c.o
/usr/bin/cc   -W -Wall -pedantic -Wbad-function-cast -Wconversion -Winline -Wmissing-declarations -Wmissing-prototypes -Wnested-externs -Wno-long-long -Wno-multichar -Wpointer-arith -Wshadow -Wsign-compare -Wundef -Wunused -Wwrite-strings -Wcast-align -Wdeclaration-after-statement -Wempty-body -Wendif-labels -Wfloat-equal -Wignored-qualifiers -Wno-format-nonliteral -Wno-sign-conversion -Wno-system-headers -Wstrict-prototypes -Wtype-limits -Wvla -Wmissing-parameter-type -Wold-style-declaration -Wstrict-aliasing=3 -Wformat=2 -Warray-bounds=2 -ftree-vrp -Wduplicated-cond -Wnull-dereference -fdelete-null-pointer-checks -Wshift-negative-value -Wshift-overflow=2 -Walloc-zero -Wduplicated-branches -Wformat-overflow=2 -Wformat-truncation=1 -Wrestrict -Warith-conversion -Wdouble-promotion -Wenum-conversion -Wunused-const-variable -DHAVE_GETHOSTBYNAME_R_3  -DHAVE_INTTYPES_H -DHAVE_SYS_WAIT_H -DHAVE_SYS_IOCTL_H -DHAVE_SYS_PARAM_H -DHAVE_SYS_POLL_H -DHAVE_SYS_RESOURCE_H -DHAVE_SYS_SELECT_H -DHAVE_SYS_SOCKET_H -DHAVE_SYS_STAT_H -DHAVE_SYS_TIME_H -DHAVE_SYS_TYPES_H -DHAVE_SYS_UN_H -DHAVE_SYS_XATTR_H -DHAVE_ARPA_INET_H -DHAVE_FCNTL_H -DHAVE_IFADDRS_H -DHAVE_LIBGEN_H -DHAVE_LOCALE_H -DHAVE_NET_IF_H -DHAVE_NETDB_H -DHAVE_NETINET_IN_H -DHAVE_NETINET_TCP_H -DHAVE_NETINET_UDP_H -DHAVE_POLL_H -DHAVE_PWD_H -DHAVE_STDATOMIC_H -DHAVE_STDBOOL_H -DHAVE_STDINT_H -DHAVE_STRINGS_H -DHAVE_TERMIO_H -DHAVE_TERMIOS_H -DHAVE_UNISTD_H -DHAVE_UTIME_H -o CMakeFiles/cmTC_b73f7.dir/CurlTests.c.o -c /workspace/build/_deps/curl-src/CMake/CurlTests.c
/workspace/build/_deps/curl-src/CMake/CurlTests.c: In function ‘main’:
/workspace/build/_deps/curl-src/CMake/CurlTests.c:75:19: warning: initialization discards ‘const’ qualifier from pointer target type [-Wdiscarded-qualifiers]
   75 |   char *address = "example.com";
      |                   ^~~~~~~~~~~~~
/workspace/build/_deps/curl-src/CMake/CurlTests.c:82:23: error: storage size of ‘hdata’ isn’t known
   82 |   struct hostent_data hdata;
      |                       ^~~~~
/workspace/build/_deps/curl-src/CMake/CurlTests.c:94:8: error: too few arguments to function ‘gethostbyname_r’
   94 |   rc = gethostbyname_r(address, &h, &hdata);
      |        ^~~~~~~~~~~~~~~
In file included from /workspace/build/_deps/curl-src/CMake/CurlTests.c:72:
/usr/include/netdb.h:177:12: note: declared here
  177 | extern int gethostbyname_r (const char *__restrict __name,
      |            ^~~~~~~~~~~~~~~
/workspace/build/_deps/curl-src/CMake/CurlTests.c:82:23: warning: unused variable ‘hdata’ [-Wunused-variable]
   82 |   struct hostent_data hdata;
      |                       ^~~~~
gmake[1]: *** [CMakeFiles/cmTC_b73f7.dir/build.make:78: CMakeFiles/cmTC_b73f7.dir/CurlTests.c.o] Error 1
gmake[1]: Leaving directory '/workspace/build/CMakeFiles/CMakeTmp'
gmake: *** [Makefile:127: cmTC_b73f7/fast] Error 2


Performing Curl Test HAVE_GETHOSTBYNAME_R_5 failed with the following output:
Change Dir: /workspace/build/CMakeFiles/CMakeTmp

Run Build Command(s):/usr/bin/gmake -f Makefile cmTC_bec08/fast && /usr/bin/gmake  -f CMakeFiles/cmTC_bec08.dir/build.make CMakeFiles/cmTC_bec08.dir/build
gmake[1]: Entering directory '/workspace/build/CMakeFiles/CMakeTmp'
Building C object CMakeFiles/cmTC_bec08.dir/CurlTests.c.o
/usr/bin/cc   -W -Wall -pedantic -Wbad-function-cast -Wconversion -Winline -Wmissing-declarations -Wmissing-prototypes -Wnested-externs -Wno-long-long -Wno-multichar -Wpointer-arith -Wshadow -Wsign-compare -Wundef -Wunused -Wwrite-strings -Wcast-align -Wdeclaration-after-statement -Wempty-body -Wendif-labels -Wfloat-equal -Wignored-qualifiers -Wno-format-nonliteral -Wno-sign-conversion -Wno-system-headers -Wstrict-prototypes -Wtype-limits -Wvla -Wmissing-parameter-type -Wold-style-declaration -Wstrict-aliasing=3 -Wformat=2 -Warray-bounds=2 -ftree-vrp -Wduplicated-cond -Wnull-dereference -fdelete-null-pointer-checks -Wshift-negative-value -Wshift-overflow=2 -Walloc-zero -Wduplicated-branches -Wformat-overflow=2 -Wformat-truncation=1 -Wrestrict -Warith-conversion -Wdouble-promotion -Wenum-conversion -Wunused-const-variable -DHAVE_GETHOSTBYNAME_R_5  -DHAVE_INTTYPES_H -DHAVE_SYS_WAIT_H -DHAVE_SYS_IOCTL_H -DHAVE_SYS_PARAM_H -DHAVE_SYS_POLL_H -DHAVE_SYS_RESOURCE_H -DHAVE_SYS_SELECT_H -DHAVE_SYS_SOCKET_H -DHAVE_SYS_STAT_H -DHAVE_SYS_TIME_H -DHAVE_SYS_TYPES_H -DHAVE_SYS_UN_H -DHAVE_SYS_XATTR_H -DHAVE_ARPA_INET_H -DHAVE_FCNTL_H -DHAVE_IFADDRS_H -DHAVE_LIBGEN_H -DHAVE_LOCALE_H -DHAVE_NET_IF_H -DHAVE_NETDB_H -DHAVE_NETINET_IN_H -DHAVE_NETINET_TCP_H -DHAVE_NETINET_UDP_H -DHAVE_POLL_H -DHAVE_PWD_H -DHAVE_STDATOMIC_H -DHAVE_STDBOOL_H -DHAVE_STDINT_H -DHAVE_STRINGS_H -DHAVE_TERMIO_H -DHAVE_TERMIOS_H -DHAVE_UNISTD_H -DHAVE_UTIME_H -o CMakeFiles/cmTC_bec08.dir/CurlTests.c.o -c /workspace/build/_deps/curl-src/CMake/CurlTests.c
/workspace/build/_deps/curl-src/CMake/CurlTests.c: In function ‘main’:
/workspace/build/_deps/curl-src/CMake/CurlTests.c:75:19: warning: initialization discards ‘const’ qualifier from pointer target type [-Wdiscarded-qualifiers]
   75 |   char *address = "example.com";
      |                   ^~~~~~~~~~~~~
/workspace/build/_deps/curl-src/CMake/CurlTests.c:97:51: warning: passing argument 5 of ‘gethostbyname_r’ from incompatible pointer type [-Wincompatible-pointer-types]
   97 |   rc = gethostbyname_r(address, &h, buffer, 8192, &h_errnop);
      |                                                   ^~~~~~~~~
      |                                                   |
      |                                                   int *
In file included from /workspace/build/_deps/curl-src/CMake/CurlTests.c:72:
/usr/include/netdb.h:180:57: note: expected ‘struct hostent ** restrict’ but argument is of type ‘int *’
  180 |                             struct hostent **__restrict __result,
      |                             ~~~~~~~~~~~~~~~~~~~~~~~~~~~~^~~~~~~~
/workspace/build/_deps/curl-src/CMake/CurlTests.c:97:8: error: too few arguments to function ‘gethostbyname_r’
   97 |   rc = gethostbyname_r(address, &h, buffer, 8192, &h_errnop);
      |        ^~~~~~~~~~~~~~~
/usr/include/netdb.h:177:12: note: declared here
  177 | extern int gethostbyname_r (const char *__restrict __name,
      |            ^~~~~~~~~~~~~~~
gmake[1]: *** [CMakeFiles/cmTC_bec08.dir/build.make:78: CMakeFiles/cmTC_bec08.dir/CurlTests.c.o] Error 1
gmake[1]: Leaving directory '/workspace/build/CMakeFiles/CMakeTmp'
gmake: *** [Makefile:127: cmTC_bec08/fast] Error 2


Performing Curl Test HAVE_GETHOSTBYNAME_R_3_REENTRANT failed with the following output:
Change Dir: /workspace/build/CMakeFiles/CMakeTmp

Run Build Command(s):/usr/bin/gmake -f Makefile cmTC_8b933/fast && /usr/bin/gmake  -f CMakeFiles/cmTC_8b933.dir/build.make CMakeFiles/cmTC_8b933.dir/build
gmake[1]: Entering directory '/workspace/build/CMakeFiles/CMakeTmp'
Building C object CMakeFiles/cmTC_8b933.dir/CurlTests.c.o
/usr/bin/cc   -W -Wall -pedantic -Wbad-function-cast -Wconversion -Winline -Wmissing-declarations -Wmissing-prototypes -Wnested-externs -Wno-long-long -Wno-multichar -Wpointer-arith -Wshadow -Wsign-compare -Wundef -Wunused -Wwrite-strings -Wcast-align -Wdeclaration-after-statement -Wempty-body -Wendif-labels -Wfloat-equal -Wignored-qualifiers -Wno-format-nonliteral -Wno-sign-conversion -Wno-system-headers -Wstrict-prototypes -Wtype-limits -Wvla -Wmissing-parameter-type -Wold-style-declaration -Wstrict-aliasing=3 -Wformat=2 -Warray-bounds=2 -ftree-vrp -Wduplicated-cond -Wnull-dereference -fdelete-null-pointer-checks -Wshift-negative-value -Wshift-overflow=2 -Walloc-zero -Wduplicated-branches -Wformat-overflow=2 -Wformat-truncation=1 -Wrestrict -Warith-conversion -Wdouble-promotion -Wenum-conversion -Wunused-const-variable -DHAVE_GETHOSTBYNAME_R_3_REENTRANT  -DHAVE_INTTYPES_H -DHAVE_SYS_WAIT_H -DHAVE_SYS_IOCTL_H -DHAVE_SYS_PARAM_H -DHAVE_SYS_POLL_H -DHAVE_SYS_RESOURCE_H -DHAVE_SYS_SELECT_H -DHAVE_SYS_SOCKET_H -DHAVE_SYS_STAT_H -DHAVE_SYS_TIME_H -DHAVE_SYS_TYPES_H -DHAVE_SYS_UN_H -DHAVE_SYS_XATTR_H -DHAVE_ARPA_INET_H -DHAVE_FCNTL_H -DHAVE_IFADDRS_H -DHAVE_LIBGEN_H -DHAVE_LOCALE_H -DHAVE_NET_IF_H -DHAVE_NETDB_H -DHAVE_NETINET_IN_H -DHAVE_NETINET_TCP_H -DHAVE_NETINET_UDP_H -DHAVE_POLL_H -DHAVE_PWD_H -DHAVE_STDATOMIC_H -DHAVE_STDBOOL_H -DHAVE_STDINT_H -DHAVE_STRINGS_H -DHAVE_TERMIO_H -DHAVE_TERMIOS_H -DHAVE_UNISTD_H -DHAVE_UTIME_H -o CMakeFiles/cmTC_8b933.dir/CurlTests.c.o -c /workspace/build/_deps/curl-src/CMake/CurlTests.c
/workspace/build/_deps/curl-src/CMake/CurlTests.c: In function ‘main’:
/workspace/build/_deps/curl-src/CMake/CurlTests.c:75:19: warning: initialization discards ‘const’ qualifier from pointer target type [-Wdiscarded-qualifiers]
   75 |   char *address = "example.com";
      |                   ^~~~~~~~~~~~~
/workspace/build/_deps/curl-src/CMake/CurlTests.c:82:23: error: storage size of ‘hdata’ isn’t known
   82 |   struct hostent_data hdata;
      |                       ^~~~~
/workspace/build/_deps/curl-src/CMake/CurlTests.c:94:8: error: too few arguments to function ‘gethostbyname_r’
   94 |   rc = gethostbyname_r(address, &h, &hdata);
      |        ^~~~~~~~~~~~~~~
In file included from /workspace/build/_deps/curl-src/CMake/CurlTests.c:72:
/usr/include/netdb.h:177:12: note: declared here
  177 | extern int gethostbyname_r (const char *__restrict __name,
      |            ^~~~~~~~~~~~~~~
/workspace/build/_deps/curl-src/CMake/CurlTests.c:82:23: warning: unused variable ‘hdata’ [-Wunused-variable]
   82 |   struct hostent_data hdata;
      |                       ^~~~~
gmake[1]: *** [CMakeFiles/cmTC_8b933.dir/build.make:78: CMakeFiles/cmTC_8b933.dir/CurlTests.c.o] Error 1
gmake[1]: Leaving directory '/workspace/build/CMakeFiles/CMakeTmp'
gmake: *** [Makefile:127: cmTC_8b933/fast] Error 2


Performing Curl Test HAVE_GETHOSTBYNAME_R_5_REENTRANT failed with the following output:
Change Dir: /workspace/build/CMakeFiles/CMakeTmp

Run Build Command(s):/usr/bin/gmake -f Makefile cmTC_0ee0f/fast && /usr/bin/gmake  -f CMakeFiles/cmTC_0ee0f.dir/build.make CMakeFiles/cmTC_0ee0f.dir/build
gmake[1]: Entering directory '/workspace/build/CMakeFiles/CMakeTmp'
Building C object CMakeFiles/cmTC_0ee0f.dir/CurlTests.c.o
/usr/bin/cc   -W -Wall -pedantic -Wbad-function-cast -Wconversion -Winline -Wmissing-declarations -Wmissing-prototypes -Wnested-externs -Wno-long-long -Wno-multichar -Wpointer-arith -Wshadow -Wsign-compare -Wundef -Wunused -Wwrite-strings -Wcast-align -Wdeclaration-after-statement -Wempty-body -Wendif-labels -Wfloat-equal -Wignored-qualifiers -Wno-format-nonliteral -Wno-sign-conversion -Wno-system-headers -Wstrict-prototypes -Wtype-limits -Wvla -Wmissing-parameter-type -Wold-style-declaration -Wstrict-aliasing=3 -Wformat=2 -Warray-bounds=2 -ftree-vrp -Wduplicated-cond -Wnull-dereference -fdelete-null-pointer-checks -Wshift-negative-value -Wshift-overflow=2 -Walloc-zero -Wduplicated-branches -Wformat-overflow=2 -Wformat-truncation=1 -Wrestrict -Warith-conversion -Wdouble-promotion -Wenum-conversion -Wunused-const-variable -DHAVE_GETHOSTBYNAME_R_5_REENTRANT  -DHAVE_INTTYPES_H -DHAVE_SYS_WAIT_H -DHAVE_SYS_IOCTL_H -DHAVE_SYS_PARAM_H -DHAVE_SYS_POLL_H -DHAVE_SYS_RESOURCE_H -DHAVE_SYS_SELECT_H -DHAVE_SYS_SOCKET_H -DHAVE_SYS_STAT_H -DHAVE_SYS_TIME_H -DHAVE_SYS_TYPES_H -DHAVE_SYS_UN_H -DHAVE_SYS_XATTR_H -DHAVE_ARPA_INET_H -DHAVE_FCNTL_H -DHAVE_IFADDRS_H -DHAVE_LIBGEN_H -DHAVE_LOCALE_H -DHAVE_NET_IF_H -DHAVE_NETDB_H -DHAVE_NETINET_IN_H -DHAVE_NETINET_TCP_H -DHAVE_NETINET_UDP_H -DHAVE_POLL_H -DHAVE_PWD_H -DHAVE_STDATOMIC_H -DHAVE_STDBOOL_H -DHAVE_STDINT_H -DHAVE_STRINGS_H -DHAVE_TERMIO_H -DHAVE_TERMIOS_H -DHAVE_UNISTD_H -DHAVE_UTIME_H -o CMakeFiles/cmTC_0ee0f.dir/CurlTests.c.o -c /workspace/build/_deps/curl-src/CMake/CurlTests.c
/workspace/build/_deps/curl-src/CMake/CurlTests.c: In function ‘main’:
/workspace/build/_deps/curl-src/CMake/CurlTests.c:75:19: warning: initialization discards ‘const’ qualifier from pointer target type [-Wdiscarded-qualifiers]
   75 |   char *address = "example.com";
      |                   ^~~~~~~~~~~~~
/workspace/build/_deps/curl-src/CMake/CurlTests.c:97:51: warning: passing argument 5 of ‘gethostbyname_r’ from incompatible pointer type [-Wincompatible-pointer-types]
   97 |   rc = gethostbyname_r(address, &h, buffer, 8192, &h_errnop);
      |                                                   ^~~~~~~~~
      |                                                   |
      |                                                   int *
In file included from /workspace/build/_deps/curl-src/CMake/CurlTests.c:72:
/usr/include/netdb.h:180:57: note: expected ‘struct hostent ** restrict’ but argument is of type ‘int *’
  180 |                             struct hostent **__restrict __result,
      |                             ~~~~~~~~~~~~~~~~~~~~~~~~~~~~^~~~~~~~
/workspace/build/_deps/curl-src/CMake/CurlTests.c:97:8: error: too few arguments to function ‘gethostbyname_r’
   97 |   rc = gethostbyname_r(address, &h, buffer, 8192, &h_errnop);
      |        ^~~~~~~~~~~~~~~
/usr/include/netdb.h:177:12: note: declared here
  177 | extern int gethostbyname_r (const char *__restrict __name,
      |            ^~~~~~~~~~~~~~~
gmake[1]: *** [CMakeFiles/cmTC_0ee0f.dir/build.make:78: CMakeFiles/cmTC_0ee0f.dir/CurlTests.c.o] Error 1
gmake[1]: Leaving directory '/workspace/build/CMakeFiles/CMakeTmp'
gmake: *** [Makefile:127: cmTC_0ee0f/fast] Error 2


Performing Curl Test HAVE_GLIBC_STRERROR_R failed with the following output:
Change Dir: /workspace/build/CMakeFiles/CMakeTmp

Run Build Command(s):/usr/bin/gmake -f Makefile cmTC_f3e26/fast && /usr/bin/gmake  -f CMakeFiles/cmTC_f3e26.dir/build.make CMakeFiles/cmTC_f3e26.dir/build
gmake[1]: Entering directory '/workspace/build/CMakeFiles/CMakeTmp'
Building C object CMakeFiles/cmTC_f3e26.dir/CurlTests.c.o
/usr/bin/cc   -W -Wall -pedantic -Wbad-function-cast -Wconversion -Winline -Wmissing-declarations -Wmissing-prototypes -Wnested-externs -Wno-long-long -Wno-multichar -Wpointer-arith -Wshadow -Wsign-compare -Wundef -Wunused -Wwrite-strings -Wcast-align -Wdeclaration-after-statement -Wempty-body -Wendif-labels -Wfloat-equal -Wignored-qualifiers -Wno-format-nonliteral -Wno-sign-conversion -Wno-system-headers -Wstrict-prototypes -Wtype-limits -Wvla -Wmissing-parameter-type -Wold-style-declaration -Wstrict-aliasing=3 -Wformat=2 -Warray-bounds=2 -ftree-vrp -Wduplicated-cond -Wnull-dereference -fdelete-null-pointer-checks -Wshift-negative-value -Wshift-overflow=2 -Walloc-zero -Wduplicated-branches -Wformat-overflow=2 -Wformat-truncation=1 -Wrestrict -Warith-conversion -Wdouble-promotion -Wenum-conversion -Wunused-const-variable -DHAVE_GLIBC_STRERROR_R  -DHAVE_INTTYPES_H -DHAVE_SYS_WAIT_H -DHAVE_SYS_IOCTL_H -DHAVE_SYS_PARAM_H -DHAVE_SYS_POLL_H -DHAVE_SYS_RESOURCE_H -DHAVE_SYS_SELECT_H -DHAVE_SYS_SOCKET_H -DHAVE_SYS_STAT_H -DHAVE_SYS_TIME_H -DHAVE_SYS_TYPES_H -DHAVE_SYS_UN_H -DHAVE_SYS_XATTR_H -DHAVE_ARPA_INET_H -DHAVE_FCNTL_H -DHAVE_IFADDRS_H -DHAVE_LIBGEN_H -DHAVE_LOCALE_H -DHAVE_NET_IF_H -DHAVE_NETDB_H -DHAVE_NETINET_IN_H -DHAVE_NETINET_TCP_H -DHAVE_NETINET_UDP_H -DHAVE_POLL_H -DHAVE_PWD_H -DHAVE_STDATOMIC_H -DHAVE_STDBOOL_H -DHAVE_STDINT_H -DHAVE_STRINGS_H -DHAVE_TERMIO_H -DHAVE_TERMIOS_H -DHAVE_UNISTD_H -DHAVE_UTIME_H -o CMakeFiles/cmTC_f3e26.dir/CurlTests.c.o -c /workspace/build/_deps/curl-src/CMake/CurlTests.c
/workspace/build/_deps/curl-src/CMake/CurlTests.c:377:6: warning: no previous prototype for ‘check’ [-Wmissing-prototypes]
  377 | void check(char c) {}
      |      ^~~~~
/workspace/build/_deps/curl-src/CMake/CurlTests.c: In function ‘check’:
/workspace/build/_deps/curl-src/CMake/CurlTests.c:377:17: warning: unused parameter ‘c’ [-Wunused-parameter]
  377 | void check(char c) {}
      |            ~~~~~^
/workspace/build/_deps/curl-src/CMake/CurlTests.c: At top level:
/workspace/build/_deps/curl-src/CMake/CurlTests.c:380:1: warning: function declaration isn’t a prototype [-Wstrict-prototypes]
  380 | main () {
      | ^~~~
/workspace/build/_deps/curl-src/CMake/CurlTests.c: In function ‘main’:
/workspace/build/_deps/curl-src/CMake/CurlTests.c:383:51: error: subscripted value is neither array nor pointer nor vector
  383 |   check(strerror_r(EACCES, buffer, sizeof(buffer))[0]);
      |                                                   ^
gmake[1]: *** [CMakeFiles/cmTC_f3e26.dir/build.make:78: CMakeFiles/cmTC_f3e26.dir/CurlTests.c.o] Error 1
gmake[1]: Leaving directory '/workspace/build/CMakeFiles/CMakeTmp'
gmake: *** [Makefile:127: cmTC_f3e26/fast] Error 2


Performing Curl Test HAVE_BUILTIN_AVAILABLE failed with the following output:
Change Dir: /workspace/build/CMakeFiles/CMakeTmp

Run Build Command(s):/usr/bin/gmake -f Makefile cmTC_f2375/fast && /usr/bin/gmake  -f CMakeFiles/cmTC_f2375.dir/build.make CMakeFiles/cmTC_f2375.dir/build
gmake[1]: Entering directory '/workspace/build/CMakeFiles/CMakeTmp'
Building C object CMakeFiles/cmTC_f2375.dir/CurlTests.c.o
/usr/bin/cc   -W -Wall -pedantic -Wbad-function-cast -Wconversion -Winline -Wmissing-declarations -Wmissing-prototypes -Wnested-externs -Wno-long-long -Wno-multichar -Wpointer-arith -Wshadow -Wsign-compare -Wundef -Wunused -Wwrite-strings -Wcast-align -Wdeclaration-after-statement -Wempty-body -Wendif-labels -Wfloat-equal -Wignored-qualifiers -Wno-format-nonliteral -Wno-sign-conversion -Wno-system-headers -Wstrict-prototypes -Wtype-limits -Wvla -Wmissing-parameter-type -Wold-style-declaration -Wstrict-aliasing=3 -Wformat=2 -Warray-bounds=2 -ftree-vrp -Wduplicated-cond -Wnull-dereference -fdelete-null-pointer-checks -Wshift-negative-value -Wshift-overflow=2 -Walloc-zero -Wduplicated-branches -Wformat-overflow=2 -Wformat-truncation=1 -Wrestrict -Warith-conversion -Wdouble-promotion -Wenum-conversion -Wunused-const-variable -DHAVE_BUILTIN_AVAILABLE  -DHAVE_INTTYPES_H -DHAVE_SYS_WAIT_H -DHAVE_SYS_IOCTL_H -DHAVE_SYS_PARAM_H -DHAVE_SYS_POLL_H -DHAVE_SYS_RESOURCE_H -DHAVE_SYS_SELECT_H -DHAVE_SYS_SOCKET_H -DHAVE_SYS_STAT_H -DHAVE_SYS_TIME_H -DHAVE_SYS_TYPES_H -DHAVE_SYS_UN_H -DHAVE_SYS_XATTR_H -DHAVE_ARPA_INET_H -DHAVE_FCNTL_H -DHAVE_IFADDRS_H -DHAVE_LIBGEN_H -DHAVE_LOCALE_H -DHAVE_NET_IF_H -DHAVE_NETDB_H -DHAVE_NETINET_IN_H -DHAVE_NETINET_TCP_H -DHAVE_NETINET_UDP_H -DHAVE_POLL_H -DHAVE_PWD_H -DHAVE_STDATOMIC_H -DHAVE_STDBOOL_H -DHAVE_STDINT_H -DHAVE_STRINGS_H -DHAVE_TERMIO_H -DHAVE_TERMIOS_H -DHAVE_UNISTD_H -DHAVE_UTIME_H -o CMakeFiles/cmTC_f2375.dir/CurlTests.c.o -c /workspace/build/_deps/curl-src/CMake/CurlTests.c
/workspace/build/_deps/curl-src/CMake/CurlTests.c:429:1: warning: function declaration isn’t a prototype [-Wstrict-prototypes]
  429 | main() {
      | ^~~~
/workspace/build/_deps/curl-src/CMake/CurlTests.c: In function ‘main’:
/workspace/build/_deps/curl-src/CMake/CurlTests.c:430:6: warning: implicit declaration of function ‘__builtin_available’; did you mean ‘__builtin_scalbl’? [-Wimplicit-function-declaration]
  430 |   if(__builtin_available(macOS 10.12, *)) {}
      |      ^~~~~~~~~~~~~~~~~~~
      |      __builtin_scalbl
/workspace/build/_deps/curl-src/CMake/CurlTests.c:430:6: warning: nested extern declaration of ‘__builtin_available’ [-Wnested-externs]
/workspace/build/_deps/curl-src/CMake/CurlTests.c:430:26: error: ‘macOS’ undeclared (first use in this function)
  430 |   if(__builtin_available(macOS 10.12, *)) {}
      |                          ^~~~~
/workspace/build/_deps/curl-src/CMake/CurlTests.c:430:26: note: each undeclared identifier is reported only once for each function it appears in
/workspace/build/_deps/curl-src/CMake/CurlTests.c:430:31: error: expected ‘)’ before numeric constant
  430 |   if(__builtin_available(macOS 10.12, *)) {}
      |                         ~     ^~~~~~
      |                               )
gmake[1]: *** [CMakeFiles/cmTC_f2375.dir/build.make:78: CMakeFiles/cmTC_f2375.dir/CurlTests.c.o] Error 1
gmake[1]: Leaving directory '/workspace/build/CMakeFiles/CMakeTmp'
gmake: *** [Makefile:127: cmTC_f2375/fast] Error 2


